P_W,V_mm_min,line_energy_J_mm,absorptivity_pct,interface_temp_C
106.21780831931537,357.4542081109768,17.829048741203547,15.003576921232302,519.9980111223491
146.55000144869413,389.3742637500086,22.58238642235238,24.817401057862195,664.7130404196117
131.23957592679835,541.8189572808722,14.533220829196502,20.437845737605173,469.95323749728675
121.90609389379256,336.00175442395687,21.76883167222546,19.211982125987404,654.0095330725218
90.92130483097056,547.8598739248685,9.957433550985614,10.829288752673719,279.1011428650757
90.91961642353418,235.2537723906766,23.188478254677488,13.048422606172146,648.3683130012707
84.06585285177397,510.7193748834523,9.876169613219554,8.963718363252204,308.09465597401424
140.63233020424548,539.0190532218945,15.654251481127394,22.43954533359609,447.62113789493105
122.07805082202461,272.7270611349355,26.857192017690856,20.796696553815277,799.9034763764819
129.5650804457232,372.13861294888017,20.88980975433279,21.749202049172663,619.9590850987403
81.44091460070617,266.19990986546225,18.356335576942868,10.641942439453977,551.1734628596906
147.8936896513396,482.6416515976871,18.385527543480876,25.154062727053788,534.551859865796
138.27098485602951,414.13910722466267,20.032542077368237,23.01503164425391,629.8328415752806
94.86373774747933,454.1293386833284,12.53348722491977,12.356667081024213,440.96360379755856
92.72774770449705,278.59478678248445,19.97045575233146,12.969959443709723,587.6874408110411
92.83831568974037,284.6983448209678,19.565617583366347,13.112315529653555,588.9347903327172
101.29695700716763,216.59893020396254,28.06023748458416,15.666703478494096,822.7137380318992
116.73295021425665,328.8270140782919,21.299883260770635,18.362519304093116,625.4524481164859
110.2361513049481,423.89786453346994,15.60321396187323,15.793687310747424,453.7992295649278
100.38603981386294,543.1739655989315,11.088827466519549,12.87677738597596,321.7846809371084
122.82970263056657,466.7709789834723,15.788861111039528,19.505305577145958,452.94958698052926
89.76457024564293,374.15852935990057,14.394631665760958,12.136212772577588,444.5568792670091
100.45012539746527,581.2480457576551,10.36908006459055,11.687991629536866,312.84933300144627
105.64532903055841,487.6980802303327,12.997221024203785,15.079960354975192,345.5873044874696
111.92489889519251,572.06608114502,11.73901784260682,15.061952948686134,370.66629398877967
134.96231729751094,411.0351893088663,19.70084131109692,22.635603067570216,584.911631883576
93.97716475108518,303.5617099172558,18.574904873879106,12.768540054597388,580.945979551115
115.9964106889528,221.13067454588878,31.4736282319479,19.449537462455613,924.2214980893189
121.46901982034296,490.43394059354017,14.860597087551112,18.459396000639902,419.98279826436107
83.25152889039984,248.52119920221367,20.09925812952337,10.336420702398526,552.2878691227414
122.5281396331007,321.11005130878686,22.894606842800098,20.38997100902635,661.1046215260783
91.93668865811041,412.98836315355896,13.356796005982302,12.4086375655165,394.7632213561435
84.55361150896957,425.76663511189906,11.91548672949641,9.717582947132584,385.5950897340616
146.42198760773334,440.2332787948544,19.956054391239917,25.571192513763,592.6767119257927
147.59424231521916,266.50213213988025,33.229207090414725,26.64702656156565,988.8043836718448
136.5878143681523,351.89496192865954,23.28896332352318,23.69169234379398,660.0877649690294
101.32296384213595,446.87769084678666,13.60412022137057,12.630122094588524,433.52607456216987
86.83704798044687,587.927545853514,8.862015252683829,10.117502970082095,295.2799204048035
127.89631185585098,491.0524550798755,15.627207708599743,20.625470572001852,430.7507248939912
110.81067456177209,569.0415028375832,11.68392892355339,14.831881506690694,386.6722389526692
88.54267643913451,504.8848233256708,10.522321806693043,9.088408468543728,329.42155922784104
114.6623837077889,436.6867875569602,15.754410755031053,17.255856218833106,482.5335864011641
82.40719647806529,276.8093476545378,17.86222839141488,9.89468999172029,516.672232282659
143.65242814551476,466.67426075700524,18.469297352610642,24.194574638458562,576.5474943915835
98.11459871200118,449.3518263839628,13.100816725489048,13.133852759056412,376.3495025474918
126.37655990477873,440.9876681829066,17.194570599969076,19.483520479271768,531.8356756639959
101.81977532625876,395.9143471952963,15.430576241688941,14.880419001196582,481.9977549345707
116.40476148244676,411.46264159571024,16.97428875161244,18.170014647602375,489.51557317204043
118.26971955402958,333.7770108472416,21.260251433222454,19.412485355113965,669.1991045962225
92.9398118867869,407.72507705692124,13.67683526718351,12.034148931437173,420.8962976611205
147.8709239435191,279.02236227139133,31.797650067852047,25.989559311728993,938.9492612707694
134.25929763527802,522.0697589441506,15.430041139345976,21.652676883982963,435.0281410034811
145.76492590949323,274.3107818794831,31.883163668032754,26.086546556201803,970.6308798189713
142.63791452993541,233.98651595578656,36.57593189435443,25.120421566047586,1035.758309605735
121.85299851677595,374.498410542863,19.522592633726976,20.115659752817923,601.1617575919362
144.53119645161817,463.32297580242476,18.7166884441212,25.268121392950903,538.1044176141219
86.19447514363436,375.08672997341654,13.787927152167159,10.643637724571816,407.01015233652157
93.71880036934016,310.70165278052343,18.098159349453255,14.173451340914994,556.3802437054572
83.16591022373767,423.26847355617633,11.789100594948968,9.531731323400198,383.72864452909124
102.7731231534285,338.80093416488,18.200620976460446,14.877830158383231,518.0609722916388
107.20741027826374,573.1470760506533,11.223026140200254,13.735831456225862,369.0675089803016
98.99443222417271,569.0580558414288,10.43771522515004,12.88642374201558,346.0726363868699
138.01162564063506,400.9487279888382,20.652759219300044,22.785843880913596,593.6882618325201
104.97273286855125,331.15359760730337,19.019464132719325,16.0454553708774,598.4876643891046
99.66541567811666,494.85296558265566,12.084245940904982,12.620690913434263,342.34071263283784
117.9887258210774,214.68517739322667,32.9753718222374,19.696364607039225,946.4966367657835
89.86469574823339,389.9076024174605,13.828614039490061,11.94877268400208,430.1142047499248
136.1537886527828,334.5293577081334,24.420060992955865,23.126312323757954,701.3225860252495
85.21854505758395,568.2143540410218,8.99856307235403,8.484942150274476,289.976608217876
149.0820855620362,204.801210909073,43.676134013160265,28.229113334186177,1264.7476057145761
134.05713385076604,421.1259502873396,19.099815685919683,22.820557181850553,565.0329272724467
93.91009770739207,496.2654324266504,11.35401640789546,11.794414674997208,367.5898723430971
80.38654819865216,394.0071950096165,12.241382779320592,8.738276479067713,371.3297566769148
137.0822999918384,234.16121206508865,35.12510858213383,24.19205258532883,1024.0792456504444
129.4800140693332,588.9845560111609,13.190160531157932,19.426451592077687,425.50857297754584
131.0305017628691,407.2041725504392,19.30685055737813,21.563139810838532,590.410510082705
133.9889242680162,445.67449772760455,18.038580841111084,21.29037204429583,554.65000196008
85.18312562138632,294.64391308300293,17.34631977903234,11.500506292173922,496.4778352225034
105.09260099809909,393.39923404272156,16.028389265244954,15.190251706308596,492.8935548555864
88.11083416675908,371.6597967833287,14.224433462432232,10.308549489044182,414.09567515908543
140.41723981129155,229.9583368007935,36.637220923961834,24.840908807023602,1036.3447599223998
123.63086887792906,242.46414141898688,30.593604849211186,20.812288286545037,890.5763167051392
103.16286173968544,534.9890078475098,11.569904453336774,13.363064491082351,338.92730593319044
84.44908452002166,295.9279808826361,17.122223644038684,11.891543639489274,528.9716001611249
101.76876252009635,277.98330859945224,21.965799968242457,15.4870888154351,665.6642498852042
102.76283254187229,401.9645805000557,15.339087699821558,14.077078278728745,424.9601786855312
131.0724324836645,507.49885254500515,15.49628321242846,20.621301587285842,450.8674100297659
124.62902299486493,224.77860743159516,33.2671398988337,21.292856255170513,938.0016520960468
142.10489198034287,430.72316785530234,19.79529812913362,24.07724251298507,579.0806498521629
113.05504476133646,247.68417713622935,27.386903612939665,18.70660362466908,810.932958807268
88.37159721568112,214.58442033024738,24.70960298413364,13.247811842267152,721.6908434048785
129.92713510560964,221.09758086488696,35.25876708303063,22.79291409744354,1011.4120732727348
133.2549534031828,533.6656432833765,14.981847351086577,21.631918400333383,478.96968178356803
119.28940382986474,247.18899345122463,28.955028012621348,20.408103031100744,799.8321457782597
133.96770259681927,218.06054576491678,36.861607071619005,23.47241441046538,1093.0208348010503
114.56569174550735,375.1599548571649,18.322695201697538,18.746331068716266,536.033944469951
116.59129805673959,537.5973887768099,13.012484862177471,16.842208326162933,396.0202411546999
109.92787128509848,304.9633505957208,21.627753840655956,16.714499439293977,629.3195145027295
81.77933887208667,368.6850470103666,13.308812961398008,10.462404830029012,436.7737205887999
87.55239988953132,215.9690130255005,24.323600500742277,13.468154287702491,691.0616152658924
82.2000429980714,379.6314056539503,12.991555773391434,9.624460161945505,397.22856690995843
124.54872878846463,431.04523225485343,17.336750689054245,19.342265766736478,529.7410919516519
102.00491867534286,428.3628215008579,14.28764312242797,13.987457649808196,401.2232199816403
115.5999483815292,332.97067686974606,20.83065382242361,18.632570582452455,599.0522376838189
143.5296531748265,326.2132722652542,26.39922995986222,25.844117572553515,771.0898552768181
97.45045604042124,242.64944757463917,24.096602818874025,14.908950148011074,691.5641037827563
108.72680461249408,346.71932825850735,18.81524260420165,16.51199236763144,544.459622594596
132.88857969801342,239.79786754918587,33.25014881646255,24.114238779987716,959.7222976833152
96.01587158441357,506.63837788482067,11.370935457192134,11.740269946690757,364.40929703144445
85.3885936880155,586.5097190992743,8.735261248780334,9.08008279939469,270.44112087192804
100.28260170396376,588.0297826666828,10.232400262026287,12.070049415269585,340.9675455755986
91.2854901077803,546.0284397501575,10.030850057870522,10.594524178300524,293.7757363061134
145.0788356639801,440.31685973584763,19.76924105304734,24.50323202793136,562.5619956424011
136.5684265695092,480.346278897552,17.058746896045356,22.078977296009217,549.9010183104656
124.33826295572965,314.08232107216566,23.752676533581944,20.405541540868228,686.4661167587311
141.00224131314025,452.3081680690483,18.704359275459538,24.12197245538556,531.4348826990296
136.257045382938,382.259819775951,21.38708360132654,22.545998918922972,598.2574128849883
93.05990412202252,392.806935910773,14.21460197584107,11.82330667854663,452.89123240910806
142.47912989429844,503.1106241500632,16.991785470839243,24.416385278761965,502.664885889894
117.75395693409556,312.76734223890065,22.589434579295375,19.4755981690614,661.8376158835739
136.5208108614844,327.2158446778079,25.033166287392202,22.27981586653555,732.4520348926359
142.72639099464453,569.8567164514546,15.027608190712959,22.53379040142625,474.5119258976837
102.26024324803046,222.4897179403889,27.57707030994451,15.081968651095824,803.5868438508095
87.70363471693737,394.25371936533617,13.34728836924426,10.387710351648622,453.87906522342575
95.95546137793592,565.1203201631447,10.187790948685176,9.786615183764004,320.81970020308387
109.89754520383795,444.1452031272628,14.846164420559806,15.804374790224065,470.38608040967785
137.2610336145745,418.56282968485283,19.6760472569323,22.26192685091725,601.0843797065431
140.25114082794403,299.89767169174206,28.05979920486444,24.66547304451212,820.0241191698597
80.48664913718335,337.31019562577933,14.316789147958751,8.787625294870585,422.5235196546134
115.7523111804296,540.8193663218772,12.841882342453445,16.4848442621223,399.4239016944825
109.21877022041453,423.68725270738327,15.466894912108067,15.682457944634928,476.8089579959966
95.54754673295112,405.89687750271196,14.12391452540495,13.43850162202907,417.38706919751445
88.39057571335779,239.83188541601157,22.11313367946113,13.126479288961864,656.8437352388971
103.63306199825396,206.41126258204926,30.124246332845168,16.86287778396602,903.5349288850307
146.00367927387634,585.4740754748196,14.962610853995608,23.318695407475023,493.82412438366254
102.62420524145287,350.79446691473663,17.55287752581283,15.916258507775368,542.3577688656097
116.31534352203562,441.2852248398017,15.814988172005242,16.70050789725934,513.6514887124121
129.21132712266245,231.886029274914,33.43314666951542,21.830201569129088,959.2784548138528
105.45407216655057,473.2457142892186,13.36989250815743,14.476405844558974,421.67132341008175
148.02474579046725,573.0266834823844,15.499251611554428,25.218041243201526,494.28733029972267
147.3713106459478,430.2661011989679,20.550721086595516,25.113061546973377,591.6510786940045
97.6247607077755,250.44612895016422,23.388205946805027,14.504833935441075,679.6635913113025
114.80739541246697,432.68861098939067,15.920094843718731,16.462509615444013,514.1102703850856
101.06148168717388,506.53888524186095,11.970826086402345,13.611497655138525,348.7862190285702
99.93883460642273,362.56661462960744,16.53856101039839,14.63382612378476,469.9224939372732
82.58208631481729,551.9350991765871,8.977369234681975,8.579857430757151,314.6638306902902
122.66950337859278,459.4731813429458,16.018715567257484,18.561624670329955,506.060917636334
115.1875316260203,559.699567315681,12.348145864588714,15.7813301299965,387.5418403438397
83.60351258749925,449.4021244989349,11.161964934729285,8.71210630468661,344.62664642135553
99.5052524965628,252.5151888019297,23.643390237712875,15.082284974467283,687.7813668486904
143.57861201766576,323.87668444207566,26.59875543650213,24.698040962238633,785.3035924075722
96.76933234668807,280.71797930098273,20.683249271240953,13.525108517295866,644.9009308033103
90.14264104638562,563.5305990867449,9.597630495217514,9.728681809377807,306.31892401311296
114.26169321942942,504.16002691499307,13.598264890448588,16.16189422444649,457.39530468468735
148.99553178774204,470.5593475640024,18.99809652819318,24.982335405313233,547.954958729926
96.94386900580503,320.38652785264867,18.155045966924902,14.033206212673619,541.8113512685521
127.0494883184115,273.6179088200854,27.859906290406943,21.664492089082735,807.6703699049231
133.31337307301024,502.58043519556475,15.915467105813837,20.962293392190357,457.5191999427026
96.63462807946797,389.66317835163187,14.879716655023266,13.192393352955682,447.03228880241585
130.97514440283015,290.3158208602516,27.068826772456998,21.944532988554066,801.2308616651252
105.74481929034772,446.64879126611004,14.205096445992046,14.881644648781146,441.6064460600696
124.26140814155056,216.1335408553808,34.49573101419635,21.531537308559795,1045.157690682528
124.34707975326262,330.46810165130137,22.576535368815,19.697514132271774,675.8383997495691
117.50422788523309,387.42279783645387,18.197828606075397,18.75168663068207,566.4108644387774
86.32028390380859,259.18333364376235,19.98283208034955,11.29686562288402,594.9290755914203
138.47117469124666,593.8617910363358,13.990242522550929,21.59912942623952,458.6406886461105
102.4546045480215,283.6389458358457,21.672892115594696,16.06802540878972,689.1051757450845
93.05629572798979,252.14125201730621,22.143848731647296,13.92045208582683,665.002449792741
82.85425990883347,281.4139495547586,17.665277795913536,10.70236158531995,508.57819776818104
121.36250602317693,507.6244532638897,14.344758836125616,17.94048515289355,424.07342120855753
127.42950532895978,370.2022637087371,20.65295399099187,21.32355551980539,618.0914935733877
81.16114802494992,426.1663759010152,11.426684874425813,9.304294986224786,362.1154535247505
115.84651408094967,208.4036627945443,33.35253685876649,19.146958976984052,983.5674786804332
95.85470426385565,213.77252342932582,26.903748730517933,14.093495109729192,797.4457940841861
125.1620953286615,378.3302199308065,19.849658642371093,19.182861671587624,590.0016964426637
92.2056500303494,526.6620972806494,10.50453228053902,10.85651010001944,314.32813160849565
128.3656416671726,554.0955514830262,13.900018650964197,19.38484379740925,430.5650057641072
107.07147424103762,234.6826270382561,27.374367397954092,17.62970712643273,838.5766407319369
145.57109921157144,415.34524084040913,21.028929897021044,25.085193857836163,643.4248256655164
89.62646609021952,565.2918745117082,9.512940496550144,10.464850317161654,309.85997166248984
103.8746445735181,355.18910175915454,17.54693103910937,14.84290411365024,545.6944898563717
87.94314648684123,531.8263325713474,9.921638824648817,10.253777124664825,303.23829999203616
144.7285532794994,253.47826175977448,34.25821660793801,25.88973939597454,984.9038050949001
141.41375473666866,574.1577958671195,14.777863063560684,22.84369776960344,432.2738665116243
98.05591394006089,500.56932701252106,11.753326700052657,11.723632237177045,359.665800386584
126.19888322239254,576.5337571147606,13.13354664822573,18.809055523932326,392.54688398948025
137.20555401408512,470.6468934210026,17.491527843744056,21.358490179451294,547.7105604548307
118.86405681196237,345.3615727997708,20.650367529026017,18.83299419676299,602.8736009412718
117.07554048492045,575.2724690098889,12.210791942095312,16.679154524367387,358.982242208491
96.92966036303162,310.2267105236714,18.74686938453719,13.627377502186308,597.7001641540562
86.51719374641294,332.869008824693,15.594818043029825,10.598100008349233,461.1770186493533
142.8051030567329,480.3233672006961,17.838620330590395,24.06405711825032,536.3768019902567
143.02926400143315,506.1265198101545,16.9557521769556,23.412337140638694,517.5040802724259
124.31710200912875,571.7613935396615,13.045697392001882,18.02680544656271,375.7825839694334
103.73208537340905,281.9209636224838,22.076843958077944,15.836410064518057,677.2060694786542
104.44467022288626,519.1992140876896,12.069895414585067,15.175089835745123,383.81667090090036
130.81689752091677,495.4184213587854,15.843201449246669,21.133535183796255,508.3574078864748
142.7977181966804,225.51782250143916,37.99195556593381,26.512064903858246,1086.4873750184995
142.0960496985582,354.8892564840828,24.023728039498664,24.81247494014736,709.2304870096152
134.59128821003367,313.1061828240394,25.79149737563728,23.207951505451433,757.7494785938
124.94221523080014,321.7961697416122,23.295904733320434,19.47535899047278,692.0574069418739
85.88979754965342,593.1787518218803,8.687748570142082,8.288424248226306,246.86699809187124
91.31400998662296,457.11096539197115,11.985799978566014,10.945420138381007,370.926029534716
142.89879319689555,487.0704631173998,17.603053851670612,22.665914527649413,498.15219644595123
122.4500341761713,590.6470549260036,12.438904061733977,17.06383576698265,388.61847964728815
80.64379361316408,350.88071298305545,13.789950367045423,8.526370217823569,376.8738441059288
87.10300800062225,520.7360673811224,10.036140777266993,9.558651385287186,276.8479444251203
126.4451238375639,373.81238532179816,20.29549508832561,20.984609749630557,618.771083351309
80.3543108692353,547.8134687259919,8.80091295193335,8.22786155665294,268.20500843844667
91.2565635992249,272.2630165245213,20.110677850586274,13.041402900401977,577.4453935029676
118.41136525566102,579.0744708257118,12.269029759175842,16.271627371441575,402.0913918215481
128.43266383848854,287.5086833643519,26.80252902324957,20.87419588365049,791.9477964580194
125.63728816518204,330.4882027923726,22.80939902307732,19.88774461064114,690.5396017927401
95.69885166223918,502.4768936427122,11.427254013827687,11.221653324522428,349.6766570924716
129.8525454943275,357.5020566261627,21.79330883628119,21.115527294497287,698.1152035182218
96.607436124776,443.28455070657867,13.076129448335715,12.532080473577011,387.2819997912402
102.77797887114875,377.82940042777136,16.32133106975563,14.211167307723402,525.5259198077431
132.25439835826168,496.94797483591276,15.967997261918304,21.066063877053754,479.47199820923174
125.47430293330503,291.3325009474444,25.84146345332207,20.962103804634626,725.2773350716385
139.44563873459245,223.3831948947508,37.4546452700599,25.130816679816206,1094.6181889474165
126.03290246102404,319.9717589892265,23.633254920838358,21.528183921079183,702.562076025783
119.78160223348301,389.7234659473721,18.441014621838278,18.203144937943176,529.2207319656286
86.55723374796648,267.2080208770714,19.435921151735258,11.93304162474539,559.7822099732814
105.74010621416035,341.9189158625555,18.555295067091127,15.762748843535958,552.9670865512227
98.56416573772078,359.9932073174274,16.427670922825648,13.675543895369866,500.6215256404825
97.07927503653585,222.9567374753094,26.1250526364434,15.15215059760647,716.9295621094261
148.1107388326712,433.32289927368186,20.508134568599306,25.808106467909525,629.4425278442061
107.51684072667322,553.737371188515,11.649945947759058,13.828479999493352,349.37423066308037
142.44325886239793,260.69716518122095,32.78361514135682,25.436133958050906,926.9644290223008
124.1797038198084,439.1232053606056,16.967407183753732,19.571287017447634,527.6267247077766
135.6367912479154,465.8956819643385,17.46787486967491,21.871229215920987,522.4075212871168
115.18459651736345,367.73387216771533,18.793688354848687,18.15291788956915,584.4886105293423
120.38327192384514,480.439034945708,15.034157905689208,18.26598387156065,463.19630893178015
114.47623856732048,364.2926173964048,18.85455259326651,18.633418683307674,561.8466697803392
93.66700914586312,401.854915190974,13.985197981418189,11.49622546095302,421.88311177570904
130.57164806830536,202.9412178217708,38.60378373691757,23.065644475881285,1126.9323102586154
99.65406537085991,476.6880456538755,12.543305788274665,12.606596414426594,376.1172282708099
81.70211765020177,464.5370715778898,10.552714431081004,9.056963510521152,311.3556593405991
125.18306071350175,215.36035093053783,34.87635310007779,20.881280987085535,1024.650938583624
92.39774755849342,347.30004295805327,15.962753146503903,12.61299084585755,477.6620836590829
145.83210090470402,591.612736316667,14.789955518467321,23.069570877658226,448.24099366996984
146.7750003901811,368.2946250274467,23.911562713560027,25.257830828994134,725.8811795215527
144.0405073154314,400.77816205273666,21.56412513760833,23.936982749754183,635.7998401324028
105.9111090178811,563.9720632638874,11.267697382555388,13.582217595866439,348.81501868331577
81.08196315702072,486.90475034630254,9.99151843550747,8.943471287313809,300.63179152387124
144.98229938114076,432.82805244968944,20.097907040994258,24.591026883156232,605.458204401159
109.972890382212,519.121872536429,12.710644209023737,15.530937166889048,396.09041475856145
147.66583733305686,545.7465065823893,16.234552366568117,25.080415409601372,506.2110626894897
147.45339839624768,382.75522869490675,23.11452134551229,25.793587537521194,670.096075293676
139.71066188271521,390.0433459727342,21.4915593344051,23.412465640147776,626.8802888136541
100.611422444871,354.4203742607343,17.032557338961805,14.629547997433146,526.480337927535
106.95684100213477,586.6824560073842,10.938473435529687,13.595555397926178,344.29994407146296
139.57956700617999,478.86650171614014,17.488744755287044,22.60857973783598,505.34243524179027
102.18454036093944,233.2892264832289,26.280992543378883,15.11227256500458,796.8593555458538
91.86449226802648,545.1838493252073,10.110111557603583,10.992140803759316,281.9909255317988
118.97608837208452,392.22397633450726,18.20022674044017,18.37965787521667,559.1612653699949
145.53083419125466,227.50156256899498,38.381494847215166,26.676186579932033,1085.7224574065774
128.7220857672481,419.8869020653244,18.39382249850061,20.202884829865607,586.635770104739
119.90428190625555,366.86571159028085,19.61005536110158,19.246978714855103,552.231719751338
86.8023545639538,551.09976194505,9.450450959106984,8.849821818020827,320.4535331147115
123.05050586894188,281.59784144375493,26.218348529532907,20.49881067974225,767.3338701096478
149.30376950729843,530.5858437968732,16.883650921277553,25.226198704625336,499.11789261552025
89.80588106655668,423.0754764741811,12.736150317429791,11.516266591181726,393.5190894846322
116.28307566546158,221.84412128538762,31.44994106448406,19.431620311380794,928.7309105548237
141.41611503495687,588.7381205301938,14.41212417917867,21.44028641925967,418.8560048784411
131.8538032427943,405.04609764127997,19.531673655510836,23.120976811298274,564.6036570052399
128.79110186966875,316.350741692633,24.42689424666545,22.54192314072006,731.5781783554708
129.17388587909764,387.76273679570323,19.987565635604778,21.482230873435487,559.5934518012235
105.16438058538286,543.1431134069956,11.61731167968391,13.441823860767483,346.66184554855323
100.55142909851453,321.9612497540254,18.73854617759149,14.616292151391157,619.4282888646778
136.65528088349595,277.0705585946801,29.592883829293253,23.684717106920072,844.5072380938287
136.70793762754266,251.6284987723526,32.59756465452393,24.83011947519624,971.3231982422135
140.69506230060728,319.1437593560845,26.451100767468272,24.702862870764573,763.7931561380518
143.926838678953,512.0192348160174,16.865792793585562,23.239745714457612,516.1286286899006
115.79396792026564,388.65054607810464,17.876311111163897,17.586788070263637,547.453312012661
115.10614062810397,290.992641477416,23.733825029462963,19.091878448803637,721.6742594006753
135.88066252767425,266.47399984389966,30.595254157765424,24.66126187833705,888.0517500535295
125.49747515444356,333.09179060415164,22.605926419288828,21.472542832882862,707.153297921303
129.13768140803924,575.9697491542836,13.452548325427498,19.797863298574125,398.17144928708626
135.70548686052706,337.21068503600975,24.14611865208876,23.05564553153481,715.3743301481035
142.30037392722966,595.2496303818541,14.343599726650172,20.862514022672457,439.92246305606153
103.65966097960751,394.0921823061425,15.782042725082267,14.937416505456893,453.03041867902095
106.29080668479608,271.66556731606033,23.47536518556337,16.53608816608376,686.1090988954797
86.57873578886083,556.4560367174038,9.335372077147204,9.197613525414624,297.40246472809673
120.47960986973217,384.14214925393077,18.81797299833783,19.042077611541107,552.2058231275788
82.51595916577195,483.86853740180976,10.232030329004399,8.118082382844017,368.2070974912546
112.59186126927221,593.4846332836607,11.382791225409003,15.47114552185382,334.9786127746861
117.98512442953037,220.0701401279896,32.16750560368943,20.193310674347885,959.8612233293007
100.05788764897991,238.67782391502686,25.153041704771567,15.641883261474387,756.1364821003779
121.35832823983075,488.18269658510246,14.91552188417333,18.768845297473113,450.82365938899306
82.13501749573346,312.7300013181888,15.758325165387268,10.528684339892427,457.49859891446874
82.614373212445,273.7205587800396,18.109207488247197,10.490371498444224,525.5507595729389
137.58203924617607,215.7447519278918,38.26244801324113,24.70047614299597,1097.3194374062239
105.2133448987884,208.73868479448072,30.242600695423285,16.883500687678733,846.4244442728748
88.89423588563193,509.7942412479164,10.462366424700594,10.170614600094506,305.79697549956336
116.5570282038363,253.77337094782,27.55774440048771,19.721965772107048,776.9844140636286
133.89954871690276,387.08824638846033,20.754887284672847,22.611053871609005,642.2369438756294
95.10747192477902,442.35872607179317,12.90004690573371,13.290041986788067,406.7896137455681
123.60233330733001,371.3407202275385,19.971254415340102,21.001515963315242,609.0010777991114
85.97432254956377,210.84266093449324,24.465918472621198,12.127071671229984,731.4601854829743
83.61772048180254,513.4006010351636,9.772219235412477,8.0,309.7968553505831
117.19482420977036,204.2052898166614,34.43441381415427,20.443927922796757,1029.2378504106791
117.84445851270746,504.7559577509936,14.008091241293583,17.012093035845936,413.36627713599125
124.62009310487446,557.321797515249,13.416316425499007,18.075231058957915,411.0726359484849
130.8263933605863,373.1359684228689,21.036791587830454,21.459645173686887,638.1885218437484
148.30964556237743,414.2169892391193,21.482891732877892,25.366027483054978,609.3686874774767
116.14102438108367,390.7933570470615,17.83157604192806,18.194386435249836,595.0399065680148
102.60695310588721,355.68344744937554,17.308697468215684,14.09563821892824,518.9747027192285
135.66303363380925,554.9698141481441,14.667071632576606,20.674237252060035,446.9536068422027
98.95825758834519,557.5734042679962,10.648813967545106,12.333852131997428,356.24724722717826
110.72799944939453,334.32654585661385,19.871829052464822,17.376244168516394,608.784595887743
85.49194669395862,446.0279016058792,11.50043928455866,10.17423802691264,355.8212240888651
81.77455203908202,570.7630248583457,8.596340177366308,8.0,275.9912338295313
147.38538902745475,584.8233995765406,15.121014904756581,23.3385479423579,426.79694370922454
138.51860843585442,403.58361616881905,20.59329510213498,23.023592127432007,599.6457247537036
128.71819442655885,381.1299221137307,20.26367182813038,21.188406433973736,611.8493583250616
108.62670610899889,311.4777263714103,20.924778289823056,17.496196310317913,628.9750891377179
92.1306024049592,583.548749276164,9.472792377936376,9.225707159432003,322.460135409442
90.95059298697602,257.12572178914695,21.22321929228668,12.784531331646367,626.0801687924982
97.51700287152167,431.93183041909003,13.546165760958706,12.271421028803944,384.8452224847658
118.44586652942843,313.0201070074555,22.703819443766392,18.328452513787113,691.2632269100596
130.02171458900438,311.60331613911865,25.036007228682017,22.497832831359055,764.4377509002343
126.21381637024119,361.9874349504754,20.92014321781786,20.8969976221966,637.9317732170764
99.595372786216,599.5171743262617,9.967558267014594,12.166464076876007,308.67828444226694
146.8405696464236,221.98652273592882,39.689049903566215,27.417374733416167,1168.6863575276504
131.6527841687038,431.4167272814126,18.30983026527298,21.098107602848252,615.1361235413564
118.80478367579805,233.02886321411086,30.589717180220255,19.745931622233766,894.2041582904993
122.82045223640466,261.8083319962076,28.147412567034063,21.783926645482556,796.9822533354672
109.3720043699453,375.82517670915945,17.461098055373533,16.23476605804732,510.9635977773406
97.34116926508102,404.1840525385765,14.450026217566883,13.511630599894378,450.5194414202741
104.91808750558832,303.5169633458096,20.74047256186813,15.916122027286425,582.8179771124826
133.04922773250584,326.5828523497665,24.44388493306654,21.70011272905216,722.4519660052823
81.0075442040829,234.78680810237321,20.70155768771169,9.628028927063149,621.426406202322
88.12508483548413,321.2879135377002,16.457217552656576,11.333436525270113,525.1599342296843
83.22018494152269,586.6233757522176,8.511783373938428,8.558339151091818,297.21457917381554
82.85101616232791,577.8829526689926,8.602193483612009,8.412245694055198,290.84495149811744
139.8822408807705,333.951316054794,25.132209544786267,24.69556754115172,695.1678496822786
129.25605015660165,428.34157451150463,18.10555750569059,20.28263216095174,559.2342812895595
113.19216803611276,563.8381564443778,12.045176447431055,16.41464672173153,384.48939447664026
86.8483912455701,202.47352905635867,25.73622092240881,11.895042201878882,760.5267296245476
114.41311125817826,524.2734281350367,13.093905407165776,16.36923514552169,365.26774189013787
113.1430239546396,579.3478211155675,11.717626596414176,15.44996117970296,345.63207245175295
92.12413089370106,236.5302937334228,23.368879167129748,13.281811490200178,665.4954175292283
110.36961544665812,264.5790744131684,25.02910308189472,18.273199600243196,695.2216321499648
107.89533140781614,584.2985211085422,11.07947333528571,13.767406539020868,343.1626745197001
123.10950686365516,415.0160574561385,17.798276185012355,18.709475306092603,516.2152053545101
124.45655556073507,205.67865378868947,36.306117315003284,21.608255761869625,1105.1676538442427
83.17128068404311,303.05279950541166,16.466691115168118,10.368642423204129,491.3484825097148
106.22288302385299,379.97746970754383,16.773028638609954,17.2348841374095,529.2140132635182
123.81019409999655,477.16356440990705,15.568270924429278,19.335938923545704,438.0759669414226
115.21953810060614,493.2641512547198,14.015152466383944,16.535372749757176,415.17831902817795
139.95428888318256,598.1686051701824,14.03827827206325,21.35195203174022,428.36842765300213
126.10855421332616,315.0044797535036,24.02033538926334,20.081193999739117,688.9894818075218
91.40540989570007,415.2880407473901,13.20607399113135,11.071712217626633,394.5826507029981
84.93981231803009,413.329419143842,12.33008951948862,10.069216762174099,374.03262471835023
124.96934947444208,362.258103778895,20.698394018655392,21.02984318292865,609.0525426686496
81.85579173791352,267.66475753696807,18.3488762191507,11.12412326999967,584.7583618879842
121.00429068914244,590.982625273537,12.285060729134173,17.398497644561257,384.68983877441076
145.81611689974704,541.3268746666345,16.162077708358193,23.67132650054418,495.74759047134455
120.28319245131152,399.3332113176949,18.07260538953049,18.964605965917155,550.6796127519555
107.17189483445654,441.2981690736119,14.57135818978385,14.968791381030151,453.6746278838975
125.03017529096472,290.9044214238649,25.787887584311765,21.832040874989197,755.2031068489439
112.07770233440615,417.51482815669874,16.106403142023296,16.553976964318217,478.1767343687938
118.19317525211545,477.98805324859035,14.836334228292433,17.56561536349908,452.21025501517056
145.90253661435676,406.06681135463555,21.55840357318941,23.96271660862262,661.0525456016952
107.0271846460542,596.1140682339765,10.772487047299046,13.70246350909716,357.1124674782885
147.283339467674,444.5366624990905,19.879126095878583,25.482494420552896,585.8827320521294
143.37454493692445,348.38948503686765,24.692113469799832,24.433737622842372,741.4016274350209
93.70537943525075,508.86081104633524,11.04884212748522,10.933083197871476,338.46785296179064
84.85529106126158,268.18500463265684,18.98434802739797,11.692671569015676,566.2045648910183
87.05446009641986,353.8063254825066,14.763070158968787,10.328828974831502,437.34308500491505
81.27552779560848,338.78358015103436,14.39423854474436,10.309857433411093,432.80812036558024
86.61100725291499,372.72283804311087,13.942425590174942,10.521894125470723,450.5614382547443
127.81047413914499,512.7119303714906,14.956992404667309,19.467551128416684,454.11558675694914
84.98320539221604,393.66921286536297,12.952479281830062,9.637293327475902,398.60055443930423
102.3282941205633,517.605780106385,11.86172543508283,13.539593772509582,336.27563902816183
139.1412717678618,430.59556125594634,19.388208001311394,24.417055147705877,570.6998962155258
81.62903550150781,336.8277738630221,14.540790606187468,10.2762390799048,435.73616021929655
137.0127937812255,523.991497473389,15.688742406151396,21.391527541556727,456.26305735980986
99.729834234138,295.31586822123666,20.26233839072104,15.278465716658308,601.9009624167379
88.27153793351593,289.7531919199182,18.278633070156967,11.784216347174493,537.0969197771584
128.77160157549054,401.8011696219343,19.229152821529404,21.582940755592706,574.011635261046
124.02599927459188,304.3396983848356,24.451492841613153,21.00839324114873,721.7079193990885
141.4230409468937,203.63481398048654,41.66960595267733,24.317915375626487,1184.3820720152007
131.454973066272,459.3190109195206,17.17172204169509,20.536336801895313,506.57723719989025
136.2436651269394,404.4375285889592,20.212317922465722,23.181908255019287,601.6084307538812
99.74242007999146,378.20712579726444,15.823459677508735,14.044096068198893,500.3205249551852
92.4207680645806,586.7874058473261,9.450179108509413,9.779786098796796,302.535258368733
132.54303261486007,428.4796735851655,18.55999816829335,21.26654016281802,540.354599574089
136.4784317487085,545.3726311157538,15.01488237165403,20.54683595738848,461.8752793889557
149.3353599400471,255.78009448206407,35.03056645024085,27.222337126282444,1050.9406249560802
108.88323738379985,427.6825852517711,15.275333783305914,16.8768057696534,479.55390255898095
106.04126600549482,547.1918506923612,11.627504964263002,14.400146939491561,369.5836203918
134.34890725193978,433.2423029119592,18.606064968578284,23.079859117481604,569.400628069468
103.85624781771125,487.2056712508006,12.790029420357317,14.440967687293883,420.12546137445827
145.1530127922495,348.81742712488295,24.967734093219274,25.914897736006665,755.3084770503127
140.08889262901084,236.97980681482665,35.46856447692391,26.148507900661752,1040.442528424422
110.02958191625129,383.1601180508286,17.22980708054618,16.642445202175068,537.5576235767898
132.56097474540482,357.791756335543,22.229853941255193,22.129866623681693,635.1664213107084
132.81800118592776,546.824072951579,14.573389258708302,21.102959566525413,411.4339143699167
87.21867081851528,297.5981209409889,17.58452046862419,12.339973854453609,529.3022394859797
143.17870346756968,586.6936910140432,14.642601990837754,22.536258580777567,444.79928038264495
115.36766607135,583.2552479217984,11.86797716599216,15.606354127921113,354.51760890359986
137.8520226275419,299.05265722857547,27.657742399963475,24.122493475501898,825.9632084314298
102.40347207214282,339.22078219092816,18.11271197668055,15.389117265043584,503.757149820818
142.68662599473402,558.222296349554,15.336538177835685,23.310319519849134,452.24555892947376
107.24411751139142,586.648888358443,10.968480769969364,13.226576199529637,330.4004594478912
80.75863560362089,377.3756411344176,12.840039493941068,10.262554039162415,360.0067616019882
143.37673834934844,328.39881825635916,26.195600662135828,24.827342190026496,798.2214467045226
86.39006737502935,410.43760530061684,12.628969606002062,10.261906019787807,359.61292328556095
102.35195463132904,475.1076825462939,12.92573768743754,13.28726978833351,383.3760581080381
146.50433769355635,309.38980614999195,28.41160273183619,27.43726878660542,848.8063149578107
146.54250028562893,494.5892698476291,17.777478310126916,24.55293224591657,544.5076628956306
120.14065216863003,220.6629428458564,32.667193852994345,19.976527993794722,928.1618073953921
124.22860485188595,219.71779710576658,33.92404433913529,21.84789493651403,999.321076016874
111.39118653848239,354.5150820582181,18.852431195610997,17.430882730803912,567.6129900478708
100.52475401886451,341.38927682428823,17.667471272790603,14.397937904369941,575.1537757441426
103.00651817589412,326.2532861468609,18.943536672214798,15.658611554334577,572.4582379806043
127.0762919253927,396.407905067564,19.234171211151867,20.114601278994353,569.7280122462764
132.6662170606376,328.2934329246285,24.246519196945837,22.26819861649406,696.383414048311
135.4105330608094,276.90316738723675,29.341058321252888,22.646683121485363,841.9006245775487
135.27326999561876,323.78781963544037,25.06702138726389,22.53439890790374,720.0727829908029
86.38442721340833,589.961709124094,8.785427177129357,9.682314742841118,306.12825249783435
114.6094213291807,364.4453667979394,18.86857648971962,18.569234451004135,562.630747541044
84.0291132011651,377.8851107433343,13.342009644551311,10.139425763215826,418.1544802977161
118.46702176266149,430.61799598045604,16.506558880744716,18.93362472381962,526.1300612827615
110.90713509613639,593.3363073656906,11.215272052561017,14.699385549976414,299.870717113072
142.13929279308098,296.6405105743052,28.749807472599393,25.007492851363534,865.7354151557872
104.5640508786455,472.5128442129735,13.277613782475191,14.334246217944228,406.1464925242609
88.19469114993241,486.39387741668963,10.879416281102989,10.09270496301968,346.29580661678415
90.0094177436985,442.92976671722636,12.192824845907726,10.88478811892597,357.96332939472757
133.30574422022306,235.43133585465762,33.97315240207074,24.07880253234699,971.9498536736688
123.27526443213827,470.7489103310306,15.712231517916987,18.99887922162788,483.28342138587584
87.07858732859532,225.6378844144702,23.1553103472577,12.582016759070303,730.5177036451815
85.88747642804982,438.4570598199588,11.75314314199671,10.5345250497119,382.2326369557769
129.0678392021384,495.83247088869706,15.618320313408173,20.316978213995437,496.1759282756033
85.09341044549355,284.3879562479802,17.952956567111567,10.72402359093598,532.6816476019161
137.53020415032495,536.6488030171097,15.376559497807001,21.160658854842122,452.0624259030411
129.43695590095473,212.1415222132017,36.608662335571694,22.83943623950415,1045.5538167511077
85.69441464493298,537.5251454633224,9.565440653504863,8.994753857661356,290.876862724947
85.93863998596343,384.131620257106,13.423311508973388,10.563690434636488,368.08031459659355
149.06477049508229,287.0351759726578,31.15954760386897,26.910853318275468,893.4278776713367
106.19895570292843,253.5112579975872,25.13473126403069,17.969469933052267,727.2852842476009
105.94495029468237,581.322867032949,10.934882107984665,13.001920938664819,335.64752279962573
136.89596970802518,229.06623503246269,35.85756836365463,23.45237816023116,1042.6821506368337
146.3074004168701,279.63736797437025,31.392242348014022,26.473435641068875,921.7192792252881
149.02007446760098,339.1289389732184,26.36520638765706,26.251170401336857,772.7980848304155
132.73647296812592,448.0939395844482,17.773479341125114,21.612543706732524,519.8454326176599
106.3381709871641,417.9204341104394,15.266758307261412,15.525248386967272,421.7114349655103
85.84505016890681,250.2573969649256,20.581621452956682,12.343028282839278,598.9405739679956
134.40028411492057,315.89119349528585,25.5278311423252,22.299072155832647,730.098352470837
119.08829748150634,295.5007084344096,24.18030700077451,19.19177941893103,720.9727244636545
109.69554064728834,285.41714179613655,23.060046069476797,17.46509046883482,698.3324097979532
143.4448069566315,364.45773459199484,23.615052173424044,25.22560142455204,714.5263362930763
87.7838237614306,481.61258103666273,10.936237202003001,11.19383980188001,354.3318498709465
114.48375730036014,286.98117288689434,23.935456702342087,18.892140580143867,702.0950308327663
80.79475513371933,346.67155188119256,13.98351056415643,9.563377741980036,414.45114468827103
112.80624493958884,356.3669707364649,18.992710470299382,16.932470573303917,550.8202730447316
83.94122929772861,590.5826117741641,8.527975015609908,8.0,241.31605590388313
88.31725413876504,581.8665427516275,9.106959859329496,9.030323816340491,307.58570750129644
88.22683727439734,520.0550331008303,10.178942418652632,10.187956826577844,314.4014236800294
125.44472114812444,296.66356832767406,25.371107451165063,21.151518730721303,720.2130708235039
132.22314154857963,227.21492563666789,34.91578940373312,22.65291078545958,997.0319827400955
120.83581355680117,326.7616550882499,22.187881290569397,19.400837340492128,638.2795911349526
147.35207839321794,306.71781977353237,28.82494636314575,26.75940749950976,843.1315357280198
106.24094056665928,402.3703200585576,15.84226300059078,15.525074698194327,498.51269298912405
99.99984603973024,511.0911640271172,11.739570520271155,13.120808682915989,354.82488135605223
140.80193897326222,543.3291755515431,15.548799362412115,22.773144214463425,423.85968484140847
95.65170869636168,537.9456341642034,10.668554882313419,12.338776827729653,327.8812471070367
147.4255777608428,343.8702244892271,25.723467854157533,26.122601603142474,751.925313760804
80.85081322828714,474.89373738427315,10.215019512400668,8.259380295984593,314.411823994555
147.89151786953474,325.133679009688,27.291823779066828,25.829806193810754,786.6063233609248
83.02119383654033,224.36221729407308,22.20191835447692,11.364151808006074,660.3626015835002
142.38001795886498,480.6261062411769,17.774317638179113,22.31337501870633,532.82069179827
116.93907763604099,203.93102102791514,34.405479964728,19.672933866362506,998.7139404082924
149.50753572835103,363.67303498339544,24.666255896895503,26.23561351791636,733.570396800366
85.16575953147792,331.75170772083027,15.402921681984843,10.118751408570672,456.2112289178886
118.76979990809245,477.35101540754096,14.928611785609226,17.292199367038375,441.7373116535386
147.85117749333693,506.49818910415155,17.51451602480666,25.05148719262589,551.7940204459616
116.61684909191041,321.6378543885135,21.75431420787548,18.742585576118998,654.6131047977184
124.05790466946837,524.6508057779414,14.187482794639136,18.682425860208927,447.1654207887686
128.70240822892322,317.5667042019735,24.31660621708025,21.789417764311523,740.0065789826772
111.81787453374412,378.5305439946245,17.72399236591043,16.981587711840273,540.6014721213328
123.92906560588443,490.8074108056536,15.150023762166498,19.5256464091026,476.26349441289307
120.90200183461701,477.16809168991546,15.202441731562937,18.344099497455563,427.5829508043621
143.08106073436923,594.94738892488,14.429618154263565,21.948889738799426,441.51906963999414
83.18124662390206,290.06440968637276,17.206091580936874,11.50288308687538,511.8634667973145
99.66742327145613,464.9271654158329,12.862327351723552,13.355074737732975,426.9132731744709
146.5288038853591,443.872763310311,19.806865750344,24.59002092321519,607.2114584052862
142.31846487236413,566.039381796012,15.085713409635432,22.123722171560065,443.27823824133134
111.8959726949999,262.54485665795005,25.57185254802704,18.19555754744203,758.2412478272183
123.40928184610758,500.7192654347732,14.787841055680365,18.628647781354772,450.8638030399955
99.41668280867928,427.30744650750734,13.959506246086349,14.233642625879881,433.3018191634035
93.16848118066329,309.8663479151622,18.040387116739456,12.793100396134406,518.6036040483567
112.45888834579875,389.77396565886966,17.311400696919225,16.573120757988505,525.6797387751526
104.7346559618237,333.51063882791914,18.842215588066466,16.04596657893499,556.9669833368754
120.85592782956104,431.7253611153843,16.79622353210712,19.142383811782793,509.64024774520175
85.44142458754894,555.6002443258664,9.22693164304332,8.939927087222848,276.6348569802794
148.20763653663164,427.72199376488084,20.790275744122926,25.780981365978036,604.6133983241905
149.0347521135722,452.68896733063366,19.753264983556,25.402844670249024,610.6279915411352
128.87131998138216,407.49913884588375,18.974958378518878,20.985911454447965,544.2321407457986
117.52674564408844,220.46620257819035,31.984969379351426,20.3433993317399,911.5842400841736
101.66693314004294,293.1434227504377,20.808981252824196,15.519275101672372,615.8090854419931
136.96565137948642,396.8006917728331,20.710495856378007,22.871330355773654,598.6332308533043
127.93118207877154,324.0941134978819,23.684080040461634,22.064040609567467,679.9955901797008
91.38318575414239,272.7054391044777,20.105910477084116,11.67874632008146,599.1700031316309
143.76490291456898,401.6531367673753,21.47597861253597,25.61061548862347,605.4971395797292
137.57760700462183,329.12391737914015,25.08069448738425,22.86214815504176,716.8134442740712
146.4859939304347,303.24305726936586,28.983877536951535,25.82532722644129,887.8225265191436
130.80036558718518,385.59416697615234,20.353061864954206,21.519964659533393,613.2085416202602
122.93906371550528,253.31370323286927,29.11940305159608,20.723389611059417,835.6206870372772
109.27701254034332,571.0982932301629,11.48072202306191,15.081703282694775,362.8694632428572
145.29099383478092,547.0808391676956,15.934499997019104,23.12309152766104,491.1038960497391
140.6244722650286,483.0482342962141,17.467134204920217,23.210556768952713,542.7473398073763
83.16530690743326,242.48553103538248,20.578210968463466,10.822692906639231,607.8077136195442
81.84568821480764,510.3509017878772,9.62228395342302,8.525763757674982,321.77087659647856
106.35243568146348,523.1829312436075,12.19677814358317,14.257749672163555,333.87364061498516
136.7387331547283,507.1058470857351,16.17872094441974,21.95459504310699,465.4992688258548
149.10932905204612,245.58635484769647,36.429384477289425,27.0276473688168,1059.405571906789
90.52918237724697,457.5631828271059,11.87104021148321,10.733582783346005,372.07462164523446
121.58915007464947,533.7299182997594,13.66861544452839,18.08633342447385,397.79891894965135
106.66235996417151,430.9413604878671,14.850608887030864,15.6677939121546,454.4637751562909
147.89400784702224,458.5629500912356,19.35097562735026,24.78915883269503,563.3608956564855
138.9483246194996,383.3453917705225,21.74774930426344,23.13022563528656,637.7021921059888
138.68300932977965,411.482927953621,20.221933875041962,23.55303089600166,620.8268473656992
112.80852118564792,213.7507433406901,31.66543968621795,18.644616946155622,940.3320501702574
109.03736516363657,455.5852087893138,14.360084093168322,15.973674602479614,415.53930225167414
99.13849503514943,232.57888515646368,25.575450231035965,14.676544787295322,729.7415118655246
83.9462847655649,374.00583773608935,13.467108204573018,9.231328900932828,402.14417533311547
140.5305663378537,317.06203906696317,26.593640806335788,24.283374160699864,778.9858518554768
136.90307063910544,418.17118008468526,19.643114182768034,22.365204037924315,570.895446825164
149.98023713002914,253.36653420928283,35.51698039319058,27.407441206179524,1051.2817544572083
149.76457859517336,476.6573607893273,18.85185345890834,25.067203845541883,568.7488498106804
118.88021939218392,518.0046147713881,13.769786909483368,17.788379449504323,427.0014785460241
133.82911906263573,265.3417798972626,30.261902768825824,23.222750624711644,857.3513191588572
146.13360109176995,241.72523494075287,36.27265505670208,26.680702331784122,1075.0663085642932
139.4753173474188,258.20619311494363,32.410218127958615,24.898479435463383,886.6950815622412
97.31436712202384,550.8510247594006,10.599711655019094,11.915899171275846,346.40990753655177
111.53808947170654,411.2757047025425,16.27201726672045,16.55990325730577,507.9354078022085
89.04115906060466,386.90439840300104,13.80824194733383,11.513411606046681,411.3132109130779
146.78357190811056,242.6847276409417,36.289940451122405,26.35886632199867,1077.6648099915415
122.4322244115616,459.8224027027847,15.975588447877096,19.51444532442459,479.6508523640057
96.00499638524239,547.199836758036,10.526866779131856,11.410954848806714,328.92884021566704
127.01904790840997,531.2743477293811,14.345023257901834,18.644470893613285,441.8475336583378
123.26897683205272,450.4218835923205,16.42046907431667,19.19911299857305,557.1555323682054
105.07139026229883,230.11148666066944,27.396648064920157,16.185218245525746,828.9921635715295
87.94903145397403,244.9588108704052,21.542159959415358,12.598762821970118,651.4822768602451
127.01012369149598,219.72359484392987,34.68269953849377,23.204788490778153,988.7506113388242
116.42153906326553,302.99168659698773,23.054402654575597,18.35360236260874,682.8597504830155
134.06228742149474,254.2645868641511,31.63530299084593,23.68998170983669,905.043294039607
116.41144507783955,304.01921610097355,22.97449087017762,17.85741193627151,694.1828382380348
139.65270502229782,354.02322228758464,23.668397364428266,24.228511135029088,700.0644636287608
118.633478714214,577.1931136284543,12.332109574395895,16.38201666531984,355.9580185869482
119.26565800747704,444.15042391267684,16.11152234733774,17.864459400670068,486.3581191845734
141.36575218608414,533.9895142731849,15.884104283788895,22.253704318815153,461.35167514136526
108.2438006348678,484.1406002849329,13.414756032172809,15.472513542885673,411.9196848424971
89.38106599154486,245.0012522106527,21.88912877425495,13.121569847088958,630.0357957352034
82.01478734193373,494.36816254957955,9.95389188320256,8.575216146263248,312.1163753349727
132.85960789715332,310.0395526236498,25.711482313696024,22.2941746640134,769.7215236113815
123.42166859474253,455.64313879788256,16.252412217205464,19.890434418987148,487.6367868873363
129.28558376694565,336.38478945719544,23.060302573531867,21.23522823003751,672.3361100993311
94.90749130562375,599.0689053058636,9.505499998251517,9.711794874752144,303.0221704182779
89.54600329107389,305.42059179871114,17.59134891928104,12.344295922041084,540.2959531482081
81.01812659675174,311.65218830970787,15.59779708966569,9.409269152491849,448.1446366165375
104.54112911646179,572.2689022249593,10.960699983173287,13.897500560496848,345.09387694605016
121.29423807982431,209.85776185452906,34.6789855208417,20.592343559009205,1033.2530693612134
107.45708315698127,478.67559514927876,13.469299573144513,15.263953763305597,421.9024096432364
110.62324454166104,490.13055629435127,13.54209523821961,16.33853314896607,413.6315617220999
143.2911086145624,534.5514309641597,16.083516045157086,22.668399105391117,496.7427656773037
104.37788269163103,589.7757242553901,10.61873641782167,12.922629923384784,339.3137547332949
115.97926424118675,590.240767662661,11.789690302192627,16.01689918269615,378.2661965805466
134.85571089188002,226.11070302658555,35.784872388643365,24.740913152026774,997.5241113618674
107.75799476248892,528.735729101161,12.228187599011903,14.256697560297747,344.4567661654115
123.54606901595115,458.52397346295254,16.166579219343696,18.803108076674985,506.3805567067112
140.36545961227216,458.9368537492365,18.350950698193607,23.47238637153396,517.6087467920186
146.46644365603495,251.3399706458779,34.96454064500474,26.31224193529744,1022.9635980020325
90.29514366503265,460.0748665782613,11.775710897218458,10.984727854075762,355.76004309443607
144.86113376130461,592.9930322404991,14.657285251461795,22.35760675464033,423.91481375961706
114.44814051556767,564.7274278157788,12.159650997461602,17.014779748282173,380.5914518053554
98.07710718092709,375.6522643219402,15.665089737918905,12.90781219663817,476.2014209776504
112.1395029366783,215.97918931443775,31.152863373355206,18.315408324249013,949.9451391672301
148.6022802699834,344.9173960000819,25.85006415912083,26.268327609240497,746.1131936835894
114.48326657950088,530.5561246402222,12.946784846613578,17.17991796550969,424.53696395153634
103.01261272012557,480.5996405860664,12.860510581469477,13.189268604254334,400.35695721521955
124.3380598021708,383.7374622375826,19.441113579657173,20.959592624941,565.1521828181249
96.81019331447351,222.04061406353244,26.160131214582183,15.030170319487617,783.314260167785
85.31043296760647,370.757891129321,13.805845001613203,10.694313876448488,431.20859623602746
89.02158053374545,387.6099758871534,13.780075757337478,10.754633529304872,419.88599211076405
88.96320872704408,571.4222131576544,9.341240856084742,9.865047279437196,299.66314760104734
90.6331885458606,456.43444143286376,11.9140687448572,10.66260274322941,354.75228758015095
89.7179020854587,324.66116666185957,16.58059132995752,12.61766962037685,481.41135686033357
124.86123213622503,410.12730578028857,18.26670358834119,19.373544572869857,560.5339201868468
92.73160590794014,226.42212312886403,24.573112722336845,13.552483419543941,718.2193463951127
104.19670983267042,589.0272942598947,10.613774015031911,12.89013413677836,328.5226096339646
142.77518869342083,344.02396077229037,24.900914757142246,24.365689280426427,737.5132350014773
113.17731481840107,391.1469419652543,17.360838499684036,17.52681762405832,525.1754993411988
126.72904169647191,342.1135896947691,22.225783280261712,21.19786819410762,628.0984359637982
92.06239098411409,473.00469204648005,11.677988721735666,11.831333688432604,385.777869525609
93.46023131660695,464.8928633318372,12.06216382589152,10.753638722521742,373.2805002191567
82.86080313865352,486.12892421165424,10.227015799114682,9.377783152190311,315.19453096019555
91.82545441505152,307.25729184476836,17.931314930962156,13.911930398794226,544.5299725352852
99.5013237322371,326.26739246562636,18.29811854264045,14.15027065925944,550.9593929516575
92.39073389937228,250.10049243848317,22.164866529904373,14.259849037948847,670.3130775515646
86.2091773629939,462.20398873844505,11.191055827747757,9.7528070876631,357.11864851956176
88.44451097704206,215.91885093426103,24.577153109425357,11.962923314311073,737.1686859309975
112.2545137622908,439.0729342093836,15.339754061282116,16.345358913015083,490.0513213916603
94.44336028840547,547.8783539406536,10.342809816352293,11.663144418923046,340.17652404286656
105.49889027336528,556.3328593158534,11.37796071255994,13.362986855759663,348.405514924989
115.23920895983998,379.61510414798465,18.214113353337464,17.466815639880362,521.4080758045654
128.3276380040556,383.72147528522953,20.065747622074035,21.245876646547902,629.2949556803504
82.75184978887692,230.78767320320694,21.513761625218475,11.116845516685245,631.9065484194427
135.95872792363298,468.3060101772143,17.41921627768784,22.357545935312356,512.0493231201119
123.95302726436354,528.5037681491382,14.072144957277047,18.69000057887505,392.6483553635687
85.72313223642104,297.8620218418852,17.26768623398232,11.48267059543057,524.0195041944272
141.1505036874744,368.52035265334587,22.981173659124828,24.02340609014809,680.9062912346209
144.46106803722694,535.5357347061081,16.18503401456537,23.667589028439938,456.50067309397826
84.27545718984047,550.8481870649152,9.179529950589702,8.147887037887829,298.8549790070706
99.38143537030426,297.2719921056904,20.05868793753784,15.251592349890698,585.7766214330773
136.4340895855143,420.2282538165457,19.479997598411238,22.297398443850362,633.2724429929171
132.37817832685607,276.99726025433085,28.674257255536087,23.469572086403513,826.6460422544387
92.91647135494641,240.75150565582263,23.15660816371701,13.408854727415667,674.1583790576163
94.65445263356972,564.448200556783,10.061626828488496,11.142938255680475,297.1008924145949
105.93304719539674,528.2030016928436,12.033219825244167,13.894358358693516,395.60040504527865
113.91660896337149,504.01396072126954,13.561125426012133,15.814915996764213,405.55614257633516
123.27783400712072,219.50652752525616,33.69681131499013,20.31161430932015,964.7826095777856
105.82395476988407,537.491517084103,11.81309301519549,13.503811294862311,377.99142135287235
112.37743012932035,375.2176303621535,17.969959996952532,16.940734928532244,509.39279613225335
132.32296566936296,336.95804931834385,23.56191803763971,22.458250559609496,706.7628521508109
82.56782420234185,418.5905444101506,11.835120306220604,9.886237489366396,400.09978170624345
97.67058610408145,236.54129708942233,24.774680947274412,14.509901678810413,739.698928057405
129.93447101191867,502.6586197409595,15.50966790290546,19.833658906092253,480.567840369674
142.66447863810396,432.9740307553184,19.7699356318291,23.310891191740982,605.0211785993608
115.81742094809663,274.636038749267,25.302743545722453,19.093356342257124,777.4114617686766
117.24794396857209,275.29287990761827,25.55415396313578,19.89084654082753,774.4855124080935
87.50204079378432,273.6994606290697,19.182070858160262,12.53084557336067,579.8810421186083
111.31886567764182,222.80095502077359,29.978022042301205,18.568066605161146,892.776439974656
117.28320865185162,435.1193797486739,16.172555961942404,18.0897927828172,468.7333571629837
96.97293525443108,536.1392710354032,10.852359507314763,12.715569878073518,352.3598022989588
98.84702616645667,206.99928559495544,28.651410814974977,15.45384880099668,817.279643781357
106.40989141732359,219.6018579885094,29.073494839799974,17.35759139264866,841.9204442542756
81.40498384444085,429.10811067477835,11.382443978944663,8.840069596482461,290.09007724635035
102.54554159082248,527.7982741544209,11.657356222519986,12.631313893649867,367.50118003281244
94.80136048975812,330.69555622745344,17.2003570119739,12.838402741156678,502.47912442525103
102.92481465245402,339.8457595230889,18.171446034263916,15.091389928486517,564.8890843285049
88.38334922734758,438.53859899871037,12.092438307024485,10.662345203597448,379.51210861258306
142.33690965179264,309.6851556496588,27.577087320158633,26.023626936036106,829.6598367969859
121.5514717487834,210.64334643107367,34.622922719818426,20.879751535231417,983.6536864775379
127.53716234011426,494.09140724063843,15.487477880140453,20.35150077345061,487.9535521170076
135.24198670251369,450.2599651765812,18.021853661736284,21.833713183644825,580.5763700981773
114.89095392503401,432.30239962226364,15.94591480761012,17.05165116629576,495.3614674513391
86.08442016611966,496.67365159672926,10.399313902322563,8.87919702374338,339.9000589577748
117.59745792729834,470.092335024815,15.009492710119257,17.16211595375879,457.1355660633164
121.07887826146154,282.35279527132843,25.729274926095943,20.34145124063233,744.7191265148206
132.1807631929031,340.99241877734045,23.258129374286266,22.284833720112328,700.9411405813426
110.21616823607755,250.44405667145,26.40497914805784,18.164756481780262,744.0934502567684
88.93062119568947,251.9428053671524,21.178764219782078,12.535330409626704,618.8848921584365
99.8643134059107,470.4782985426157,12.735675211620633,12.99217799101426,354.3766590650081
105.41576074790446,543.4400427929993,11.638718435924108,14.951729804245986,344.8753149913496
125.2142068932121,585.0930335444557,12.8404407211625,18.325380496045987,405.58498272228724
119.95448132682384,451.33884701977775,15.94648660786348,18.863141682365523,490.2022495265074
104.92677081284924,273.6405293443828,23.0068486706068,15.983156319624033,679.6688829219099
149.05606741550858,242.26013817957227,36.916366481642804,27.674224380487694,1073.2313975878333
122.4042373549821,525.1403886147032,13.985315927942127,18.684422849403028,387.2237352891088
96.60587542151961,431.5025905439997,13.432949540311348,12.821778046628086,401.95576481603337
87.12477308342827,447.3140084054879,11.686390961999576,9.066246980851593,346.66208909162924
90.70013974290325,512.5848355018836,10.616795518825286,10.544949507991971,317.0280485404458
97.21704098691558,481.3108910929806,12.119032764808347,13.035124587856533,384.4477360966375
91.2476961281689,533.7833011424386,10.256712332462387,10.743584609333777,302.87259547146095
93.05969168359141,222.4855621839514,25.096376799493044,13.948077140206165,725.3201004461586
99.9566618085693,499.00825469860195,12.018638273101416,12.073404677419099,327.89141754232435
92.13615167063284,540.3411029288382,10.230887619456222,10.279151481397548,313.4740185319392
142.77357972384976,314.45401698332574,27.242185886546423,25.330671471267813,776.0028457030166
85.61636219631495,456.17890959730113,11.260892653528517,9.997965192005685,349.90703160257846
116.71579726991783,325.66482553478886,21.50354378829588,19.222682435472745,617.3515021034077
108.72777788927631,583.1884265929816,11.186207366062103,14.262249325396722,348.31346830321615
148.76650318360245,213.3694289742015,41.83350086246605,27.710948300063126,1205.212606295006
87.84272315176366,431.91713753318203,12.202718834468357,10.566724760885034,408.2504746582995
107.84989193320192,266.60141881980604,24.272164584262068,16.472527133957623,724.1790295448037
147.86293032927583,484.88808207086345,18.296543362886762,23.716004065351058,509.39149336890694
140.58549881257863,270.35611336746484,31.20007098670556,25.19894175083026,883.7681133391363
137.1950449664496,294.15330475934303,27.984396451780867,24.02252012051593,819.7366990700704
98.05319789314579,397.74832441830324,14.791242382209315,13.067977727012273,429.0088717841104
91.96213111730461,565.9339799987513,9.749773051355657,9.556822930054762,246.4588876692402
126.80502539471017,284.6857488591883,26.725263045906242,21.78017441604122,810.2132728637513
145.056319238931,257.6960084472414,33.77382213554045,26.063918071286597,995.8511228254841
118.97340251097509,503.59073274161227,14.17501094945914,17.848857798681287,440.69529546293154
120.01288826289299,400.2478129335724,17.990787364948485,19.687518217766165,525.4391151124001
99.5985365562199,564.7140449527085,10.582191547712688,11.184812323209975,337.7896217369259
133.8645053234356,258.6458228639369,31.05354739725055,23.08594863994205,890.8580492945907
93.09306239902664,458.3711572092157,12.185722544039029,11.507237613947776,378.42880414774646
102.65754654829706,293.151658460726,21.011147694813452,16.177592804523087,604.1145060491791
109.78055070314917,262.70417146065574,25.073195471414266,16.657685599516608,767.0875656377108
115.53272650791186,473.3717660629082,14.643804484007813,17.963903511873248,412.05475042568287
96.96868126905562,437.4738479634933,13.299356986086293,12.820988253018927,430.295707802196
88.03857773174425,501.9309833449325,10.523986044261768,9.929036755967305,328.37750875554354
122.74340297091427,323.78503057847297,22.745351028419336,20.015693342463713,661.5072574059373
100.2041387268179,379.18866255287594,15.855559296345513,13.854866516364538,480.8773217292601
120.68667549958286,362.1886705321674,19.99289629721273,19.78755322629379,608.557183451013
90.80539006919416,593.6357855866056,9.177889097046009,9.298516234355,317.0782877168135
113.67980712983723,316.89958269575516,21.52350081930732,18.12019544788558,643.197768483086
117.281260278611,317.92689533870674,22.13362794997212,18.631922992200632,636.2793898055455
83.62764757756989,341.8192835314429,14.679273804611535,9.951084083205341,445.5695779541613
103.56229947357444,425.83763251612856,14.591800944645543,15.772375309343447,478.33286990374387
89.4090273857282,300.92909770549807,17.826596643684017,12.331332348315124,559.9216563855821
84.43624793309374,566.1159761517096,8.949005308813215,8.820441196579083,301.48179947441633
149.29721626729616,306.2742259465054,29.24775321316906,27.37191133329217,870.075243626012
102.56476914823061,558.326292624078,11.02202463002626,12.331835486323286,355.59436842381706
136.69121120982444,241.39002545863386,33.97602140770694,25.16230347941184,1010.3081224293928
97.82484583346347,462.62508095986095,12.687359573825326,11.482954457587374,379.3064546964497
127.70519055567505,562.7942073752974,13.614765988930863,18.801142401501362,387.41845295897076
133.21595019227806,267.4997753592918,29.88023822001704,22.96709525672937,873.3287398855023
121.6947118425491,587.3307840397019,12.431976850134543,17.777461416935306,364.90535480722565
113.01033319851109,381.15334416620465,17.7897428835202,17.314325843729716,510.83125346042806
108.8288639903088,578.2860433764098,11.291525905231449,14.320226737608618,334.77889030243125
104.42077865800967,470.7280174520188,13.309695805644703,14.280806786486092,455.647064905432
145.0670400973478,320.6347479494206,27.146223113702913,25.144463108350624,797.7833600187213
138.14335854514104,275.32100996684255,30.105227035549067,23.589533127066325,885.5141126400125
147.55188374665588,321.49401849003976,27.537411322237812,26.600141045721518,781.6148677965521
88.70080564398813,237.20696370507,22.436307330574106,12.867561126624114,625.7304044415446
131.1607232642551,257.5471865373319,30.55612255626247,23.572891231655927,874.5752886414881
145.68383197747266,241.86417613859246,36.14024225580061,26.098587847974837,1076.760604517825
92.68631463159622,369.1774174966231,15.063702746516563,12.660459734692214,461.9536527800681
84.65473871567443,518.2313505030345,9.801190757776673,8.85634299929225,319.2441612536314
131.87844545030413,256.55342168653607,30.84233558454039,23.561340195276316,913.7767366145033
120.21311792259382,252.12817326893435,28.607620409251357,20.64783672180673,824.3322725129913
138.92801437307904,457.3715798069323,18.225183265439092,22.999463538618283,571.9367260821257
89.78406636384027,278.8731927872265,19.317181145986304,12.242641431005232,562.2311576242323
135.6687118301923,239.04401524359665,34.0528195257948,24.536242390610557,1017.4174409977287
94.11391240334211,266.73943128223107,21.16985372974623,13.909894149358948,635.8354510155101
91.45591600059932,569.4925583507104,9.635516530589472,9.867683333042038,266.83215484694665
91.4986058551695,528.5885011104763,10.385992770892239,9.924374703791829,308.7582632787933
137.02023041619674,341.62582494203764,24.064965891752085,23.321340416054653,672.7089189817638
126.563805448734,462.3283069309571,16.42518576752014,20.566054079106394,516.8223227907389
116.61457973383835,414.91026946721524,16.863585451897737,18.361068650420197,505.3909410377221
105.11813388864518,470.8497053930256,13.395119421502208,13.901059365252014,363.77627770985566
141.40403785691757,473.06846098510374,17.934491455523624,22.777779242797955,543.51732241586
107.47115751958448,451.4936060239972,14.282083655537614,15.8473621252837,422.54364304306597
137.1619607630104,306.44054741492346,26.855837829572554,23.249086169709486,757.2183409386149
110.73944359991529,215.60256830512725,30.81765986475453,18.38997986007008,931.8707854640256
106.38611005974353,382.22671279604356,16.69994898287152,15.258073587731717,503.42947248158475
112.38758499687245,556.3895538762815,12.11966517493564,16.284337686026507,366.60532055493053
101.09645119148995,427.7989034074304,14.179061758165417,13.47006998025699,422.4011819267792
132.3326566123376,532.9564166807631,14.897952530884398,21.163661717645496,420.34121558460794
115.19042730647354,596.6497371844912,11.583723594688045,15.895513264784913,331.3108628159504
96.2548886602772,265.4464816553105,21.75690287398877,14.250732980710888,669.1971325017896
142.9702201292198,476.71105565679295,17.994575762323105,22.728940914247218,528.2144584724225
106.87238549612479,469.71742948000986,13.651490720423402,13.797401514008884,415.9943257699211
118.04870027797921,591.9821789433114,11.964755475108682,16.437760793436222,327.2308648267878
143.45304776751829,594.2402935811201,14.484347424811785,22.899297487281476,412.613284657568
123.69665971397944,474.67144468965176,15.63565633844114,18.429575798392026,483.5492555426757
88.18286284958549,297.4459167928777,17.788012785730803,11.307215487158869,539.4372488023635
145.78824865294325,519.4223352522397,16.840428925584746,24.303791267878122,540.3019300979959
123.93956371499925,242.81165368441523,30.626099324561604,21.418576907425283,919.7834016458884
103.44339302599603,512.2797216686515,12.115653458510828,13.603854693992231,367.74690897739833
89.7490450864371,564.0784496578785,9.546442890084295,10.228897399347197,309.5671406961592
135.5817632489207,353.1333579073741,23.036356132260398,22.421226701622675,673.1483687373515
123.40509291499595,452.25411799323217,16.372002554127235,18.94410790865554,533.157222588229
117.34227643834251,372.0570928387305,18.923269363264893,19.176138809758235,586.789752754292
142.57248081356704,375.10602199525135,22.80514933701149,24.564219684078175,676.3719871836139
135.20180478571714,324.148355643248,25.025912197040643,23.23871160810989,739.4399604382977
90.61724158129257,504.8518481801298,10.769564406819077,11.737954768471692,363.4025170032298
101.82054474568838,574.470625666602,10.634543198187538,12.014605789881898,342.2999114095056
97.3942397870126,576.3003436937845,10.13994603884145,12.00740247727398,347.9715224890216
132.0762404800874,269.9125139499735,29.359788891722193,23.726597684845594,813.4392870294778
82.34727043150455,549.8974598626264,8.98501372805864,8.0,293.5437480062195
119.89227794099216,494.97257657084884,14.533202478198039,18.30373746283644,430.04036258696175
133.37210800184835,301.1349602761157,26.573887245683576,22.441509398401315,814.0928147789497
141.37359457332246,226.91384516860583,37.38165764233814,25.224598577750427,1113.836580863179
103.94572241011352,307.1989067537512,20.30197115774942,15.833151123330053,603.2389495629199
137.4880113270409,564.8832947126102,14.603513251032417,21.972070749463754,473.0390060652792
87.74422158686451,453.2714699583089,11.614790791258281,10.902729362625298,393.93782370085876
139.25166042141626,488.42186435914874,17.10631778585011,23.479021653681357,514.2000640340239
88.92420636323877,302.86094044363836,17.61683885012977,11.951469643568018,576.5078210752117
107.8101103392257,487.7552622299281,13.261992481188726,15.564070717059009,403.97241854601344
135.81067560456876,211.2486025111695,38.57370150338995,24.16951771571788,1112.14164333726
90.49421991441416,350.1285383092055,15.507599640649156,12.397276176638409,485.0691607608257
96.0475976662849,450.70133941693246,12.786418312917462,12.51130586948504,384.1490119429162
130.55767978751464,258.43862621652806,30.310719809691903,22.847149422976674,885.7617567472339
130.4025575582252,529.2014297787739,14.784830526184145,20.362804395681373,475.6142007267677
124.8803343019708,294.01251952476747,25.484697285099987,20.105700798527856,748.7187030691085
128.576391112697,460.9124451273785,16.737633249694106,19.754008109366037,468.44318147157156
117.99071103433172,362.07885703013187,19.552212244944087,18.652690286885107,588.8433992228942
97.6259341234867,438.41743819105886,13.36068216533058,12.062583579406477,393.4487873629364
104.19871954527436,242.98022105156326,25.730173203644135,16.69604866962362,772.5431872343928
92.7118401760998,206.76511996864292,26.903524208578332,14.216764812274462,802.1593206198655
143.59153929335397,563.8257709521205,15.280416045993148,23.24702457458301,490.79070686307773
120.83742563362844,307.85200350687313,23.55107472235709,19.228681712523084,712.1063442725216
108.05959917345479,527.8708011121837,12.28250537204726,15.357915662152509,398.85833527679506
112.34040625508928,599.7401201888802,11.23890856790196,16.09294330507887,334.3227866573996
146.30983377282706,284.5725031995645,30.848342435296324,26.336999920411156,915.2540744252586
90.73459821812561,306.06829647334223,17.787127761407007,12.656874669563713,571.2271501409646
121.0360882411758,465.1439150538663,15.612727715957648,18.524371874349875,456.9351929062005
115.41220752191262,586.1794538402485,11.813331917297045,16.216979197157567,399.85380555378634
122.80179648042534,566.3257392762976,13.010370671552307,17.888012993189292,386.53596284926607
81.26771286745884,401.15020802623394,12.15520439597691,9.20085780275231,356.43398145860783
141.0486736260906,518.0441130106899,16.336293000960715,23.322627159368032,496.9807871301227
145.24827977385286,254.29834123996042,34.27036426559951,27.447459158735324,1009.7289408976045
119.55932285124462,590.9752736816049,12.138510172152344,16.228596018565757,391.2389227042066
128.76555767138245,585.7412936143946,13.190009897729844,19.188038019503114,383.33965079824907
144.5749566824107,265.49158315166835,32.673342401175596,25.418148867227416,959.1890168569838
129.5067044019379,319.76924992124265,24.300029680871692,22.610261615726607,701.3072194013783
90.6777330039983,240.06199900270678,22.663578587373806,12.687380559790318,639.2184928788491
120.34018521167692,308.68703955927185,23.390716769351776,18.937843899692695,670.871278273551
122.47005324679992,526.3823157660827,13.959821549311773,18.544526418691547,409.2060503495617
109.68914699116702,351.3262428661038,18.73286995522928,17.528538675004576,568.8868224645108
131.5510964937306,235.35878685870335,33.536312346657375,23.40800550452177,997.8115065145964
145.40569103383103,336.8902099115618,25.89669039156739,25.67296987846733,730.4565392898298
144.78979590347433,592.553333696512,14.660938113391625,23.324355067340285,450.9805483835321
111.55875599828924,451.87343810368117,14.812832079679671,16.91935484132011,424.6790269575078
87.92666320885287,366.46437856246314,14.39594160072493,10.730732870990915,449.0706258040247
148.9388839273634,266.615405398908,33.51769198134417,27.015640862511944,961.7889672583065
138.7228660512154,594.4707189134779,14.001315284772414,21.38405564921978,404.3643919061272
88.72638768422868,528.3396037052514,10.076063243639835,9.324762631627236,330.9956977349542
144.45893178321606,312.59092098036774,27.728047506336015,25.39206715577671,799.6848701784108
140.89274534434898,228.02747828847578,37.07257030648912,25.99354669113965,1067.8969671798015
116.31866399882504,222.6502229510232,31.345667421427702,19.727439561887426,868.7606688463582
121.38928050214506,248.15125980221353,29.350472916937154,20.78405000914219,875.9812827055918
107.93018927090912,432.30743344576865,14.979643779516259,15.568706289703377,469.3223513562674
83.8333147175422,571.5053684821969,8.80131519396081,8.578711472722347,279.26224654746153
103.46380691521307,398.6973712023938,15.570276764532405,14.298954893646565,438.9627381859416
136.1997414018608,537.1781929824789,15.212800130138925,21.350353192508774,483.64854342947694
80.3242416103222,378.35464794392317,12.73792861488419,9.287110755213085,376.53589909918253
103.3449420183801,483.43341830713007,12.826371298070754,14.046699024108793,383.2813421503896
107.87180855136603,492.74909491460033,13.135099749302826,15.09762113403344,447.2715603987408
117.6176922056546,269.5854823613355,26.177453884109507,19.27234945088094,753.7437618407359
144.38989314889324,344.4864235903247,25.148722839761035,25.06371072470174,753.7300270737463
104.24421960561729,454.92086261520956,13.748881817335944,15.964428848959358,429.53371459828253
104.28672413273594,228.27864327374647,27.410376013408587,16.88769997162758,810.2929958221627
131.6250873676824,344.61607510518263,22.91682197254,22.318371478516063,681.7588288097386
111.65525586228651,413.919786512477,16.185057032868492,16.46040064239883,494.33139039287704
95.72233760579874,598.4897972178555,9.596387913455604,10.77281838073838,306.9514685931877
111.67076612928854,389.8134250489763,17.18834072201462,16.7322201164641,513.9802673238735
89.85999142658599,526.4227028457294,10.241958518219896,10.35115519175763,349.89348784580386
92.34708905543563,372.8269140266471,14.861655998713971,11.25758124427535,423.33283838296967
114.88574409176358,518.5562890478836,13.29295351554265,15.64578766911439,425.89911060819634
109.32478146531835,438.16592064804337,14.970326487778145,15.467333919304782,469.0889997928675
144.03921307476702,554.6381766009594,15.581965232631036,23.379741524433115,483.81105036191144
105.36757293816432,364.37702094004396,17.35031029119181,15.356498432785932,541.9132396732027
120.64118451946304,441.72176792859153,16.386946708811394,19.276085329245095,490.62930782935047
124.25850015436713,452.0074722475309,16.494218496412817,18.592987665557278,458.11858321973887
80.91661196118335,366.95317672018933,13.230561896383453,9.063666543341004,402.26947646460223
126.44761604116974,257.7248174749926,29.437820683319902,22.37992040042966,839.6828234675147
92.4625176808826,237.42376276493422,23.36645244033812,13.509497668058856,674.1264426878502
147.27492222286185,206.66862023985323,42.7568313134154,27.643872303448642,1209.2244449049867
90.4063909427179,549.4137056980858,9.873039933852478,11.157979425886595,299.74595286985317
109.02368866089166,294.5899648954778,22.205173628281717,16.656072134353987,644.1728930778141
85.97447676550507,284.60269971270725,18.12515696842486,11.37426592060027,493.81301133782733
149.7811976292163,494.4141601704262,18.176809205171576,25.093804424270424,556.8214449315781
115.15365072318698,328.0064452349567,21.0642782901477,17.23278876365277,668.4267818851453
121.67695121240307,402.41787696473466,18.141880593898076,18.990049430403243,553.9594647939813
84.69535341718992,265.0044261189825,19.175986150321084,11.72611562592746,566.8580503164767
132.49723292794243,583.8982885847877,13.615100662385576,20.44460639920723,413.43465827181706
94.69339151669101,540.6325600068949,10.50917741789174,11.575243440044924,318.7630167336222
142.86380026084996,545.5158491860013,15.713252013560309,22.881370459114432,475.33603432839385
94.3597748337405,362.7094994288021,15.609148640827836,12.455754399110461,469.8673760514083
93.34814044645665,504.94448548286914,11.092087522119135,11.890431057086477,326.754753544085
82.55847674936665,257.55046215591204,19.23315750822966,10.578406036072424,606.1821084146143
113.04468615769994,203.44760103671211,33.33871294082284,18.958655272020284,939.4671258066123
119.53887932838315,207.98917303121124,34.48416403207053,20.44966066901592,1015.7899835550859
84.59960475998467,434.6406949618242,11.678557356542324,10.467268350121113,358.04486677874746
134.28693316865073,382.1579620991763,21.083470159462657,22.91454207042611,662.5767076192149
111.73021843236194,407.2061395634079,16.462947030045544,16.008191616747133,501.4359196159268
116.7073188529306,202.98525616688775,34.49727957294919,19.122807280679876,994.5940859655775
110.85339228567597,369.0746478629703,18.021296167733553,17.07255954800379,533.4894210227785
108.05341426127282,487.22726448034433,13.306326078839362,14.999684305160331,406.64415459277586
119.17482319157526,377.0774807869743,18.962918115850318,18.530171568490083,542.0686736880765
90.86681721514988,492.88768252488893,11.061361900910736,11.261777513845097,327.37424516723826
92.73496913466897,293.2075857587339,18.97665141807948,13.10298373943251,529.6118253203387
140.3249934709462,525.2568017926901,16.029301437927508,22.653143091901626,463.9638181087198
146.22808234935428,435.37249618138094,20.15213413321829,25.277047960707762,600.2465459332246
106.13165213958271,284.3052397719625,22.3981068146425,16.196629519564965,667.5346641287244
98.95212712004877,294.6881903415332,20.147151537772874,15.309285640977011,558.6416985164167
125.07996802673111,451.2121858278148,16.632525267098483,19.149351771305888,496.6433862411148
108.61139197686674,531.9758372849774,12.249961486730163,15.095103518903088,387.4064276975011
81.77704489622414,366.2511128116621,13.396881325782042,10.374190142486935,405.13443209262186
90.93068181563332,303.3201716510369,17.987069172619428,11.785900591132464,524.8052376132198
130.11805601931783,546.8046427642402,14.277646440037937,19.751096037905057,424.91891904602164
126.12467593371059,467.707316700334,16.179949053205036,20.223072339247025,475.8447020329857
81.89671947524384,379.23419491323057,12.957173257118646,10.148566043296562,383.2923002005609
95.53805133530646,395.16007811172074,14.50623025359799,12.696003503209877,443.0669994343772
96.175235761165,281.7025871745586,20.48442012388821,13.591510195390782,653.8669498636054
127.03249205191099,450.7210520259376,16.910569162134543,20.50597686318784,492.3329584583503
81.3797376428055,343.49700421715545,14.21492530829026,10.355971291734184,425.0354036512241
87.28760073892016,598.2580706697397,8.754175331846657,8.343686569041873,276.7934321240489
135.99412597612326,392.0734061047551,20.81153026835817,22.157582422354853,603.1653070198897
92.49812634380335,394.35424247584524,14.073355838103199,12.153968177169526,449.3816609902896
125.69222754963123,426.3407149642687,17.68898298538042,20.232320802080785,481.6803238137458
96.67279467327086,566.7024012474988,10.235297517052567,11.368535087854381,308.8593168233757
86.96089749315416,520.3272399439002,10.027639241320133,9.886185432406034,330.006869953861
97.02205336996178,380.4520279191366,15.30107024014866,12.923945042718739,456.0616648026403
130.55868522989613,487.4797063891184,16.06943019601488,19.507327483452286,467.1351046899213
139.89875276744,434.49419951230465,19.31884286480259,23.126405935550906,583.7491766660926
138.1153905196894,396.9468194804996,20.87665910014545,23.269043706612283,636.8708570093761
107.80284707329184,276.9263091137402,23.357010914195513,16.723650991673665,692.7108148724781
126.76595955994523,385.5745053819563,19.726297946131396,19.969050783204846,570.3683588636536
94.34890067910747,298.32743480902985,18.97557307919138,12.452324875091767,574.4044453193314
100.52034111827092,565.9368599406619,10.657055396124269,12.214200520465111,323.30047155818545
142.74350729647838,334.1627253985388,25.63005921014718,25.38917384906423,767.3260290009124
80.91013464575153,580.905605813349,8.356965452154594,8.14166140297498,296.3219665430242
85.98559715981277,413.22211603788446,12.485139660617229,10.863774668964084,330.6405315641118
94.55203786022192,452.6177514704641,12.534025130880265,11.6145438055766,386.3482060526715
81.85725427116738,417.1761777957311,11.773048217232839,8.642152640795834,328.0114758076004
92.70048045628582,251.75224678668036,22.093263906757013,13.621918034468155,701.7939385808365
120.81290926787845,350.3284876031764,20.69136485492875,19.718756285098515,604.1705328551016
109.49971854147486,239.65844491104957,27.41394368525997,17.814164233577774,817.5173492565036
142.48701977538823,449.18161767335266,19.03288302581504,22.83580845932889,566.1857504174898
137.22104932169086,378.74967808017556,21.73800648764801,22.747681489637017,626.9056883670038
103.92721461885131,511.1939886283747,12.198173327238063,13.786639584100287,356.2407464575365
98.15964034019048,288.18819239974795,20.436570878802527,14.632183738569529,638.0811202779566
106.57846857170868,265.826423371734,24.055953630163035,17.04392005182258,727.2730019909939
121.32064597603654,362.5328923855071,20.07883673854801,19.488448632648456,635.17877966106
98.76445485760134,570.6341532873524,10.384704906493758,12.162537674780047,324.7913015294528
123.69042354943937,484.1687260049647,15.328180062770643,18.94765977503987,468.4643439701012
108.65881565338682,367.5694499171675,17.736862899439544,16.59970300914069,525.1007109531199
118.64330265963861,406.9088679017242,17.494330355310872,18.51517579063555,517.8822356853241
110.52885703947217,233.68520447083932,28.378910155588727,17.953781624323288,808.8895786437315
100.61260316793424,593.8303585504452,10.165792474490404,12.108891560368201,319.2060367269098
146.39173148735097,466.5629218779676,18.825979256745217,24.687516841081383,545.2884694494886
133.45240559118326,314.161627385369,25.48734039262206,23.077408269643872,757.2468357066575
89.80792230365168,434.3233576860977,12.406598086105147,11.153968721250235,383.94347233585086
140.7927583128539,243.7929464275976,34.65057386834618,25.46372098595987,1011.8568823486706
114.12018387746596,586.3346675230334,11.677991106297622,16.303990989152158,393.55549365056345
142.6186558825864,269.9139951533464,31.703133244697533,25.620042824111607,922.4589847147945
135.98986791631205,459.21212722208566,17.768241715081388,21.83017990576234,546.46153837675
109.76494531284634,298.1817850155722,22.086851208657293,17.594784104412128,693.8080139683548
81.57285158240822,487.0245530594143,10.049536649022718,8.0,340.38875016740815
98.80741515694623,510.72854689611245,11.607819741908184,12.005766743614641,381.14288275497313
117.91439502626068,469.3678915645731,15.073173578176723,17.785668437030818,449.4007242143393
124.34347538783031,445.799784102077,16.73533453654954,19.669112661478692,506.8717524929901
98.05213798032416,556.9876375808046,10.562403690631209,11.322158441730812,302.3140731164466
89.75492518509769,231.4506843959032,23.26757220511889,12.64032544973067,695.9611387548009
138.44511657595095,332.3659063120781,24.992656697938795,23.596289822391896,739.9860348913767
148.90815264924865,299.3149918523384,29.849788357285448,26.52658391426884,871.5600409558638
116.79831276118801,595.2055848261687,11.77391298792661,16.683324545031667,383.29436997159996
92.01755000938124,355.7559118667494,15.519216452630081,12.623531035197033,443.92290830162017
99.06151285635582,493.0450796961595,12.055065583544948,12.75844322767608,403.35449268264813
81.28734735832268,473.89006555240184,10.291924638289437,8.295801284446377,339.1082997903443
144.00091645923493,284.8324949909511,30.333810711550253,25.018428416724085,883.2916594337252
88.24257580230989,295.5990720846205,17.911269175509904,12.592950468687311,532.3747205252815
120.35615328599775,312.51382542121365,23.107359130197615,19.925012297213705,691.0894557264611
99.18386544810443,364.4509113037517,16.32876127431707,13.601275017652162,521.261990647092
118.79246017610554,293.7300262602107,24.265641825300325,19.77310263132513,716.0833869167232
125.59942718463049,207.86059309873912,36.25490295554989,21.824608131623815,1054.1018757871743
138.08192625950412,551.7572227228782,15.015509057923783,21.69335340219284,454.2751778472779
94.44948902324222,586.2439325523536,9.666572269195218,11.013114286966205,339.1269104507331
80.76970800609364,336.62815481262714,14.396248237355797,9.305188064754798,429.11987900555107
89.58199410481652,335.4027517701892,16.02526997146336,11.682430084994639,481.7198285058946
143.00130492936736,202.8367251097484,42.300418186694934,26.24556273459637,1250.5059960670471
141.17230542937608,472.10027533214964,17.941820346965898,23.063645974791015,539.1487094436552
121.81891715192158,530.1759582994515,13.786243820937242,18.365712747812914,442.0837658269844
122.03618023035574,258.6433201440013,28.309916566740174,21.461170242382806,809.5614322763131
126.55256721823788,263.8665397468603,28.776494512637885,21.213302186274877,836.8026002292214
92.27598950364147,516.0332999885751,10.729073822059675,10.05982147999684,363.05548870429277
144.0088362147472,446.5162993416578,19.350984915051033,23.240225932698987,562.3111675098967
109.31393674244512,217.9442230510868,30.094104412252744,17.68844007926039,874.9371772613488
106.81969697746482,449.0187961849127,14.273749502478491,14.740470727440401,438.18625427878004
116.32423936979862,323.5670891375064,21.570346912574465,18.641843035912462,618.4692548467197
83.28761767425385,347.49006218833836,14.381007125742594,10.263820285812752,427.79271795109713
91.63983581292555,507.89256731875207,10.825892132665839,10.007529731899705,338.3423308976076
131.66235314984593,524.3740770690442,15.065087185746975,19.596865646619747,456.2407122683374
85.79590675475885,360.14265073593225,14.2936539028809,10.848601669887053,459.2193549466418
122.22064766264717,578.8611744025419,12.668389562191075,17.759837726851764,418.7346869448533
97.17443767769247,362.58508718082885,16.080270443538048,13.26426925429053,466.7350431224887
107.25069298293836,508.73441409204395,12.649117890837294,13.812430101444498,389.58894259236297
100.208561573949,393.55090582570364,15.27760095437252,14.180614454687564,474.7684981777138
104.89709015254644,559.0129306088336,11.25881900852998,14.245911015896716,378.5916059123534
130.3332133628972,563.1044974600715,13.887285285495933,19.968079108387297,436.553950259782
100.79852009362224,234.96672314843354,25.739437161902874,15.092508670944992,761.3165593543174
119.6483248207828,574.5973325240902,12.493791883285484,17.12009263074715,396.3262409138301
113.32352815393698,530.2139366081663,12.823902239787893,15.258360781396973,405.75435132970205
126.45698157538537,516.5242857250668,14.6893749320467,19.82364244512698,426.186760298974
145.57808175273306,280.36453587420897,31.154742442471292,26.162256262965457,911.6471064146597
131.28004680471753,522.047683501866,15.088282272312576,19.54712466333036,485.1426052163624
95.04582650135298,540.0530938740147,10.559609147265682,11.207256243374053,324.45387356441825
82.18281945428993,315.66013378166036,15.62113374338271,10.44371381603315,473.5335238587868
98.35848310098775,580.9040313449295,10.159180635045487,11.638412387659534,312.4895613441213
121.65545514901784,219.9440585596657,33.187199312142056,20.643093382093706,918.6720529438443
83.59980694389752,259.9637012988559,19.294956917340702,10.449271477238545,574.6741085220428
114.74563730408654,415.0324552206057,16.58843339031327,17.610336930474716,504.1834776480304
121.77899942418225,430.3169884489239,16.979901239288864,18.595200661939977,498.90689205240756
103.39707235718726,458.06003332036136,13.543692726172335,13.070735494617045,389.42866543637103
133.96385426220752,206.7876517261866,38.869976948021886,23.74094190971492,1107.1519894818277
87.46187771936403,584.1467098488521,8.9835525471327,9.586366584290026,299.561842791074
85.25964472150662,217.8352370936576,23.4837060869586,11.655121871638586,731.5116078671064
130.97321293425222,257.22478108936093,30.5506831137125,23.60641859364081,918.452036678287
114.68439213443389,205.60580701042278,33.46726256480301,19.40996824121028,945.938448980389
128.18816774994153,426.74337331763786,18.023220853324496,20.697265884994167,555.5902384987486
110.43791370226224,572.9067535683889,11.566061633701345,14.783553740970376,343.6418918044782
97.24814232673748,466.3788664321857,12.511048333389002,12.52769205207572,371.83534646252934
137.33716223719398,529.062987392171,15.575139313466131,21.726125124777823,460.4115929089603
135.95911152782855,205.31248138343204,39.73234669759341,24.279429300321414,1163.1375969048304
128.62875295980987,416.80611939189043,18.516343255345095,20.991051555404677,571.5506780238493
99.0501596060974,383.8251910022087,15.483636081435948,13.279566680284752,465.11716831396353
121.3161466808361,399.5871776883172,18.216222159480427,18.54402024940995,542.3039893635927
105.26817278580188,228.8852741340752,27.59500536259186,16.108636880153796,816.9670969484572
86.41074513286439,473.774144427723,10.943283353367569,10.852733552561542,350.75084252311956
144.211950282357,401.2881659434538,21.562352820941868,24.962982365797686,661.5520441468877
89.5773041643273,506.05953994450556,10.62056502373025,10.470597271609536,304.62781138019557
146.5166147674562,394.1162536246861,22.305593350176746,24.80037829981794,659.3299843776463
111.22040410705691,259.7526544905728,25.690687394555983,18.168229592473907,732.7668302219964
92.95930501870338,459.3027816311288,12.14353259807079,11.51236402009567,372.1263186663829
117.93306631648507,268.9545448420665,26.309218842701508,19.531841048839173,766.9985673172837
141.10620851134857,548.957825341926,15.422628332891543,22.117585890390817,464.4270999280799
131.25574204866928,445.2464956276966,17.68760585485958,21.196072206559197,513.0644449315253
136.45928035030147,262.8815534227817,31.145421633485157,23.823913891370083,877.7832086722143
126.11483566975022,584.9352229924827,12.936287374648764,18.21245242286595,353.55079408392635
128.45935951624966,407.3461853341282,18.921403583668777,21.136087447138834,561.1333850454897
139.44369560957236,229.159380748662,36.51005561823675,24.30426382402997,1049.776809569521
97.47676062014301,450.7331617660269,12.97576067909678,13.041160962547268,383.0308860069712
114.25974745501983,301.2795628051241,22.754895099657226,18.572844508362095,698.0159713280418
95.48466092737216,521.4773807509209,10.986247663115371,11.192762234983663,323.41045906891475
149.1367605597653,527.1288294264763,16.97536756493037,24.367136897462203,537.3659424883733
146.08415377806293,591.5789423418647,14.816364477048243,23.33537768851049,480.7892060011336
82.7598767957954,400.7478124098015,12.39081650349709,9.72976939777877,341.0814383926802
129.3902620760982,381.98275189109484,20.32399548443297,21.149665280281,605.0492454154406
144.7673822190966,501.39024217859225,17.32391698610656,24.15092953529596,510.8374711146028
92.64027415891334,252.98826253677063,21.97104479788627,14.229166906930542,591.2849604062485
119.75616613868407,418.76620551724966,17.158428434896873,18.271950305791606,485.28459608118544
144.08418083116294,418.4990400523404,20.657277609976276,23.654010301289336,628.0731213580747
82.37621850100592,235.78924912415488,20.96182556422597,11.390910340194074,661.5230856553826
128.8194187072788,367.19363420276545,21.04928953688957,22.06035925672799,641.6523838288258
100.81443051607854,541.3139194268808,11.174413983976217,12.96140603353463,352.36361145886247
144.70773367635712,542.4614487978641,16.005679370990194,23.006229272153604,481.33239286832355
147.97407716157574,239.6950659678724,37.0405815148676,27.01443580278711,1106.9698942936407
146.09865423794037,236.28835309913234,37.098397527019756,26.08650494225312,1117.9073606263944
113.19499516602247,305.0781908007741,22.26216070094813,18.255994140706438,645.9711419625845
140.34298556925194,549.9064250215974,15.312749135135855,21.734007632427573,422.2722614650272
139.11845789745493,251.5610340293996,33.18124170562831,24.641592759343446,922.8179497931063
102.3370331270279,487.9987210509785,12.582455081844854,13.116822467724528,411.92645592426845
138.0240831905474,240.4662478452413,34.439115949289466,24.685693003036867,999.2153095437402
82.59053443008449,449.25514149913016,11.030329111580492,8.927680103151564,345.50374900882457
121.73889149374372,342.4269196476579,21.331072618766242,19.788392210055477,595.7102935249088
96.10061861013921,515.5655851863469,11.183906145566846,11.848419753829571,331.09412867362477
88.43968200440952,293.47617953014543,18.08112988509007,11.45709831356217,534.2166325561031
85.38672411404464,455.68073175598397,11.242967037689324,10.054213782227446,351.9756245308881
128.7402143114698,294.273013830354,26.24913769069307,21.830651503529655,761.8605899270988
103.79124746376463,485.4641132448615,12.82787888522014,13.505180753250695,371.644284561128
130.7336740070133,549.4712138242995,14.275580308978705,21.17065412621943,417.412696974549
84.57494385592597,250.720719650704,20.239638105798285,11.622645982582496,624.9957272970622
102.07032364814272,546.6382754382014,11.203422252090212,12.949389377988272,351.60244433008415
117.7643904662736,437.4301017657192,16.153125721011268,18.575686842576683,498.1487615724263
135.35062153872744,250.84419634680958,32.374826328833,24.79232586972256,924.1256699288706
102.31267520524489,371.0167421438848,16.545777629447265,14.592404638129615,437.8715754729215
123.81239635059063,264.34411739403913,28.102550018020388,21.085919599636476,811.49324641548
142.0184423765331,480.1391555466278,17.747160264175694,22.955176782758986,513.4027205602398
123.11042317276133,503.5472537671799,14.6691801714819,18.51470063465649,451.15336094546683
96.30716323275436,242.31860810911957,23.846413773403448,14.24596180710815,767.975894976701
81.70805470895766,402.45594107785774,12.181416105841613,9.407110827487214,388.113869958727
140.9069211730651,525.8500224103668,16.077617020212244,22.931082553922604,538.50132240363
81.4888587595271,574.4652166203987,8.51110107995007,8.0,282.36688803135905
141.22911708789397,405.40714669670797,20.901819551822044,24.04597091035873,606.8538466104227
117.02559938190484,580.1116894445629,12.103765689736697,15.79780179497867,378.9851342002694
145.73473889590275,414.2755881824119,21.106926362998752,24.486299290543077,660.832494361139
135.91482650415657,357.67619783996315,22.799642915848086,22.776183684031835,709.414682031806
149.85538773733361,539.2812514211582,16.672790386362113,24.703631694263837,489.01323557211987
104.54982708161971,397.1930841832356,15.793300222728167,15.50526883607353,480.8500458747672
133.70318022517887,388.7610042258092,20.635276497153757,21.644409902316145,583.3703316036504
108.13516395264695,396.12499576393134,16.378945803827467,15.692580905928654,508.74966142405884
113.59129342127362,538.7140007478981,12.65138384340201,16.40733306756615,418.49439082462334
123.9253824252859,532.7766166752208,13.956173587193728,18.375920011052173,424.9174563189505
141.15739799304373,361.4079969760845,23.434577957451985,24.535425186891942,677.3318171824441
148.88584284395066,333.31994394821004,26.800528239693445,26.3888401264906,792.5416237628316
133.77913897051627,396.77120961565174,20.230168277598587,22.300912937944315,608.9121253591559
109.24367475171337,429.1090038948436,15.274954441899945,15.733044413960306,462.8319816513037
109.49499015939492,295.3348842511988,22.244915043546968,17.445722569530776,660.7973041208584
131.6307611112224,517.5820338862363,15.25911865095626,19.7850937229218,457.28746329405203
96.71440020378117,394.59310629296914,14.705943716914513,12.894513194247144,465.1261031657449
87.73318791919763,333.61821936798384,15.778488612294968,11.563936577415896,490.09437884295096
104.82355103485436,242.72839718559624,25.911319544874754,16.703230609226495,740.6700197841845
100.10672941578572,295.5380641614428,20.323621534131863,15.54782944547728,582.9792876916588
100.7415684319193,579.7124687023935,10.426710537113209,12.20625157279769,319.7760569419194
96.3525425734937,322.0398747278106,17.95166688378535,14.37942076528061,551.2221461516399
82.94652327454533,267.54371574681414,18.6017876838581,10.503116925105289,557.7296841742044
81.25117543133896,384.26911666199726,12.686605075703874,10.030216085434551,375.55480370732244
149.1405672815222,322.8350973440995,27.71828128511531,27.0242888655149,816.3790420127093
109.94411936151036,214.06370010847766,30.816281127289418,17.49683556371097,891.6564845565055
106.90286530117771,329.2580869117669,19.480681486767867,16.3230968499509,597.0951048176768
127.57530978851489,417.64344957578743,18.327878948145386,20.433378910503254,553.7266598211814
95.2777721505545,420.68494880798676,13.588949034738413,12.800970653737195,407.4885688618751
146.49728287651578,342.62356847075546,25.65450185409881,25.675845260583475,757.7400591951815
135.04415100908864,378.92110250104025,21.383472725758455,22.490558550594162,659.2979054516388
86.25877016185817,586.2071672939065,8.828834750695973,9.465908238892421,268.5344115226174
109.23065430494498,350.9393908921246,18.675131456848302,16.497737179515877,564.8842981979893
141.53828152935154,303.2907253039932,28.000516281034066,25.334783798977757,817.6766647072058
146.13124156039873,297.38681762670404,29.483063720160697,25.99161596596851,869.3187364577598
112.71810578749088,383.1058450816537,17.653310264185595,17.948866207602087,515.0035203088873
122.93879724474954,503.8080594867776,14.641146952272134,18.204573348604626,445.5914552845085
91.69237622644526,282.39527367538926,19.48170910222346,12.543000906089516,601.6707405510944
149.38180382958836,483.71845085630724,18.529184102670936,25.99023895751185,533.9865897720595
96.21701909684104,208.45992933976652,27.693673139460195,14.405357657935678,783.8685212708089
145.9912241894588,367.5731911935784,23.83055582188649,26.239170164359006,675.9863414879808
125.4752654294658,510.34602608111476,14.75178710330814,19.554697023348545,423.082992389628
122.54157564152014,335.4931823097726,21.915481226388657,19.882462264430657,659.8649091153956
115.88819577115561,425.4948405781598,16.34165936494376,16.607334321739575,463.0905010250362
96.14688682024311,281.9916931303643,20.457387042772478,13.939614191131643,600.995036015255
92.35696224038557,496.7981564504689,11.15426388458351,11.136105586818596,357.6900734944317
95.43403463491228,220.91164130750386,25.920055838633782,14.906882863078502,768.910951837813
93.05067835009781,541.0170579502001,10.319528042533145,11.652447985870237,314.1381078397481
134.57091314967272,279.27855456866723,28.911116363555642,23.08143325227521,848.5128510828054
104.50876814167111,549.7592126833323,11.405949993806038,13.998269119132523,354.5452792250765
84.04898735943775,341.0116965202069,14.788170883949261,10.825741951577191,443.03463291135927
147.8371841098568,489.07342978979466,18.13680831200309,25.336632920143174,537.4753804449364
141.8650119474398,327.69011911447535,25.975457361510614,25.03183956291633,806.8443580252685
144.9426598236649,562.364668493859,15.464270919990879,22.45763419116119,482.71940778807567
149.64354758525047,250.65485020734974,35.82062285125395,27.310704151651752,1088.6211603669635
92.17266744536411,271.40791570903946,20.376561355161883,12.48915972895624,594.7406461729022
107.73694132318612,397.2120500635209,16.273968723651333,15.662267666878611,487.6047212888345
133.07669329928638,232.77537561525844,34.301745091604914,23.96465774364394,969.6507298597407
128.72144326376545,278.39207388070474,27.742480194085818,22.145818482800003,795.6378719493612
90.77271344378985,577.5065528848057,9.430824255450082,10.543843776135475,334.8948277552811
137.10831874934325,590.5958644591549,13.92915125217497,21.419034053253593,412.920841249955
95.71084002856625,350.5037317321688,16.383992185572847,12.576702441103498,530.7838326578063
95.66723303758361,569.3144084055743,10.082362043726583,9.986840697899025,290.3123012858569
117.58820960253895,417.9298702693727,16.881522662175154,18.074533448380706,485.32071100403465
121.50579543891922,307.89698634950685,23.67787945173186,19.8462641127037,690.6971612985442
120.60603454864679,480.9594884322395,15.045678995764964,17.687021965449695,453.48626904409264
86.40407861784284,463.56072262994286,11.18352885390835,9.069807569368274,364.6090423298775
141.42226038412662,595.6501276434933,14.245502903889603,21.896328543758376,441.27358825538977
98.59200298120942,306.0189149637133,19.330570398153355,14.237306156025102,566.9375459718678
89.0660444897963,468.8238010646942,11.398659063920586,10.860427607614412,349.5310160903384
142.2123655908284,220.80950201177876,38.64300158149234,25.92347254740647,1111.9997071231026
146.89560487608276,245.45841547868775,35.907248384116734,27.563336431166416,1023.1512085186931
140.34893320858154,201.5673499804373,41.77728185309857,25.02610490576007,1188.7660341723472
136.66612523074147,599.7842724238692,13.6715280657602,21.497294564964996,436.67415321521753
125.86693864473152,520.9094788589912,14.497751769128781,19.13375421319638,402.78879275654873
118.56001594263975,514.6892058934163,13.8211582351146,17.71626980048982,452.6716490966127
86.08907319379871,403.8904301152719,12.788974450703657,10.161034728334666,384.4368274712123
108.59172491494891,320.026833162176,20.359241225235493,17.203807826278087,588.7426484183458
106.08819619086198,260.5057137850704,24.43436529266835,16.735149858397754,733.5913726227791
98.18276486322284,313.86989553858547,18.768814644312286,13.823570863743619,589.170111542439
130.63940795820093,350.38848877165566,22.37049654505126,21.811447109083147,683.1073374957562
114.71130145551396,502.5240387921176,13.696216610600871,16.41198720913066,426.84782415433205
85.67323511353536,415.86471556126094,12.360736351182194,10.413916568072743,400.9907833486471
95.41282413648679,230.99345062219308,24.78325438565136,13.63749811209677,694.2779278295552
127.8281134561717,207.2116035835649,37.0137901291674,22.399018261066406,1062.1265798923725
85.32916016432101,240.93287181362527,21.249693208403986,11.855608465949,611.0113059429369
139.5844839834138,364.1994854789517,22.995828860084565,23.909771116762737,702.8334771490935
114.6602568909782,573.2771668196074,12.000504837171537,16.55636249696119,361.4532814571861
113.64106041286536,454.96099248368864,14.986919180805108,17.083313320560105,470.01691577256497
121.46854492616623,520.7303599502061,13.995943498026284,18.02620603187732,435.95704213447334
137.72766761476043,386.5498378018194,21.37799385424223,23.343918479166092,615.596725046419
104.34664455315351,344.6664332780171,18.164805355847008,15.550141457194266,530.7402622222382
127.46113067913444,243.36014908664907,31.42530882500854,22.199983461898434,941.2765332645378
119.60123747970538,550.373208874482,13.03856025887862,16.391266508005707,382.80607814001013
98.6919789118595,513.2640116111611,11.536984087630906,12.34451642168258,358.58475331410756
141.50409904486105,267.24723903909006,31.76925596394955,24.49510353188432,909.4220653463881
135.81982151248496,404.9042255505042,20.126214488548577,23.2404160408959,591.3604429678193
126.09162842608978,394.94992316849795,19.155587232100082,20.267760383882315,569.4196185377674
139.54072103659695,450.03662107461145,18.60391548181976,23.013848424699333,539.1710450487247
140.71059406718615,578.4747575965046,14.594648311206074,22.69153389177714,422.86814163880723
129.58540837005245,431.90857670499184,18.001783066034875,21.03624225898285,543.620271222088
138.59093298545704,416.08690671144745,19.984901819787655,22.617931772441978,576.7706490872492
128.82300231684985,220.12917317386558,35.11292950210675,22.50675650988442,1002.892764920939
127.60985402322103,225.16299040720958,34.004661367955,22.030984498209914,969.157394994275
123.3027964750629,274.93871653071557,26.90842483683911,19.819337488228047,786.8151841243631
132.69016476903488,212.98830867669932,37.37956292346042,23.212407393202373,1101.7237307212292
91.10235737051516,497.34115822800493,10.990728098407189,10.680071293127968,370.8557973308318
141.66095314392498,489.3321215975852,17.369914652006862,23.22110247726584,505.60661635539884
141.02904694216625,254.42249377265716,33.25862698323791,24.494709463567116,1009.9641954914579
82.04730981241914,534.4315603181124,9.211354557382245,8.787044508525547,270.5903938408086
137.80717253953338,261.9144139384448,31.569207009413585,24.32498640906483,941.1179509591402
89.02089072314116,320.4702347989435,16.66692523484892,11.869379253940535,485.92111013662134
103.45831979813994,299.590759664546,20.71992872823908,15.78953774696104,596.9178504949607
132.04557794041256,348.92283942921915,22.706265629917073,21.782444844788998,655.3022884428748
91.25319272338157,301.86550635598473,18.13785095719448,12.795129283386181,540.6724427908983
137.25769168833435,395.5803705753808,20.81868088985657,22.85523150114691,628.7129336909917
138.24939245704195,362.96315254187414,22.853459061427866,23.12772464582466,687.7342445254195
115.52274136325853,594.6277963117307,11.656643912020854,16.189723494326586,340.57285446594176
80.44701102017835,222.37054005129028,21.7062055976362,11.369985055028403,622.2798683198022
100.09266932224389,256.87255055494063,23.379532559475045,15.50804851226454,670.7987008818554
123.18488428630195,221.130357563441,33.42414464760975,21.608018698568927,969.3856901057221
148.68303246191965,450.33647799295034,19.809592124257875,25.096025866451342,584.5321085972088
124.22694689116679,221.80371096548782,33.60456315642877,20.59795583817684,957.683118960428
98.18625067449119,534.5758949504493,11.020278123493641,12.924297609141972,346.9483240674078
124.38039921697279,404.77545227277113,18.436947969832172,20.816205836090134,595.3841793078354
117.79897658010988,410.8030498326135,17.205175564510796,18.88746498217706,505.39776596992846
134.58917766058005,424.63780308487765,19.017031929257325,21.953235965107787,557.7760760397242
87.48864471788708,268.3254825224843,19.563250697344255,11.365399483867316,593.0006736181751
133.27195317514196,279.07612124579504,28.6528175711092,22.573431485273396,826.2539991077609
117.88866050732773,327.52692914920186,21.596146762080373,18.04519746145058,652.3571954750539
147.4094402701296,437.39856632874057,20.22083997769752,25.10577363337532,585.9297539036173
103.93105162270803,284.0471103760858,21.953622725138924,16.648114601405645,685.6734762627812
124.28353251937637,246.5326908533045,30.24755834754492,21.11745106882033,889.1741917744725
145.24196738570123,588.0467545673729,14.819430556254598,23.42268599573467,435.9980984655999
87.17568095934755,208.79272592384916,25.05135576163958,13.088951310767317,724.3737717029018
145.60599410655158,521.0789621344086,16.76590359857901,23.761283546361426,492.8625799479222
128.15200056105692,515.2140598300089,14.924126946769242,20.741095249173426,478.7978927332351
84.74859413736203,318.8856455380384,15.94589069590204,11.810144763151175,454.70260321508437
101.06744968627714,254.25064640292536,23.850664951964728,15.34340204971004,689.0221417824356
129.57204620516973,258.25145868216936,30.103693555040323,22.094813550466256,866.99961920915
84.71454210281402,478.972646894877,10.612030893873591,9.714597399722033,329.76148904402606
120.75193221233913,457.1226364344695,15.849392165856933,18.251992366660627,471.94163327151574
104.21181398670697,513.0982697005547,12.186181884517975,13.276076402058788,344.5200193959416
123.4640862437234,574.9924689596419,12.883377738888877,18.673355185544345,385.9551307602014
83.2019423668759,476.7709453066368,10.470681133477749,9.621984562792825,324.10910215662125
141.00757643066635,262.3406146205774,32.24988474650148,25.237088674355086,926.0274986505203
148.14422784241776,297.37704670616426,29.890180728467147,25.96803403577127,885.9637895282781
147.8214498699984,536.8774923492458,16.52013190828703,23.75136730095792,514.6149876223822
132.47562822200473,283.7224303336834,28.015189648460577,22.92224755155875,817.9307917807187
89.10603680914424,229.00892678179258,23.345649812344867,12.444166854619054,692.7894331956375
133.0784237150316,481.3120216169002,16.589457699557137,21.069317692167083,454.9553253980528
81.7210841521161,361.0105421960568,13.582055026149657,10.201623083772981,405.1781992443983
81.5486486070298,568.0160210183615,8.614050898862976,8.15311520630537,293.9831516653912
102.65271534046789,460.10202843746464,13.386515467764784,14.636592852306821,399.6324287001471
114.2050233283266,236.1675911166643,29.014571251288373,18.307415858112343,832.8585705088905
133.92851924654553,579.1426269014643,13.875185112492046,20.39750572806385,467.3976336709162
127.83067636245536,303.42290545609836,25.27772440323249,21.928537896913234,778.8952399301548
111.21318944637238,334.8849961625143,19.925620566005126,17.403119652017374,601.3497484204244
99.15386663971661,360.9041654734168,16.484243096998004,14.745319358165508,517.995742107592
149.79871501103977,220.4897185617253,40.76345581685819,27.908137041277474,1133.4950902605653
109.83269115651811,398.60616889224195,16.532512499003992,17.190529313254192,480.8239654924709
111.59709170307728,249.3273964301169,26.85555457625527,18.312971992796058,777.4873347364651
91.45366748341684,360.3881306753407,15.225862291087017,12.62101721117739,455.10890071735287
135.63666841249506,340.28391519683373,23.91591180571155,22.975635710357135,694.4170104590552
128.55775580470421,509.13603337060135,15.15010693157442,19.884929986112123,406.6975339455927
95.45387289521322,521.2682046530924,10.987112435764821,12.08236529501214,348.34403489418094
85.76667319310899,261.3651529556352,19.688930729262268,12.388290756050385,596.2149827450727
127.63495114522992,346.6204749516905,22.093608491480854,21.477029785604035,685.0058333482547
125.81578499967947,349.3412644127327,21.609090791696424,20.598938520237382,623.575741208723
99.12816688987465,260.56417757443404,22.826199935689292,15.56388470319599,656.1670212347923
146.56044935752874,519.3814020204762,16.93096234721366,23.117353780007416,454.1807778759061
90.57405242466302,482.8913313341693,11.25396707881478,10.060744154572829,342.2568706499927
110.26343607298213,276.1527145188139,23.957056427660795,17.814518543476424,723.3952230938843
146.05311441173194,346.6887634375196,25.276812486837986,25.6487332003597,730.2526933592467
109.38091218482856,242.3220099426057,27.08319699330711,17.863661453545376,836.1573009706708
124.696816336486,451.2826388372176,16.57898695032212,19.480710926329625,492.75008321181053
107.8316078573956,248.54876981944787,26.03069198911599,17.409331143143177,766.6290001786717
99.1950641644069,594.3736674499671,10.013404320886092,11.482349609719387,285.9782096567978
148.87843535718798,512.2728298751449,17.4373997613897,25.13261759985368,527.7672463886164
108.65338044205302,356.09541983359804,18.30746048227629,16.855955630847568,506.9048734607504
142.58694425753941,431.42557291174177,19.830110203510202,24.637380653714008,603.1862029375538
96.09682241237603,564.5367264865636,10.213346757130411,12.402665464888603,333.35174979478785
94.91732928175583,421.63971215833044,13.50688654954493,12.512991260083915,438.67214496949384
82.1793858019158,269.7993945591821,18.275664243691832,10.760623171883072,525.197699881646
125.61667777631195,351.4813422324637,21.443529886129415,19.81072164604144,637.8971542837428
105.79684406066328,537.2579460118982,11.815201042180988,13.761200514913442,375.18793568785486
140.5050774887746,457.68520639584716,18.419438800989326,23.182370272013543,558.4860313436908
113.12469346840899,460.2897537335201,14.746106236451398,17.046538820098036,429.030496351323
147.77353995403053,546.7285942753956,16.217209946724832,23.96025059736119,439.86820712547217
92.98678609921848,557.5892229850019,10.005945122262842,11.09163838701091,319.96970463043795
140.80362175689277,567.9170287117745,14.875795016354667,22.360155248023766,446.93368294925256
134.36177969542192,237.93967730126244,33.88130501462415,23.655688800684164,973.1359360856408
133.96452912508363,417.6504007852403,19.245454409699384,22.154787108943086,588.1490696026837
139.13482596818213,496.2038084873274,16.823912705426423,22.399907155083657,503.8715551638042
133.27167936600992,502.7707380508055,15.904467298477822,20.87988687337015,452.5287858071727
123.83542251419908,442.6864807880015,16.784170453152292,18.461567101751317,465.0232419293883
89.18714143776712,266.71493407346964,20.06347527878574,12.250963272744466,573.2958273588991
82.27683256438763,518.9682215766657,9.512354993270021,8.1667476567843,347.00967265001543
144.45934934709808,488.0445334059783,17.759774708132632,23.72042299778143,545.5444189624596
123.16552201645166,234.45430861961452,31.519707888912116,21.230375265528206,921.8271799385218
135.75761036833234,385.52392986975053,21.128277626895656,23.089587835700247,622.1869583603092
113.7065646058785,269.59095980872144,25.306463841344286,18.49563713542082,738.3740670394675
88.21157322736761,334.99081828518877,15.799520777122348,12.01867051895905,499.3052302216836
88.76300545417853,207.2324368822742,25.699549777896074,13.093363092123084,744.5646367771078
127.989570106028,360.1319473643033,21.323779416307538,20.930584914815494,642.8566172772784
110.12141264296238,419.9507684624842,15.733474623152159,15.914093752086227,467.1353574059553
94.03673086902357,447.8330371308347,12.598900448010138,12.095203147559483,424.7544563109798
114.41161827190058,465.39613805148406,14.75022359458134,17.07885286182351,461.29804310641936
84.49462559525938,534.516525240984,9.484603929560317,9.511278365520246,323.2801290625706
120.73799813400791,286.185162910292,25.313261576426576,20.555242369841555,731.8249007999557
98.82953831045684,248.19272897538718,23.891805062570768,14.642296805228934,724.7006671660677
135.82913704460316,540.6148687591702,15.074961296165698,21.33204838815238,449.33321541855486
101.72533712465017,262.64512595706,23.23865788576209,15.830775857132759,687.3703993745826
111.86541043572609,589.9040325344781,11.377994141362771,15.57997430128378,384.3171328511146
80.81343779356705,537.0152917594548,9.029177273011339,8.353993191880948,264.7056784083103
85.07128214561912,400.3506423558397,12.749516021009313,10.128866268875672,394.2519902423192
107.47454894846794,592.5685699688102,10.882239227179213,13.31508374563333,346.4343331331353
113.59571843019864,238.95069164320168,28.523638324466976,18.128373060058706,844.1975473324495
122.00143836835126,321.22630447004065,22.787941710370696,20.09156835283768,663.4786711121556
100.41638050965122,455.2897660162446,13.233292905520972,13.611894824861146,445.517414941721
128.64873202885798,340.00274738927146,22.702533967744767,20.871924038840078,644.1938295707681
140.2085678032443,571.3490207923167,14.72394939353992,22.206033846208044,474.8910800620549
134.5895692225345,226.25043527112703,35.69219278484459,24.221036388838364,1059.6976578503804
82.773317774385,419.7647328243858,11.831387151194665,8.845414842035389,402.3845768822817
113.63548630804803,436.3465069580458,15.625492744321285,17.41483918326366,439.30263577529627
87.34511248927224,461.09124951088967,11.365877697560956,9.985008793228552,333.8988029395209
96.94315111037693,302.26648933272577,19.243248166421424,14.591576672257393,602.6469780616369
149.06638152870025,345.82657100794574,25.86262491529755,26.12380928571065,721.4218766730702
89.97468800310592,537.4722118659911,10.0442053765793,9.620263363509533,281.97730114914134
114.92217074159493,277.9771075880639,24.805388847753356,18.37402448922745,719.4642037947148
123.27090140226834,530.7471388693448,13.935551494243388,18.33556953373392,427.3813947099851
129.1725479380873,425.06216916109696,18.233457217755557,20.59087159090816,576.2546014999418
119.17540784408399,504.87500447763284,14.162959954896767,17.500552109229265,426.23153356039165
80.68395931934286,485.4429465053886,9.972413017863953,8.483462715087963,299.9227034505078
102.85229157707943,283.00459815395163,21.805785258894378,15.503744579341742,651.1012987006064
116.2398150369298,427.52509457354915,16.31340239611584,17.549145259201342,499.8049630201453
86.15065494013834,547.089261122037,9.448255821741059,8.251964511991789,306.17158339858247
104.54388518464265,372.8464947207717,16.823634390813282,15.39323063024872,501.2023948180558
82.32421761539565,586.6363080893267,8.419957968526578,8.0,229.32658427008906
85.50049480085146,380.88604004068725,13.468673431830382,11.246570119048416,392.05934183050033
107.78462933411173,257.1142546671539,25.152544608694022,16.565487729099953,767.3987278741818
89.29010278301422,355.7738720310693,15.058458723784522,10.695163152296592,458.8620463012865
119.72785937830906,580.6809625562148,12.371116027422897,17.371698843428906,373.0949753738106
128.2625478396086,327.8883397359417,23.47065124845286,21.60849766280927,714.057346468362
136.0410689376358,547.2392639468251,14.91571360831903,20.871382343695466,428.50396122643446
94.0105170971367,552.500272672756,10.209281886036514,10.226144434527432,314.2419085705403
91.72378075813488,340.07460973278444,16.182998342076882,13.107755127465497,489.5008913783727
87.31974882340802,233.30306322025285,22.456562966163713,12.923207015777757,654.3475560914483
124.55011746805457,489.8231636635273,15.256540732354347,17.822084086360192,462.7065188093007
129.45330085408307,324.60491960559443,23.928158761987905,21.52851359037185,700.8064293506626
82.21103013779495,513.1694457030289,9.61215023530888,9.274795238593006,273.96907438260234
145.5348572370583,377.0619393041733,23.15824145586696,25.00302274030277,686.5377358740596
83.63798985560307,394.10669693704864,12.733301490022034,9.619140909970715,363.16400389410785
117.89074347107493,511.16376269941475,13.837922647157542,17.094656498489563,424.10823766454206
129.63423636156415,352.94533242465116,22.03756068471129,20.98679724968045,678.8743600680182
140.967838662226,377.2509381291658,22.42027643901479,23.263724380087254,656.5341682109222
129.98608524926993,350.47618750784886,22.253052826253807,22.182261658619957,634.0221952061356
136.12096581488544,346.936206110912,23.541094313696785,22.275208505882986,691.1352662609287
103.76151347799643,410.37863076058375,15.170601834557692,14.791050126829862,441.6350089920648
137.03775796225585,523.5197778004604,15.705739928834682,22.27734218666088,485.2141228296382
85.60803924692726,344.70732476902634,14.900995672944788,10.067634327406894,447.73261129492266
142.63716592423694,409.70188821509464,20.88891997237055,23.77269518810843,653.2840657889119
118.33146633076154,468.2909301770403,15.16127587002707,18.336597269534213,481.2719520513384
137.21084389737456,307.77577852146203,26.74885812454663,24.083364199917405,780.8242930897569
111.66227991628101,311.00912196095703,21.541930193989362,17.195617771718812,651.7653725883704
125.05043866375675,573.3652508093819,13.085945318858926,19.03865251038529,391.7835972992115
116.84818626552791,489.41382933243545,14.325077788452749,17.778499045509296,435.1751757733926
131.21126652287325,430.87467048932353,18.271382679403683,21.368778694004074,538.2479813136857
85.71409874214127,459.0880217682448,11.202309101248279,9.34056826384559,362.0045663620658
84.22464587933946,211.71977724136735,23.868713724364255,11.44230740795976,731.5483203822072
97.29722638071024,447.24118622467876,13.052987431953294,12.889215513992099,414.69442587397657
91.16812760792318,403.80354928968075,13.546408064262103,11.534951509803532,431.0364989947476
141.0248496614541,418.2998719117743,20.228289674140523,24.23043845711552,618.9707821329218
95.3449791150631,343.76953073232687,16.641087227006626,12.431560288833454,510.6535239152406
148.3105679073392,232.58955908517675,38.25895757935367,26.475912378364207,1084.7948998886254
103.58270542397747,277.3356934448209,22.40952921797347,15.910395869199707,695.8718220021732
92.74825409820895,580.2978852850687,9.589721739480073,10.184799467518264,337.4134027025315
135.27889549997354,363.4798249083736,22.330630680931158,22.52726322989654,654.955962086771
126.10954428506133,386.67326233234564,19.568388596261958,19.492999366384055,574.5379753392182
114.87370015171973,221.0839159413756,31.17559221689756,19.112614281320315,920.625714932772
118.87544856563419,215.02649181759224,33.170456596523,20.115157130150468,975.4946497061086
130.34412447905848,486.87257881870306,16.063027184070858,20.844103527537712,479.3328927048217
95.9918318931909,415.23786564844454,13.870387048149565,12.747240284254532,396.708407662047
149.74337412397193,403.48239368650667,22.26764435827917,25.972209119896128,663.9762344494131
148.23552135027484,297.24981216906747,29.921402527103215,27.211564330371917,884.1350508269732
125.52279804428558,497.90029265196887,15.126257192063036,18.57616440004387,471.5437644009435
93.96797156504016,267.29463164339677,21.093122069972154,13.813749665565496,631.8173642517822
127.61597697019039,275.973897464408,27.745227677552116,20.907531868521534,806.484171592681
85.05388862854231,384.2848685393102,13.279818529181838,9.881834084882277,424.9805984411101
82.14567515440642,314.5119448447764,15.67107574148545,9.60692523574431,473.66606325301206
98.03780219578496,298.9851924932585,19.67411189395184,14.652477310943766,575.6266946882007
112.38360697175214,458.09505782133266,14.719688202650412,16.326144356226802,441.9804685865346
140.77907537858664,460.3886980874178,18.346984966845003,23.315234612695736,512.6834227147341
130.90183488364156,529.8068279199717,14.824478808349504,19.715034795548714,444.8956912874714
131.98945648399868,367.08342678919036,21.573753569615324,21.849505908834118,652.1168798932489
109.78453341136527,229.2340364104601,28.735139457594716,17.39614801778333,846.5410965701723
104.21544947828741,309.46655396858307,20.205501656027227,15.878339727380693,630.282536951783
105.97271340892219,592.0021852787268,10.740438063656276,13.082272172201439,328.42690246276516
149.13546946152405,438.50343009308085,20.40606196807179,26.238934272398634,615.2558080716376
82.80764339887378,483.89483392040813,10.267641346114573,8.014925442528828,336.2448985637486
140.6922047285714,202.94313185016583,41.59555539897117,25.212700319799442,1248.2718001084436
120.50727860006754,407.2822928730084,17.75288747517074,19.652423083078173,533.7905059315872
110.70307934327133,215.01146301272124,30.89223554654522,17.914135276395015,879.5249923797599
130.76803622905956,427.69208483657917,18.345165720664564,20.49642471719264,564.5102163727397
114.0668258997292,568.3083398544302,12.042775152194347,15.891162610536577,407.6261430431136
141.13962666571624,587.3676522001631,14.417507617626041,22.030979803706582,430.6444373793584
143.0491304807881,416.2210701555697,20.621127675346333,23.859585147243614,628.3793973333678
109.52046488114188,383.2819221008864,17.14463300760335,15.779567193798707,538.3640180083243
99.37794580645361,578.0068376993976,10.3159277009941,13.46591217681153,342.0893471041453
121.46452300153535,469.443932798678,15.524476664644721,18.364426348238084,470.73750640220254
143.86543419316837,225.9597118153638,38.20117304204841,25.22662121177157,1091.9860924787138
94.74635323039666,386.290231066999,14.716347286654058,13.413661911673039,443.87398979165135
123.60766084944379,296.09800738572153,25.047313612297764,20.88182338077033,745.205938740879
124.20921540647643,387.92172857947264,19.211486171911606,19.515187274686895,590.0793352942187
131.31791156906968,382.1862288025447,20.6157995771608,21.231801808978382,618.0868271782673
89.20973795890819,432.85792112589684,12.365684018469635,11.223025528860067,371.7944958340359
130.1077475277462,342.7081961397005,22.778751543142462,21.632312760686577,683.3435020637952
143.63227644659486,265.7081797823712,32.43383998887136,24.811593379285235,960.964469143207
92.57781762091693,401.4877738359825,13.83521347159187,12.890404112477777,428.3119470425493
96.62803274467143,532.0811537383048,10.896236267619768,11.601431931864449,321.34411981065074
147.99765658291477,465.6048912270409,19.071662609843244,25.79824463165128,564.3545523299554
92.66838668966429,335.3471463700863,16.580141687693903,13.253113209989195,516.8708697530168
139.80695653587054,574.2092091035429,14.608643085415252,21.55874626816344,414.81029494977633
114.45944995136244,564.883028499673,12.157502793670359,16.42559182830628,331.6744829899003
97.30617520822238,283.7393597536395,20.576526702402465,13.892957272502318,640.4651251542124
140.9524930890758,215.76703404814518,39.19574471908189,24.63129503544042,1144.1538830526522
111.17136785018658,496.5234833403049,13.433970989927076,15.502798014744325,421.5703363675428
116.03721477507831,531.0441045396612,13.110460745138958,16.80019203827901,378.80142523449194
105.1463358579836,587.1458263805421,10.744826698964147,13.186880508259119,348.56038215159066
121.50655960044492,555.9345576353243,13.113762179196936,17.5691624952239,405.9355835964323
91.44667108095159,440.21390728256597,12.46394122059213,11.942081770390004,350.4693584036729
107.37570756562324,412.0209356849523,15.636444403552398,15.594789507746173,499.8608359251217
147.85886256347013,211.13642050503452,42.01800775341205,26.883238699206668,1216.4688142489051
98.06934028907892,298.66257873791113,19.7016996311022,14.623179317479826,577.7793164608847
125.97156651789045,383.84590069317056,19.69095925584781,20.467358275452977,577.8391528419672
102.76330449572865,451.40156003342713,13.659231193811404,12.792165879633407,375.4662164153924
134.14311879806206,422.90073332736426,19.031859000474643,22.241221153863265,578.730021276073
89.16115625028449,497.0543958726762,10.762744318204206,10.492903284804221,339.5508563066408
147.88747315549813,311.9067723548163,28.448399251927533,26.415705826459895,827.7999335187784
111.76526789685475,425.9810430609893,15.742287557268538,16.94143920804962,499.9214637920144
96.52353243425247,235.25689735631687,24.6173949037658,14.12602110200305,696.266287643038
85.14477231310089,365.46620943328276,13.978546325002075,10.660863256307238,412.81519881466767
91.88305335612785,500.0643331818404,11.02454791424399,10.155880270600713,324.67616300393365
116.38417639892123,477.3603413716176,14.628468221450088,17.37305797261512,437.4522872725915
103.59022235019003,596.2570948688716,10.424049280920155,13.930115794255597,326.1381041599135
138.02183561178265,311.1564503951024,26.61461822884102,23.48854658678179,788.7109894697966
110.16212665632642,399.2757196695917,16.554293872037253,15.961575574501474,490.2480755923622
97.40999908113409,331.8121655095987,17.614182216290597,13.456862632089134,509.4473192887244
123.2001490622821,376.2412456236699,19.64699253396232,19.82029187009639,617.8826251799032
129.4744051819812,542.7800519477553,14.312361486097167,19.269137052878758,482.3712255407517
91.6929335530665,473.68363007539466,11.614452482363221,11.340479498239594,361.13175258949224
91.73334514018224,552.9764765390327,9.953408403300182,10.850093781996613,296.4174185819601
82.56699988534801,281.40444333275457,17.604626048007567,10.881803409170889,556.2347716528375
131.54814105459485,549.3444471365751,14.367831520673226,19.367438491608908,406.7632450135557
126.46631693352636,223.90490967135378,33.88929267852666,22.426217493067846,977.998515880708
113.22416130248698,555.4397121748609,12.23075975527392,16.15879431490192,361.6758837115426
139.0919314278438,331.62951178429114,25.16517857765017,24.480117013358775,716.157896089972
136.39691070650372,325.8350533656266,25.11643409098464,23.64073919882039,732.377297364751
120.97480550777266,404.83543067946556,17.92947894477491,19.060909950291016,518.5779780161367
140.7789896359281,576.2760750892927,14.657452813474656,22.79592544741743,444.096400245575
94.40888470257377,219.11254587256215,25.852162228305133,15.04907893857114,759.2119644334705
87.83437335784095,340.8923900282981,15.459607065540476,10.89859587300894,453.97539520291525
98.88247280618927,542.6287954733343,10.933714572217005,12.817101058105983,331.7115849334247
83.99607992625204,358.4217909741867,14.060988819561148,10.230342053425684,422.45217198979697
117.18186696007224,279.66275903882683,25.140680302836465,19.078860795517826,754.8565714418203
145.5623984606473,369.9176725325647,23.609966638914734,24.543814381879255,692.6433081256771
82.75404784679567,354.22100059666775,14.017358830910744,9.863362371795914,442.3361944238086
88.54769398070188,566.1664805866814,9.383921198119571,9.025917291423982,307.25378528544735
111.65393197984046,504.77375029723885,13.271759703917933,15.52765595088272,416.3045359116351
145.37125122695335,402.0462222976025,21.694707200011447,24.427026086325377,669.5066078437496
102.13092734837254,595.3482266886284,10.292893077024763,12.378397244101665,298.71242351885377
115.50643660818747,386.11101251036933,17.94920624364509,17.57123245899251,526.9525417746095
82.91010013352745,223.2951323281101,22.278165923930466,11.269998276653181,693.4240811511132
90.38402406734622,304.90972872599394,17.78572781754094,11.5184291732351,526.6724241836727
149.0641086071193,374.42819208772505,23.88668029124179,25.409988424252795,647.0913488675839
147.55830875052317,262.76104965844803,33.69410548686602,26.94763817740371,975.1454306807817
80.34579866540868,579.0260505296171,8.325614910616082,8.0,268.4739185389575
146.62682497962675,506.73955912710926,17.361205258835604,24.88062740484169,467.53778434320895
124.73839564708503,307.31488017110905,24.353860557152114,20.866143929546016,743.210891557371
140.75428061640156,436.32181340716636,19.355568705209695,23.835714918205273,561.6926209623557
111.83178989437013,488.5796628438288,13.733497122263529,16.654314551934128,424.43047296949214
116.09172200054752,576.5115715627192,12.08215700016538,16.051011575765074,366.89948770143445
114.21926061798442,552.6541396701643,12.400442057973496,15.672660475697267,354.6031156291839
126.6804980282273,406.0768904552855,18.71771100584359,20.77879632207138,536.6184464451442
89.77558783294191,509.86104791720703,10.564712272060442,10.587686213327618,310.0428657004437
82.09815129108746,424.85790153103403,11.594203755453591,9.115502747655016,379.4100090861026
101.55509591138336,421.081556018216,14.470607101155968,14.724225941374781,435.6379470340443
129.32765339156526,245.89678333527675,31.556570599436153,22.328462891225055,908.6543005833646
94.12974164860638,250.45506320646084,22.550091128565736,13.75317549641794,647.1131894814455
127.14027033274421,411.81344600898296,18.52396101655761,20.415043945223648,576.5028467043242
147.8938432275089,307.54461799160265,28.853148696274125,25.97914609401595,872.3481963645703
86.57305010525928,208.41476098418747,24.923297091752815,12.295129836182072,756.2411320498098
127.08214827575884,489.1356815600849,15.588576307142485,20.39311941983226,479.8777357802169
111.06251535131997,212.994638676066,31.286003077353506,18.460729149955554,917.2791308210465
140.76995780642537,438.11073644162184,19.27868177115759,23.535632606559844,549.4858480648819
92.40048526131702,415.6775176509258,13.337332139128918,11.744670608411672,401.8016113461355
128.4838166558315,587.5258762311219,13.121173570774438,19.320034910037233,386.96183389208267
138.6680702753677,393.68525573905663,21.133847649191107,23.777573480654198,589.4665786190086
146.12299536318164,225.44057455111894,38.8899812699993,27.053932328713653,1146.4675619911209
127.82736198027521,420.6751871225847,18.231742573829486,20.327789774106726,530.4452807351227
114.8022334805899,536.4384682464406,12.84049227743111,16.411510550403403,416.66436893301153
123.24930681408497,598.739713712576,12.350873408733058,18.006310384538388,396.61106930117495
140.82334891351027,372.13726947562895,22.705065114054538,23.622967852958777,681.2980094007107
119.94268226471809,328.119496998697,21.932744020729935,19.471029109124306,660.7016006482335
82.12709417877858,562.6613187807995,8.757711764164135,8.0,265.6205671864354
145.16640868548845,276.49685163044853,31.501206866437034,26.296135482052225,954.6916379891561
128.26687257220928,446.17156601317066,17.248997785989296,20.70268783824188,517.5869816657188
127.35593700440725,362.28576967237905,21.092068361323268,21.276675836289357,630.8405094072637
95.0972606678402,216.43294598222212,26.363064154470695,14.083201404428115,760.0548202926057
126.121982916286,338.9153897222791,22.32804766162471,20.964121332794328,640.937607539902
107.5705083957911,306.09140900106985,21.085957703977595,17.25410837521636,634.1759478857033
125.58630839290444,474.43646157739477,15.882376490460892,20.16592524328257,482.64170429418766
87.46151212155935,579.5161990767672,9.055296013560463,9.122760008922251,270.50866092683015
126.04917132221252,307.2188749514551,24.617466229989297,21.146412931490815,695.1769395312383
149.95896080394664,524.5863756606727,17.1516800010392,25.557839517237586,488.58917542273167
83.37484272023892,222.1439267753638,22.519141692642126,10.59587497879615,688.8576613254107
148.4021928954922,415.2484040159253,21.44290378389521,25.44129678299896,622.4032279587497
108.48355725060094,228.22002548395784,28.520781299683062,18.134814947792922,826.9389416399066
140.95274152360815,573.6131964522558,14.743671421304922,22.834013307376264,475.274813528175
134.76698388407914,506.54051222295607,15.963222758944207,21.61289871816847,458.12203601357305
119.69113826906676,463.1799644818369,15.50470410389614,17.357463484736037,453.1303822524187
131.69144464759285,529.5585526498658,14.92089333524538,20.43988075731827,435.87662504970575
141.49608929109434,459.00791822806525,18.495901748795948,23.215793621838866,584.152110390729
108.28982251557231,587.5777588697165,11.057922552128124,14.353013077044729,382.4825820130285
102.8923213094267,485.5831791459086,12.713659664703027,13.372613398136775,404.20992367568135
126.73153698945093,569.8634438328987,13.343358486417928,18.369620015463937,422.55516533497894
136.5492159358881,406.85275680425525,20.137390786060408,21.73071075991457,586.3466939673413
133.3599594343631,246.82576519274505,32.41799963554606,24.028863935231726,982.2638645092154
135.84695542010442,411.2710885692069,19.818600314363408,22.35080334716564,594.3424801189934
110.49083203690532,250.7491312252373,26.438575838013033,17.836668958992895,792.222142352992
137.24839513225152,436.997391670562,18.84428572091596,22.66287887661133,559.4777292086314
88.4146338759426,392.99722421106515,13.498512726663662,10.51550675371724,405.8901704850425
118.11423685725947,449.03015913311265,15.782579560173167,17.22027035788373,508.74572350562966
80.40310623486852,204.01879242193263,23.64579417819109,10.275738980528395,707.4139357784989
102.72100809301892,277.9361966621457,22.17509111658848,15.241044062534906,684.2868756526167
105.65230744099784,396.53217276485236,15.986441660609074,15.44027985864988,486.3245881698523
107.73208841264787,580.2014246356539,11.140829771002354,13.71880121440243,327.97915356697274
128.68270446829035,353.4436161420634,21.844961729324464,22.181983841391094,634.3083882090259
107.19906708892421,369.74881042145387,17.395442105693526,16.391848760517878,522.9021830611503
111.40855358357715,485.8784356026489,13.757583636581106,16.27334821542955,406.0065834201865
96.62808916120292,441.5171029144472,13.131281464300587,12.573100373460745,378.7740707328122
106.12762541405381,319.5704600393333,19.925676246983173,16.823175880050556,616.0281567042504
95.9088739084206,364.3265582269711,15.79498475903102,13.04125258306065,464.93634420157986
85.12371466379105,287.079919542893,17.79094437521032,11.176771560238384,534.7293126771947
122.24140153669646,586.4085836520834,12.507463732067984,17.714337212982286,389.30255095310673
126.77489589885113,252.2537526229439,30.15413517078919,22.1004834511132,867.8883207169117
123.36432422067301,348.73471382656777,21.224900073817896,20.361505390007046,657.5534473462075
112.44458306604007,210.33558888800448,32.07576530263144,18.364511194149948,911.3499165997171
106.58500461254609,288.71179677341854,22.15046405523793,16.18955716967509,659.7992930020961
140.43335547002778,512.188455352062,16.45097861959794,23.09104744330431,499.20439811014086
116.33572495953527,280.4700929155518,24.887300549630453,19.285949226451084,730.4488431704823
113.54273143408116,232.02536101158626,29.36128988806824,18.480416759334037,831.4162053129868
81.7949446064505,389.7812719378093,12.590899126549276,8.656463313827352,403.1426561946166
103.88734793383094,203.9876938938074,30.556945652195953,16.450884049138637,905.8497025652467
106.61369331501,233.90646177053327,27.347776331104544,17.267765195913295,787.2177112327362
107.91759466278303,523.0503478251901,12.379411860999326,15.578981910301483,393.9284628838036
120.61206584591326,508.58933794384257,14.229012310820131,17.329509874916884,439.2925741432066
117.3521782708815,566.0555281619584,12.438939902444163,16.396622641109687,355.8405632525655
122.55335649554112,541.8061743642997,13.571645613599673,17.912504634983506,396.228935930076
133.54182830794898,473.2702252959272,16.930094627159068,22.104063525917507,530.5216938888983
136.90900171012655,220.93314292026514,37.18111277479189,24.5062307728455,1083.457073844329
130.2686153358546,513.139447194663,15.23195490598519,19.808898181806434,448.7137843720707
146.88665871684543,538.2043243362242,16.375192700059003,24.40363662468693,474.9812238108714
81.27628078734531,519.6328583087818,9.384658358811688,8.0,285.25038057836736
93.70445899784822,403.3916141232104,13.9374923598527,11.64456173164109,414.70651066155665
80.52940124846995,293.16073545979265,16.48162079867234,9.561372655814562,478.2245231969434
125.32322999082221,538.1319902754907,13.97314029890671,19.688511760088613,389.7633342105682
142.8621384264991,490.86512389605537,17.462492013193177,23.75232273644424,545.5287663110963
97.04376076034094,592.3044697555406,9.830460418479714,11.432934965787968,327.5080738637073
144.89241813574148,262.2770391023732,33.14642073853512,25.990420796517427,938.337331482195
84.21871732026926,290.265833220822,17.40860432365098,11.087243255118011,523.939260825221
145.41052187638599,284.7192599526011,30.642926347994862,26.181077053157576,875.3527317732851
104.61358810677442,517.0159070485347,12.140468408870891,14.064020028549917,367.82764660376097
87.09945799144515,274.76291858004726,19.01991544744862,11.846524952826282,559.6320730946647
114.01102314304279,226.66393192932244,30.17975259828987,19.274884245486756,871.8151293493613
97.97435974043556,599.4243226342514,9.806845272131163,11.555452151163683,347.4902211431765
99.9411031373346,209.92688457805966,28.56454617660149,15.04159360552139,826.14138401783
101.51029754484006,534.0976240635463,11.403566648268312,12.694856263362311,336.17007009074325
136.21181284828646,346.1467366202611,23.61053248889365,22.23661122012802,680.3761807688167
117.74128936726781,536.646183903126,13.16412484414746,17.98351057898984,422.7224815415767
101.79153894092025,421.84819648445796,14.477938716706667,14.511131788075389,405.75284876131985
122.72336483176429,560.6524917945441,13.13362911549181,17.564489551978852,385.7368627945986
130.13054719562354,570.4771945658506,13.686494229939193,19.572014006835175,445.4738206737857
99.08368005134736,203.6392725123104,29.19388156192442,15.057792330552049,857.5262123541216
108.9484371067746,230.1648703971153,28.40097281191528,18.33514789175479,834.186218180441
88.53202653358633,300.1434918283422,17.697940274024564,11.20323850796477,571.99286334858
92.68045446742762,467.72616654540064,11.889066008681143,11.483549614871741,370.91584358044344
127.6782497775488,555.3088786046023,13.795376378463395,19.191955083061565,405.43569729351066
92.70068433869389,383.9767805175851,14.485357819877098,12.597907389382518,433.3619992421752
116.76143685669422,442.7892465097062,15.82171714110967,17.521209558774455,453.8768853766488
129.63323832057029,275.39994111822443,28.24254162020775,21.3653011624469,851.0110108782545
87.48138461663207,521.9867335526742,10.05558712435793,9.534066891196884,325.9177986488418
119.71185537402326,586.931244541388,12.237738899134207,16.516435379740816,398.2827798922515
97.95939485909547,307.43957316583896,19.117785101709252,14.205977244927741,593.5394391785845
147.40488126663058,397.9303806402185,22.22572918852919,26.230387751815716,648.3992285608265
113.84819527039474,234.44644420254951,29.136256425037313,17.860733407385304,832.130858889373
136.41947848426108,423.65466258518734,19.32037914821677,22.180015441167235,573.9429837414731
118.51585795093833,401.11337673867223,17.728033741664834,18.1031737278271,512.741021366684
83.03887729983734,257.77459366203107,19.32825328985908,10.752386142181212,578.4978253567745
124.32059629158157,376.82648524723004,19.794881913889373,20.395662248332773,610.9634679170676
146.598233954466,333.6418608346253,26.363280720424285,25.806314491554158,769.6796444556367
122.11282741024318,408.73235012207573,17.925592731836154,19.403562114759282,538.7520307166959
137.34322015987533,434.26173417151966,18.97609796385547,22.39903645764426,563.4182277696268
141.89445243438854,203.3982314428838,41.85713457618746,26.022518020398188,1224.8255160725198
95.96558403642527,504.4023931798221,11.41536027592316,12.293328307781188,339.3113669959995
94.84313879357586,485.2057167446963,11.728197198073829,11.434863815533395,317.5358989367803
122.76866921956942,346.5145544826089,21.25775110420033,20.307198205126003,638.878693869197
108.77199288646933,221.1743742275273,29.50757562209436,17.627520966981994,881.225091317215
138.79029120067042,501.97301591402015,16.589372751197004,22.981592928210627,507.10154126557444
143.0016186378608,582.070064191253,14.740660353651949,22.67356020557993,433.378719183968
104.73949655119027,296.0606384088057,21.22663055395378,16.126688313468804,605.8858817768
96.58093912821374,329.40984549481516,17.591630690297734,13.609268177176794,536.2501755210616
134.63678606707032,273.52515579272597,29.53369002062021,23.443765176103717,865.0323885419072
99.23642248836953,430.77444933793583,13.822048541767634,13.500519533129122,417.83366039407093
137.5830022959575,261.936557858982,31.5151890413161,24.589108646004895,954.3771179026062
109.6616777554134,342.47757738455175,19.212062627787077,16.104425270907733,552.9950944066751
126.72849295040294,478.80520557370517,15.88059087184192,20.417483113173237,513.7419584361501
86.68747196842678,424.0463932037394,12.265752996527882,9.415361818262216,377.2180061853215
123.67015272736012,354.5850257311741,20.926459453105,19.723247886656306,583.4331016183601
111.62373751160604,368.09984072301677,18.194586114303583,16.934200715636877,539.7328877551882
121.06259242228319,424.84435304929184,17.097451085796184,18.998633694473202,531.652496854618
91.76099454214044,202.34589115486452,27.209149842902885,14.374960368059337,789.5294342727859
131.58116214609277,231.40394738144394,34.117264714381655,22.190023258881702,961.6095937104831
140.395795428026,552.5032271052046,15.246513164849908,22.145439798779314,457.1189697511307
95.1717860063543,231.1515956365163,24.703732391104328,13.103264991623071,709.2280611446029
86.70001888641133,482.72143848420205,10.77640377754825,9.83639553092343,344.53414064062287
81.65470102324355,568.015265643621,8.625264773197973,8.0,289.6700782304134
124.93800503102862,308.27344172069246,24.3169838440174,21.58937932509287,694.3696989984835
122.49658252621465,348.1965748238057,21.108177055710613,19.89479050101892,611.138814086729
118.2688188899849,427.56856233788653,16.596470738162854,18.602849387074205,513.5065200122568
96.23629672811828,552.6835878554339,10.447528985060897,11.828711403639868,308.272130042206
107.36341971338602,576.762234904168,11.168909462100096,13.83929358062124,324.09299744399345
121.61334346303212,495.8252992445072,14.716474973947715,17.585062680043556,421.92934902352374
114.77368012014185,234.64790434187762,29.347889666958732,19.093755057673764,864.0183798515759
149.14498641504213,467.6616622139403,19.13498562729904,24.568091861158273,575.9466396898719
89.55078267897132,364.12148874906484,14.75619299261167,12.235953265103815,432.9392277536446
128.66011878333157,388.2803997964246,19.881526677749594,20.90884760893503,590.8599202584055
108.30231376730045,219.65935613807082,29.582800115072292,18.097032708373845,894.1265641089645
109.97397304479304,276.4248557385433,23.870640594378106,17.159954305436855,683.4615404377203
130.23184359607234,516.2054430134591,15.137210816974292,20.36036890875792,418.3005344303229
128.47053059270587,381.5835332191439,20.200640657980138,21.108152889393835,608.8340607663093
149.38791955915318,320.66489665245956,27.95215587088005,26.67338638142554,815.5178244193949
88.98760026178877,353.60762958598326,15.099380129209095,11.328063763975859,442.0709849550664
87.28767545689165,541.759805330272,9.667126420020617,9.630382399334696,316.5436171441739
130.7037171990119,499.5996069619828,15.697016015742124,20.028262290151964,489.8631059479993
120.48708419044863,308.9261588724331,23.40114245363122,19.088705392222103,645.573642257202
99.19124665918642,247.00073608494932,24.09496786885823,15.63412784048474,696.1994671312949
85.55935582922906,300.79928865762867,17.066401229415106,11.539745362830407,557.9396951055944
85.99607747175014,568.3025804218935,9.079256061928366,8.91072351611445,298.63762707608373
142.59336122648827,432.6355351399021,19.775540792835372,24.85037296515574,601.2996791161736
93.430712730312,413.3920834979132,13.560595346637832,11.965606355136192,436.454636791345
102.63600934808645,438.55743987698463,14.041856324709828,14.798525836507313,426.8724710274154
95.86594815588916,346.41130629860606,16.604414419416123,13.388606019736109,514.5307514323886
104.84974140823562,522.842808127805,12.032267417086386,13.411237006588996,384.37733124157995
84.85966899222653,409.3144997200999,12.439286033148958,10.952163227691937,392.2433702141678
116.33418536357892,246.69916110751822,28.29377728922491,19.72702694597745,820.8929144386807
84.73287945145505,251.62604993162518,20.204477113831338,11.354621984883414,603.2816190781865
136.0249555475653,414.74365860104734,19.678413795121273,22.92682213530008,573.2789046330531
96.35984573373031,574.6280872283357,10.061448217595446,11.167969488904829,314.8476799759441
117.80083402231574,323.3408486704795,21.859440495692144,19.317685211398754,623.0126105821798
141.6055361293021,547.8164675436874,15.509450100786827,21.543429434430827,451.99126904207435
125.56141583330358,505.6382346315517,14.899357750285356,18.662404026798814,445.0000826496883
117.30704505859347,299.1249771627628,23.530040086508034,19.489080630016222,674.4900395214876
102.70336271807629,214.536299326497,28.723352562852263,16.043648368900417,829.3136117702688
103.31013391407386,240.7389060569531,25.748260372081226,16.18582707529486,752.4679040088462
126.86408686387331,491.3975735389761,15.49019698451696,18.9473727196479,475.3075467401134
149.58975528548171,279.86789521625866,32.07007831388974,28.03639099931443,952.5179645575098
126.3287432894565,348.5083682021575,21.749046189245753,21.369440159476834,634.0021584303705
119.04483921590175,400.6796664025699,17.826435808643502,18.4131792382558,559.6656639100554
131.14553571674722,490.1872673800651,16.052502108146022,20.4823096687508,501.848042423426
112.56439285986028,245.29248930365014,27.5339191622412,18.83195753948158,816.0457917149962
84.20996398205497,362.5465621109846,13.93641084197227,11.28019367713078,426.6386686754141
119.36077711145369,394.02916365707813,18.175422753529915,19.127917148594065,549.1604328223665
147.0337699153766,416.3308255886159,21.189942355216818,26.34244244414371,651.2953766757378
92.27120596503617,527.3442565580867,10.498402682977458,10.328306757078824,351.35131298292214
128.3003423574466,268.6712780172868,28.652190134560982,21.567405461176214,864.1116143196547
94.06535820613395,523.1325807306489,10.788701947191445,10.674154989254276,335.87024661354354
117.50793791311568,477.1513710786609,14.77618362250212,17.66865763703971,458.28168153351726
86.76735147527037,422.3483256795837,12.326415832569932,10.46791278348585,405.1592590935544
111.52596553807297,479.81114816102877,13.946232716624236,15.876636148494542,411.36758272331326
132.93143302266722,364.8070955806626,21.863297282265943,22.656129965942664,640.1225544829455
104.33000669672874,255.35903438724984,24.513722088683927,16.817568035652947,721.3486449954396
126.54382071410527,466.3060961061469,16.28250049966745,19.004826501601258,507.53596430112134
135.68149725528104,409.8689226742489,19.862178820976357,22.224119135116638,608.517541973666
144.9024473635617,455.74992021711023,19.07657348063162,24.787905632109968,563.5034975952051
96.42494572988176,335.199512411396,17.259860261050346,13.305266495561595,486.8577657523393
107.95211410665158,562.7466309359344,11.50984562204599,13.92865142520295,360.2478739047765
90.66912093312922,434.9479474302308,12.507582316756185,11.735691231265363,365.01689132678985
149.47384515108627,234.16099371634954,38.30027609094052,26.85026530147377,1078.9438858148958
144.89006775470068,379.9215962817715,22.882100281644735,24.905962074884087,649.8649201154536
117.79699911963917,502.5424218974537,14.064126010481507,17.45483820803704,433.68499768738013
138.9423306063495,517.653824692909,16.104468737049334,22.0683208769816,511.75800838576686
116.46705840904295,397.8388211055035,17.564961320578146,18.29665281141534,526.388101346702
123.65099816019318,557.8990283325204,13.298212602710725,17.947997739555117,409.84546118974316
86.23871024812117,307.06737487771903,16.85077295153156,11.991183820190702,529.1832265213861
132.86892943477656,364.23947889530666,21.887072181920246,22.17835983449803,616.2704070148458
88.93994385446643,559.4387642275881,9.538839587985827,10.01716309359562,310.29777268384794
137.824734117677,558.5026865886316,14.80652509940665,22.085999233552744,447.80382586642463
134.741966136927,474.28510752987233,17.04569222154298,21.39843313843819,522.3281270796107
129.61212884200836,543.592218848888,14.306179266120688,18.800480328244493,424.2948830093331
82.53122663673335,235.50930678249307,21.026233170383165,11.198967791186192,606.5916685971625
101.218984916173,545.9979904831105,11.123006312892725,12.858538499449615,347.25541916400664
98.417879893759,328.2479626200907,17.989670816205443,14.369722772714605,570.5380021575163
105.20954852300633,271.3326049712865,23.26507318222372,16.160801703770076,703.1307736320365
86.1349922734687,295.74793453681855,17.474676685408024,11.147952667529909,512.9173106859816
145.5870476121744,367.1874032055548,23.789549370353555,26.346933311061164,673.8428011849048
118.76615684986635,300.4768018417869,23.715539327206,18.609979441722473,664.9395362666567
101.38670174606165,328.2270344065996,18.533519384719472,15.189144410454334,579.1706381371067
107.78870619519984,253.99139442865683,25.46276178474458,16.77705755101716,728.6157954409252
111.30417783533849,318.4707062235994,20.969748675821652,17.181191540806434,614.8516513880201
122.04160333524321,428.9135258168005,17.072196979962367,18.838092401857537,538.1765849788502
116.09755993875484,376.74148323642555,18.48974404539848,17.602220149364477,519.3395406018999
144.3574381250092,338.6875044943645,25.573563159442372,25.582204975100307,780.6787618051679
114.78744380340811,498.5808515428456,13.813700640311554,17.281276974564456,415.0419385978854
149.4510610376319,557.4039885573272,16.087189626085138,24.81732906897488,461.079660139919
139.5997470421567,502.7156891609588,16.66147487162986,22.702957356432808,495.2547419119014
94.5957360050135,332.8002808470717,17.054505320291263,12.617605465877059,496.8028901360222
145.14166502507413,497.77686713502146,17.49478627166151,24.317111393569917,532.453097310469
88.14564785198333,260.79207298962046,20.279523110081232,13.25023085875582,588.9882856834695
137.22147959438342,252.12719523651637,32.65529832249747,24.129662985112432,911.7579230371017
106.6436305433606,338.2508148144636,18.916784682725417,15.836951376124535,559.2158416191219
141.45820243115486,523.0809476176228,16.225963083774428,22.644647121878716,460.8231054489272
140.7639683075215,298.53929889692074,28.290540406767217,24.529157937410638,831.328521756067
136.4147780082335,225.30136355947184,36.328615820087926,22.990213541103056,1029.5516536101004
135.3021305414943,252.68381408254203,32.12761316733085,24.045464947025877,925.3905961101383
101.32753973686286,543.4979874118321,11.186154364919393,12.44880071554501,349.8728889429127
85.66434981358765,453.51331389891504,11.33342909963807,9.023417442517154,346.11371700992464
108.2086125135613,301.2804653479907,21.549743503331914,17.11893314419754,642.6815280032442
92.14671604905561,422.1183301312725,13.09775616999139,11.164206201867385,413.58622145667135
128.6465762231723,411.0318489701401,18.779066859977263,20.612597980265065,536.5954255349995
104.22698085764499,462.1743913762645,13.530864037785935,15.049289903550743,410.8726766412906
148.29271406019404,293.2750217686465,30.33863160235511,25.968269778059742,818.2498393941519
124.86804541417324,545.7611948777591,13.727767373655963,17.874627299587935,422.64474087447024
137.57363945440528,323.74742483200515,25.496475752811296,23.897158537182854,742.649285368872
89.27672709192939,477.65266159049474,11.2144326960919,11.074646561606944,327.34739974330586
140.34101375908358,206.44985854888597,40.78695371714728,24.710877419966053,1184.9890107433348
144.59300333593762,349.0628519576589,24.853920007530906,25.46506336426618,754.0491368269305
114.09433431732552,340.68392718352334,20.093874447302106,18.126034853578663,587.2096434709572
122.43770564256842,417.39377143320576,17.600316155483657,18.168086570122227,507.70819354524485
133.5366860632097,229.0945047108786,34.97334505646097,24.020143834610863,1018.4809340876641
92.23870390822887,516.0525494904433,10.724338519320156,11.32134368764843,306.5215052498636
115.17962535244098,287.1123207070274,24.069944139381928,18.428362605433872,695.3400638399868
107.90641194406192,470.81512595280407,13.751437368417784,15.769474360188065,442.81178150744216
90.24617945135743,521.2848492976373,10.387354964137433,10.914157473061769,325.00034611712607
105.7274095604072,424.7507824966052,14.934980310895913,15.073222420919121,414.058785698816
84.77206165698455,496.3532826887942,10.247386038963942,8.998089472492474,283.88062878868203
81.80683348646409,464.7441248860022,10.561532134250943,8.292388188459563,331.8968023181742
89.4616402408376,342.21191886080305,15.685305270251567,11.744687665464555,489.99707715098594
147.41805781124216,523.5434156134261,16.89465134101803,24.67171720739903,474.40687600564087
118.46706751265118,317.8805479542112,22.360676349982068,18.953987299431024,669.4727707157986
147.6075512807254,428.4851671006069,20.66921741252261,24.189599893548845,639.5170484835077
110.27485148310925,498.1590956566158,13.281883532138384,16.114249130164637,442.915810805285
101.82712931596816,351.58236392500305,17.37751487518114,14.81555596667062,526.9631718349567
115.42993039881708,321.10704304697003,21.56849553410746,18.15027287228276,648.3363313933622
110.76581820430371,383.7384040691291,17.31895745066209,17.05826664620778,476.0282370038681
87.39652789832208,527.1853977396614,9.946769573630817,10.354320654668884,353.3613752713612
124.85784202831444,571.9687052582659,13.097693025558415,17.001763613018927,388.4688980903908
95.12267277567197,418.0333651439561,13.652882383143993,12.69101108808524,396.9226858530686
123.37115684284808,464.58648212946076,15.933027962075279,18.28949305295621,474.6117662693783
125.51407646787074,561.3094488955657,13.416564789511309,18.909537320942412,439.17969578382184
90.64173971900537,239.41874056517696,22.715449802726695,13.042145876808782,714.6166159836066
84.29447389774677,292.831431146466,17.27160371434002,11.254590425410115,519.8683856820578
134.65331102479078,483.560002500633,16.707747993439284,21.35736105264939,521.4647676063272
112.18602966385241,529.4977847649199,12.712351162752391,14.731474770303798,390.0059415737897
84.0714656853833,542.8116113322312,9.292888795696026,8.408495490991404,272.22154201046
149.64064220188368,366.04287074197305,24.52837973299036,26.553381186101614,750.9749972336114
84.04463926974566,235.73596091674673,21.39121386730482,11.896466125694735,620.7720962172798
128.65246602009873,375.112590919848,20.578216109134306,20.52050567360061,641.0615942455021
148.85752476843896,292.2938360828215,30.556414072227,27.33414538317512,916.9353663062948
96.7426072951148,316.4785819986497,18.34107193304997,13.46169432021658,559.7172383497519
89.95745580810373,508.90702273500233,10.605959649522813,10.56746419091653,366.48400390749634
88.49694575957002,230.21083441035475,23.06501672336308,12.278542244815277,724.9333705829473
101.22926032973169,531.0324869922808,11.437634737160987,13.050599261325184,349.7885649283821
87.07320677074527,371.0676343296676,14.07935352724191,11.362467311069908,411.4097335793481
128.45129391858924,438.42557244023806,17.578987448698395,19.87403072601646,488.71926643869915
84.36042586910439,235.8608924942716,21.460215377880825,11.12536003242877,680.0487975920405
115.65954897048528,334.9436313429119,20.71862931206013,18.36460077788072,605.5061326625855
149.76877976970837,235.88036760593832,38.096119983985794,28.75288208121095,1125.7019323804072
136.97791886542132,584.6174891524438,14.058209486412052,20.838257432343983,412.16588173082016
123.06536067617077,522.9046597305002,14.12097120032521,19.423189948743207,459.5213288206007
101.43775345506282,383.8531017425841,15.855714542031452,15.336663161834606,463.5392773821137
123.6727085404147,289.4410193294684,25.636872512455955,20.60350029675326,728.7795169379547
116.89290247381561,573.3820420999409,12.231938975177156,16.281983669113732,371.46125893069416
109.82583687232601,337.8386382907887,19.505022414480965,16.465269829236647,569.5343934530451
89.14972637181397,264.3937726749499,20.231125446683524,12.352512399151834,612.5158585906997
142.06229506683266,425.2657553815819,20.043320197183032,23.25010841634759,594.2803794242825
111.48492541749258,577.5096481379264,11.582655885693532,15.025745996483602,369.92586187177307
93.62357582745355,201.53211620012902,27.87354519747566,14.800728189425502,809.6946762687917
105.74315456141028,295.2499373015995,21.488875939044085,15.884660628245499,622.6590165449023
108.9890826770249,575.3790561641631,11.365281531477457,14.348821194567025,339.587455957815
137.9276526896812,268.43438674286483,30.829355589633096,23.49646191949592,939.5391596875606
131.35300663929814,245.29738065592795,32.12908502032726,23.125135265367824,939.6956632531075
133.8513425548938,428.0748863199218,18.76092433811125,22.040990406556233,519.5686391989373
80.77218851000531,544.737529317932,8.896635626828264,8.0,271.42957439815166
109.1307798725833,390.84392707757047,16.753098458801055,16.055238454893313,504.715780941046
113.69409061447266,597.8257026738099,11.41075970196356,15.27811022293413,389.4456280869903
81.34345937761397,471.66867981519715,10.347533706433703,8.853510973819779,343.2108557795334
98.1869246121524,229.6299628841791,25.655255972412274,14.907520890916373,734.6965348445116
133.22028761854943,597.1328526727901,13.385994793846983,20.39060510058067,456.45363269480913
89.59767940102994,363.15769471207614,14.803103011004525,11.716043112049611,447.3161759965266
117.47170920168142,314.961013538193,22.378333346473653,19.459241395636035,685.9016766594818
95.06413104120662,423.1516734311542,13.479440637023501,12.75194661823818,387.6142942149202
80.84845422507253,321.72303672834573,15.077898377542441,9.925784807548855,407.7041005895215
96.8841020319679,234.58300284806091,24.78033809501184,15.316170399568767,700.3572356880007
148.31116284370376,200.5713372316707,44.36660737991582,27.721280959995234,1214.3373687272758
136.10759783180927,379.8333411681049,21.500102768214557,23.550009749786827,678.518678913718
147.17036510247232,534.7453688906369,16.51294694607116,24.528645019518095,500.3154171091347
114.14978307484537,428.9260742520306,15.967756207020324,16.13460624984127,462.1996595351046
87.68153390742525,599.6829195773763,8.772789523758828,9.66250769484398,287.4033522734821
118.35716422815851,314.73865825888,22.562941244568744,19.184890147497185,669.9534280189089
111.80641341919727,312.1820259040221,21.488696492777184,17.503183838525402,648.3747853695477
139.10499579177312,263.8997840935777,31.62677747605442,24.81805168511416,945.256643706673
86.86578065489712,265.6254353061341,19.62141476883433,11.641316771654814,577.644748095387
114.17687959152448,314.07463840401914,21.812053371463193,18.208662161961183,627.4529898811935
90.50340652857889,517.1360181094109,10.500534098489076,10.150568298007334,343.49516516862246
102.7273148823042,562.3027162545791,10.961424717976469,13.683862124934205,355.9477908867924
131.61499541714596,590.0348678830726,13.383784848785732,19.84534499460609,410.0390842317897
113.32126905581366,292.9158616385811,23.212386332762733,17.883713128212026,727.9819604741044
106.31217996020385,552.5190182456367,11.544816715750407,13.55393772165816,347.55123306285395
107.61333949990248,331.30203571093483,19.489165999655338,16.46032145666002,561.7268233300904
112.16127378841907,245.13621780675376,27.45280353721658,18.312968633850332,812.044555733441
134.951158068594,548.0099702080663,14.775405420163024,21.294820096890696,433.66169596829036
142.4459282258164,454.44225385744744,18.80713252564316,23.271796242637254,570.4537114450617
146.87342805527499,265.89235843242466,33.142756472093694,25.769485007331998,947.0392264484019
135.08323703787067,371.93250300520106,21.791572817068104,23.02944243105081,636.4689624874593
102.07848270236089,314.9030779508271,19.44950491432809,15.854460321150045,616.4254155791995
128.16942942605795,494.7178274840788,15.544549515574039,19.398772367920344,460.67909096517764
110.63221868387743,381.3664922497072,17.405653763326246,17.412881581065303,505.153026401515
97.82694354322358,595.7119780425539,9.853111619276735,11.682986029085654,332.14598841352444
138.8610105598146,221.89799290383806,37.54725549590479,24.99158232814227,1066.5448217764495
82.68984442736274,342.00610645449865,14.506731230840876,9.901046909910841,425.7457531438376
143.12333944947966,392.76006684399096,21.864240007831036,23.814509488814558,658.0486259267432
112.3034225237314,401.2534218993279,16.792891932307207,17.34419852796753,522.6657874623406
124.60410337657963,326.3743289542547,22.906967672824123,20.161265818600327,700.251216568763
126.15477455440478,491.6960996390272,15.394237373087131,19.05372457086633,449.61922278972287
142.65824184945754,549.8988293955899,15.565580527558943,23.475113362220455,481.3024597536992
124.56687775170451,575.4877207911452,12.987266965188166,17.35801773875395,387.5510627900994
122.97535093320433,522.0373507198105,14.134086470668038,17.626986676812226,417.0117397419991
84.66564283924829,540.2320789226397,9.403252358663314,8.793947279395692,320.1454250942077
116.28856153616428,420.2181202479982,16.604028612693067,17.80654805299162,487.59513039850117
90.51183005719291,530.3552905707259,10.239757950915282,10.572057719974053,325.17003145755933
131.620363810504,321.4015636591809,24.57119915261076,22.1685167155143,725.7559095775155
115.85553445688721,359.39150484368577,19.341948748723638,19.365634034111405,554.1687531815695
127.61594454458474,326.7652055274177,23.432594851450965,21.172359009370886,709.9455851426374
82.9171030421669,386.9549341791702,12.856861983381371,9.636073855518767,404.41150848388884
85.93544112320623,314.23184649545453,16.4086693468447,10.749359020275074,453.3663820617529
130.14263716438776,584.6445769017787,13.356077415860675,19.65044881596681,412.79358332245334
85.04590351990714,325.13785120226726,15.694125406580303,11.138471082165637,457.53784272592947
84.9879709435681,239.2178152443759,21.316465295048594,12.191253969488933,653.0540225788944
80.84759326644212,410.7268664201654,11.810417074163828,8.284043083651953,334.8690698143057
146.9550978809636,222.83963137807055,39.56794318106882,26.854359515095215,1137.263252817926
131.62558516213048,244.21726652343222,32.33815209773497,23.238209764969064,948.312259895365
104.72759859514449,287.75575567849853,21.836768828107203,16.30135854723357,646.8316464983797
100.75749069013587,385.74009995285667,15.672338556833989,14.153446887894093,487.643772174332
104.47922608220946,373.3003729236111,16.792786773388386,15.448608971723484,473.5261619151973
134.22574718268274,519.8767448011165,15.491258094342959,20.770730083508507,500.33042782483795
126.29594277492902,495.7898615536453,15.284210416787264,20.22048315477127,471.9723009103317
92.96368975072275,370.5273175962805,15.053738604830354,12.866445265422698,482.18228945764827
92.18765347338591,333.48168303025193,16.586395864810914,11.839974274745739,515.5751417638659
86.88769547993782,326.5875136245994,15.962832353684918,10.73338358072816,480.3218657162238
126.22119037909367,509.5980349176036,14.861264965376357,18.775500518315127,423.8910884795163
133.50608635552152,220.8289624885079,36.27406971922062,24.026688506444888,1040.4892146777397
98.55324998275029,205.12865980424232,28.826761724120257,14.590014471309047,874.113365481207
81.4661472721639,518.2177567706592,9.43226813915031,8.048583706825559,324.605926278882
85.75201672334991,390.8585503956197,13.163639373356933,10.64094886940033,389.44129007699985
147.75020243915213,252.3524554214304,35.12948638262503,26.874403452843527,963.20545398534
100.68113442341942,294.2263738378005,20.531361572417506,15.083866465586988,604.779509453456
133.84562034866934,573.001581238953,14.015209527966702,20.07104102876884,420.02765770971126
123.72644981979846,543.8011902499592,13.651288600114396,18.675209543367362,410.55183534777916
106.73577477570271,483.91402008958903,13.23405857378659,14.43097612904987,414.38444959756936
94.39810835368885,392.8900921349306,14.41595656038121,12.359491680895706,454.5760433004545
88.49704927115845,408.1294504765543,13.010144085582324,11.052267514796133,417.3225834129948
123.05090776272067,590.0978141135835,12.51157738459633,17.84680510144012,392.4097488475272
134.22436464464516,586.3081775537148,13.735885302300579,20.58941018869171,381.91095862455796
125.07329774787914,286.1076183143337,26.229283613930196,20.65129138277424,762.4500864176292
117.12114932744109,524.4418265221273,13.399520412489393,16.77756609650365,454.5486897936983
82.93658564021453,278.89706646680673,17.84240760024315,10.72917002351149,540.8970756730685
147.79421443160686,285.41499115358056,31.06933111696564,25.933420118393226,912.7455274768187
135.90999341582022,470.4372136658307,17.33408703237013,21.802814894745797,526.3071285740314
100.49754256906753,362.00043943501936,16.657031034423472,14.493582078776203,508.3843803410853
148.59792305511957,572.617762842608,15.570378639752091,23.596952432348953,421.85497839444537
122.13171127454254,235.60389395840355,31.102638217712613,21.335628670067223,901.535334347389
120.76958607450726,404.6102563237972,17.909024922669147,19.53717404151898,534.5283412654029
132.36512256006725,567.4086121772484,13.996804389573,19.66754435035358,450.8940218379891
136.82388516630962,561.645464191802,14.61675315368532,22.117377222448678,443.65218578458916
125.9535025132052,262.61168536629646,28.77712825402781,21.38260816756796,807.9960454292458
88.966702245634,346.6550800385826,15.398597747778345,11.8110388381297,473.28806793277346
103.67872541961489,447.6485600186785,13.89644484708569,14.063539927342331,406.3652426695618
144.96585482282347,263.75795390856086,32.97701987931252,26.581632946915942,934.7027233637207
95.72309282906963,587.2088688182955,9.780822250355685,11.303115701642712,290.0162616932876
106.05169166862593,565.8997314910641,11.244220744462455,13.424918239117714,358.7041990378024
110.24538180609372,266.78007161378764,24.79466651445251,16.97095301577822,754.1040436912393
110.75834927861166,248.46218450439417,26.74652873221909,17.114307445820575,793.4789933529778
122.90577077461678,234.16339312330612,31.492310339873715,21.054641078440103,929.9249053617532
146.01530864212953,563.7774656146524,15.53967487681735,23.966226904727318,478.1146557034697
96.84848982827535,277.4495239181843,20.94402364665823,14.488163000271893,622.6650066987615
88.50509634106426,366.5139714177419,14.488685819868309,11.25065952003465,453.0357453219427
93.8229342901956,379.5405462608012,14.83208082211989,11.92190055892879,400.37880734848045
142.08474301464886,439.60441768542705,19.392627184605157,23.488996809687816,579.230820624361
125.20675688586442,228.69413749896998,32.84913857131865,22.15195168502605,934.5435717661426
100.01347524674121,290.7034469602064,20.642371384147733,14.579583502934662,635.4132478081868
137.11628572780322,572.5961547675704,14.367852587147931,21.483705945211657,432.755873481288
140.29589974544052,563.3640429074278,14.941944007082538,21.739215766453942,452.46292446764414
139.25600370831947,512.5162589622769,16.302624699978843,22.64687389630184,460.00849828554516
144.32485735476882,207.76049824728616,41.68016304513864,26.237230933795587,1224.130670571342
97.6568714121353,330.8027073984408,17.71270958091238,14.405022656365675,542.3118488837006
132.85293501223947,451.1834941371631,17.66726000466469,21.84214610841956,539.6260807250972
112.2377648091898,310.0760847093903,21.71810797618553,17.406337398885842,626.1473236817696
138.9398987023043,563.8346780215109,14.785174177988777,21.875972690211697,431.9623797530225
130.99434740131292,453.55578473297675,17.328983795689027,20.701360889476526,523.4458822302333
134.35132125498072,228.76268692657823,35.23773646655086,23.114517407452926,1008.725852809931
125.93132863767501,563.6022355342811,13.406404804441046,18.313262340712477,417.35836085404
92.42001386287949,583.106663270489,9.509753842755329,10.423690042092339,255.85802340377566
118.15188432278569,231.08496735669019,30.677517194031804,19.98178430041585,884.6193916212966
148.92688176671555,412.94409394452595,21.638795752345413,25.82687780913266,676.1123785958874
145.61716465479833,321.34571288566815,27.18887954293778,25.61151520393785,805.050196547475
83.02216150579082,357.1356305925609,13.948005361667237,10.512019225051032,427.22762822248626
91.5370371010606,271.86048718213675,20.202355564764527,12.938383235705233,639.4853077216048
89.22101414181934,431.228840804965,12.41396757813404,11.255340533749585,334.03144536701745
130.8185936989707,583.1917412995563,13.458893646963606,18.880923044359264,393.8304056618127
137.24497308998616,401.22904010864363,20.523684883749695,21.023639232718736,600.793951728343
94.94579564174704,233.16583255779247,24.432172055452536,14.234879159725073,735.901531784155
115.40968850662803,448.00053339096337,15.456636307963283,16.48150587241984,483.8316113051823
138.849211960784,336.0891977805028,24.787921696572706,23.859006249630223,711.4190024340638
131.29610813363755,542.3700758365192,14.524707093893513,20.10133516673781,460.0692334405728
117.95660438442938,373.8712593265881,18.930035637971944,19.280676359092926,555.9334491923869
121.32433833211411,277.13584357689825,26.266758590203718,20.385247566723084,794.5607699470164
115.58523828413959,276.442249076458,25.0870274721657,18.862905372407347,716.4979354462171
100.82839159231744,507.50567228846415,11.920464786648571,13.49100594861336,364.40566998748585
119.55153950013113,306.235039322944,23.423486697886958,19.671780568286152,680.564236137907
128.22197114350635,506.8933576636892,15.17739017940476,19.586532367020784,479.58594496177466
141.13260411025652,282.35492430663976,29.990467732799736,25.5458220374083,864.592993667973
124.54039477854737,328.67454748052376,22.73502388302713,19.9578379912838,670.1571998384777
133.27850759302106,386.19478897587976,20.706417289542216,22.30613554841522,624.092566124186
91.20501444682012,577.2783398773803,9.479484139265608,9.304388778935563,309.1301802603814
112.30902320938529,572.6925699015299,11.766420147063823,15.41184380603828,380.2788076709499
80.65321338789653,282.74875016891514,17.114815893555107,10.228345590584324,517.1734156045525
97.26752051651361,343.2876164972291,17.00047118081209,14.51185114281285,501.3702632261843
130.85232005791033,259.7597553815089,30.224617327436498,21.902407661480602,874.6395546949014
149.42669659445545,403.9940317253988,22.192411500181244,25.6555804346948,656.2599081542602
86.94246697110512,384.2330202778667,13.576521909787566,11.177311674324356,418.43649820780195
108.10460211029017,560.304064980293,11.57635029266751,14.55488421845338,354.2510509167296
136.00496780894116,572.0021511164291,14.266201713768499,21.23416713732334,433.2243541148727
94.28249442402291,353.42695640291686,16.005993778788877,12.370210975943998,451.4228052760322
118.85594645116004,396.69517720759575,17.9769182909367,18.207489715904277,550.542646329806
131.31499072207723,558.4944996584533,14.10738950543464,20.734533114117284,431.9963082670149
123.11898151821254,522.6831230980246,14.133111563480423,18.392548656733982,449.134843690656
93.16173142307913,201.4625245378597,27.745626131743954,14.127004782403501,811.9208903035055
104.87691980800176,328.023825673433,19.183408935498406,15.62480930770896,536.3573264091111
134.8654249139778,368.7096967744503,21.946603427109533,22.10051824686093,641.6647589283202
118.79585598924116,291.88651347329267,24.41959813263744,19.897622936241813,714.3822963892936
80.36607294800389,279.8286463583755,17.23184684496083,10.339107775929282,531.1002089136219
133.26935320196657,215.11380263827186,37.17177184378108,24.833697613964276,1035.6005873380043
82.47179484581673,457.3478900279042,10.81957039409779,8.501074449887659,336.735403437299
132.20136479118625,305.00411619326627,26.006474884571723,23.02106817523041,773.2816091877044
94.17363921156662,220.93887137252523,25.574577789739962,13.357267339987605,737.632248022297
147.0651436083566,292.39172421122544,30.17838018605121,26.45757831286884,881.8257779646061
105.75585259114591,520.7655811344506,12.184659250417166,14.65340206837784,361.76102530556255
102.88521314366554,540.5956726586187,11.41909397509772,12.244715489422783,338.1805578042874
90.42216352327112,393.226498077321,13.796958846678416,11.43844029537538,411.4755267482707
101.39229508431504,366.42826816347446,16.60226088873923,14.198376750355896,484.3226653502903
141.36555332797406,591.1414774007127,14.348398012898794,21.93932319771949,448.8242312675276
149.7434036339073,280.225863835228,32.062009177416115,27.339633698675062,918.6068553276396
105.78166713547938,286.14371314184336,22.18081242617608,16.84191497060218,637.3620647874054
111.40274416681798,316.7468708145599,21.102543595205198,17.322186864038976,660.4550405793592
130.5449656741916,269.10292731243493,29.106699130617578,22.628017183088964,869.4094861514196
142.0337046325552,351.74623928167466,24.22775662180987,24.66478936929197,675.7555322828657
121.51310339307489,564.3336907959015,12.919282195082163,17.64966014505279,379.66594778084595
107.40679887244805,446.1391362514297,14.444838860124168,14.697675583559263,442.7132985110533
108.88352885940367,364.7786194449055,17.909524800290377,16.89148240262327,541.7753571389292
128.69327025477648,573.7643178284859,13.457783928617863,19.47747817565894,380.2955624008494
80.2252784522995,219.38569299032892,21.940887035647133,10.793898787629262,671.8442323845535
123.37125362218885,284.11047116074457,26.054214711232017,20.22269963425509,780.8551646102396
104.88451073089502,426.35544204070356,14.760150858477632,14.570313761287185,456.3694867546792
135.5938131893959,446.2210492772717,18.232283762813836,22.086039215443773,571.5116691560141
86.50934478761926,215.82300262504526,24.0500809650714,11.406980595411724,717.0348856209133
121.17415868638733,361.2155031628529,20.12773388052888,18.548124634550565,606.6538336492823
113.66810229202866,459.6615859323491,14.837189676592791,16.360303983542817,480.05157675085326
124.96278681336591,479.2282185613606,15.64550441397252,19.523853164497172,493.6543509305598
84.53975161380778,455.25596100650773,11.141831258209399,9.20971685651383,328.14449961067635
120.59886511996919,328.22528974436983,22.045625773789943,19.037945635088764,664.2823589910089
119.30392115716666,237.4080494391638,30.15161148217221,19.638284385775986,866.29505306391
119.24620660913197,370.8449785677336,19.293162399504144,18.60369482420329,584.2949293647911
122.24413666175184,251.5017749472222,29.16340531292191,20.46508122032269,861.3216852641744
127.35275560584535,579.0494634082668,13.19604942102021,20.03541438422042,375.07540048045894
136.3492299776539,390.0683464090513,20.973129129734993,23.39221865592248,619.0200748089859
98.887450408975,326.903669742747,18.149833035547136,14.73177592891181,547.363505281815
137.75345871260436,506.52162844756003,16.31758064919819,22.747239723976662,481.8047331638124
114.87789775844175,399.1794370329055,17.267106534193346,17.00275928472261,523.5279382305761
85.39407953940318,324.01360960498005,15.813054206613922,10.315551693657449,492.459862255805
84.09856504707855,524.7870969563207,9.615163810410332,8.249013100757992,301.4288238295144
103.39668230872425,546.8608604004488,11.344386456877915,14.01748410458994,355.163031178182
134.94278839780273,469.2032665154708,17.25599091412378,21.533702360449343,544.5896200472603
129.5376654318641,218.78576896306691,35.5245222883938,22.104381876396715,1040.1449354899667
135.20304752706846,426.5291520666128,19.019058398046365,22.039600080848775,570.5197879687648
116.20883395091266,505.31796479891267,13.798302302253243,16.755647968981602,400.52011771484
110.81392985688434,254.60120483343286,26.11470670676092,17.937123799378323,779.4723928363446
90.32167686943987,291.46830055384135,18.59310464249032,12.556831174738,561.1273445838387
102.97349275265181,552.9980420272545,11.172570417264886,12.77686397673661,371.5139046657854
110.38135563217126,208.04868874122963,31.833324103127595,18.458025829042075,927.8122290259453
86.20203007757321,501.0908551303904,10.32172459684689,9.213303647126097,285.5857304067523
95.44283668978478,389.50931700576916,14.70201084125099,12.731015613132167,411.09398426320206
121.87577058446172,378.70886353584274,19.30914995438339,19.75076105902061,589.3750663388145
131.49641799674328,202.83861299795487,38.89685974082334,23.03431842703881,1114.1162626137152
149.88432579750648,527.759292386597,17.040078076470408,24.67081635678468,519.584448180235
145.31793319404903,343.9299602546266,25.351312764924064,25.78150916348018,746.8678501720924
124.9795639674634,416.3062525202172,18.012638034264544,19.4037418674902,534.8632818138005
109.48736373058505,470.9202745342638,13.9497961312709,15.338788991282716,422.0148904413517
124.5324155295763,481.0518305751663,15.532515327591204,19.41821490633104,451.14461451100675
134.99561326561624,582.3920235304289,13.907705580919204,21.82937223427225,422.44286374942914
88.28353336463711,412.53598129464365,12.840121206530506,11.143960240735872,381.045226624215
108.69334227874018,359.88782038977104,18.121203795286238,16.570789724017548,533.8081037532271
138.7861599944932,581.4814505966831,14.320610900183878,22.00818756328888,427.89743635458603
106.86830663531308,456.84409401020844,14.035638157939069,14.477036356253778,421.82235767806975
120.03105898590306,319.26014251062225,22.557978839825168,19.54612485062249,684.4706603582058
121.14385526035387,250.58569816142847,29.0065688862209,20.364755899910755,844.7829395867011
92.91333771935476,537.0218005860725,10.38095708047102,11.021169618419721,344.0508826864923
105.35648091566019,344.87264111766063,18.329632743418852,15.707073843308766,577.8719115507615
103.41579021193525,464.18788854577247,13.367318635036424,14.288300678440686,424.66018720756966
81.83376959724454,388.3265677463593,12.644064515930113,9.316955517991932,397.91082851932015
81.69342347239487,279.5719119180153,17.532538854550925,10.445562135279019,531.2350489236007
138.21879305730414,440.67464344818603,18.819162179485247,22.25567817196677,578.1888611192445
99.11495669809688,224.27322758027293,26.51630542819593,15.038397607231726,779.1331153908396
116.26551363671709,365.3369839484769,19.094510341681787,18.843228165926913,588.3166091488354
100.91079015121412,418.6459758654684,14.462452186614362,14.051340830374063,450.64148893750246
145.84754715807384,374.4187896474316,23.37183141296034,25.33126967189941,681.7180887373124
98.15077312060416,499.4688701003963,11.790617473422348,13.43430032157316,381.1372665292292
110.07597689172546,531.169981818125,12.433983168433183,14.453678426603446,383.1430096882348
141.09111753392213,508.4972296132712,16.648010173966128,22.41133951058079,497.7004570638121
138.9353496754266,215.52517912472084,38.678176788344636,25.927066898363368,1109.846203018592
93.02709924923941,277.6515081783889,20.102991665970762,13.243986635590211,600.30677590544
136.18503168569973,414.6430037055097,19.70635420860812,22.48222038614569,605.7611472343833
112.0730820716525,573.9288161775205,11.716409308535653,14.641122635111856,378.91211736297663
113.80782104597486,533.9827100208468,12.7878096698897,16.250481567348967,398.3318311868675
89.34359806911607,537.0138033407206,9.982268334256949,10.254714413147974,324.3575170294805
85.64210596299873,321.28327750386995,15.993756032689962,10.465043310791712,506.8576602321358
130.95575148816357,371.779158831481,21.134442054217914,21.632747672587715,622.9942112312494
114.75228066487098,388.282378926375,17.732292819803185,17.40151953702083,508.00761935760517
110.57954918306257,262.94863333996415,25.232201691673026,17.798187951144456,767.2560730096901
131.06557600566777,212.4272520977825,37.01942421549667,22.603404418721617,1062.1260712278322
133.58590292937768,578.7611597842067,13.848811448838656,21.114240701573983,407.29539486383356
91.12357173685476,296.2850342654027,18.453224671866987,13.04317140325143,514.6665923420903
122.71576046343489,295.9795614894525,24.876534010502876,20.176405659934964,742.6568124723009
89.47478575943799,233.3516215075038,23.00599889079257,12.637529438453624,646.1976584435131
132.5962560220332,571.4031007775114,13.923227491234337,20.24283054044012,408.18975892336186
125.98686093869976,431.89484597590877,17.502435434813318,19.550999106567126,535.6165521079412
146.96302347584208,466.81474285014156,18.88925220037714,24.563398901046956,577.291230461017
84.82706114494948,564.630754905221,9.014074462789958,8.488149715945925,272.10236524261524
83.9938304805878,338.2480675603158,14.89921247794449,11.26076414781687,447.95917150234686
99.75309522852402,448.6029244552336,13.34183391911594,13.811096712373285,389.39270542180236
98.31939786151342,215.519781891555,27.371797706528582,15.548737938545232,790.4366912440902
97.28851593503998,274.70901129245175,21.249069801674878,14.480512656512534,634.5414804852469
143.43782063647257,532.498322035977,16.16205888740226,22.768712991853054,476.1239163410708
97.46823398946543,506.7073425353343,11.541364311215048,12.232525773718121,351.3262838857411
99.03648082900418,340.25707658285876,17.46382150054481,14.62119259411901,493.4717556837788
133.15787836925745,350.724251109685,22.779926614361294,21.80471598273579,694.9280783761438
111.4817889715378,413.4217734214318,16.179378466053272,16.857096815233515,496.8452545622095
134.36973898686267,200.0964018740538,40.29150081512371,25.247878943753275,1180.599271646266
84.57563102950697,296.49773441521114,17.114929636069693,11.503812144799928,538.7626253031128
114.12998355713691,283.2927234432858,24.17216697342782,19.06746587684451,694.9182126904882
82.35295201282979,300.1931786999054,16.45999133680963,10.502178165372273,487.36761598715174
84.38572424187481,522.3623370133765,9.692780462429917,9.378847110545168,266.32678519479146
143.45062173410878,311.86954261857727,27.59819773286777,24.955825625804227,870.5800582591489
89.74717597823167,276.6085288200593,19.467333786359372,12.821632636416835,576.1182963431365
117.2694477592652,401.70538431721263,17.515739495290653,18.394839883632372,545.0005199082988
108.77669218204946,546.2580145490928,11.947836657939625,14.82380265317299,342.8784491649133
104.31403283811899,296.53988153499995,21.10624020583357,16.485118327739023,645.1281943134416
142.98833419810907,231.41449711711948,37.07330421717071,25.65523517168533,1111.3887032671996
81.52763777428426,342.5618943398659,14.279633395546018,9.715453415404207,432.0124054589757
126.46527803229124,499.06072982599113,15.204395434165244,19.50149227489019,439.0071674460544
147.43761039494854,420.2762178779178,21.048672866535075,24.805575828168575,620.8055505395203
119.21177284232894,526.717347829739,13.57978126221095,17.534523279166507,369.001079877311
145.57757234231644,583.8368590436936,14.960779206105752,22.53246192830332,451.61592475406053
83.65805155002167,517.0649907006468,9.707644461095056,9.287031630581078,321.06083065074733
109.31553233519129,441.52123153750136,14.855303599492663,15.776642980984757,448.69225028930015
98.21104536734359,397.3366352209522,14.830403742569082,13.159143353296543,443.02436164259205
131.15746754865108,216.02763453930666,36.42796936466572,22.736063053382377,1066.639709450046
148.69079633480726,593.7287915256165,15.026132987696823,23.951360804422286,466.2920784967937
97.95710437109734,353.392449030017,16.6314426875788,14.096476295590744,466.1590640261366
125.79222210318521,260.8912855667467,28.929802349646298,21.704074541552224,846.9963354995401
93.86683429318181,466.6835421585827,12.06815657466898,11.374705371787831,419.7450917574382
119.5731178200127,313.7153156381837,22.869100460097318,19.002545102476418,648.0764367356032
112.47527406818352,434.31130837241903,15.538431337146312,16.92374343512655,466.91040193519217
148.0403730742076,434.70716313783646,20.433117136457277,24.97767008757848,645.1053308033579
122.59690908875265,378.29192836114765,19.444809666419083,19.618440076722635,600.5600674053421
104.46544604607732,534.447446218017,11.727863622736377,13.786607182762275,351.1875095252391
87.98670494215534,305.9868246221772,17.253037947133546,11.882536168938957,520.9608007546482
90.58727801144542,379.45303664709365,14.323871878094126,12.13452284646719,434.41989105224343
95.77218509658645,415.0768514363886,13.84401728477461,12.028732482543274,406.0058965540201
97.56766629382086,465.44988830691983,12.577207825580263,11.693196053588922,383.8562270788612
139.54312404887963,513.5887402022358,16.302124224210804,22.255829589525273,484.4965384000032
119.28559517977675,357.9229131513024,19.996304924354245,19.858032456120377,596.2410617626495
116.63736379620565,458.4187776386384,15.266045304297943,18.41322153399705,445.9908926704909
88.03382103084522,260.24438122740764,20.29641999161992,13.06506687292114,576.8937557670412
140.20977853446044,573.0592402169914,14.68013448117888,22.072175254738,443.65556453342464
130.59700122459387,353.22352256840145,22.183743643398586,20.890474889370477,689.8050629443603
84.73678533300011,491.80856879057535,10.337776611909728,8.084489464573043,324.0065444449448
129.5484568060838,208.13643275287106,37.34525140821511,22.521469909148244,1075.2528910602152
118.04767521398523,282.0748571619228,25.10986120529436,19.235909741611675,752.8746510337327
85.72077420227448,394.83301772943116,13.026383866561542,11.020480968941737,394.80690620811436
112.08104490700595,551.3009870929386,12.198169152355746,15.880089588041297,412.0423484914326
113.9287400991033,410.90205998027085,16.63589714365124,17.277002764114563,499.40419628511034
91.60421781142931,571.9481929175516,9.60970440460516,9.77937067600387,315.897093313584
146.19887029001976,393.5187586331185,22.291014151067053,24.775971307492206,643.4273439393461
139.49827600364634,396.17963869437995,21.12651873731317,23.711506900778236,635.8324973007996
126.83156361303759,247.89871540021275,30.697592782990775,22.151201718495013,900.4367314364059
112.36068927004251,521.0624976608879,12.938258628219433,15.982855214640708,394.36485903719745
108.82358791091559,298.786164986825,21.853137928735258,16.39872272283903,636.1700281948757
125.5681427005668,559.8449957489261,13.457454508377571,19.011783855383673,397.33555222608095
118.18023085848338,564.3296881321585,12.565020059423897,17.04204170639565,390.64556999191916
84.35911741173199,577.3240447496598,8.767254873125395,8.0,290.7740047186831
115.87518541392322,408.092195641236,17.03661868345926,17.2751315999033,508.20854986671674
136.44825320629877,470.8375139134577,17.38794159439623,22.50711234496676,526.3773023959251
112.14679143178707,511.4063520246654,13.157457781405675,15.703896053926831,400.9011532505929
83.63696042879879,252.40584746018624,19.881542667189937,11.93315564083434,592.7291824996908
135.03947395688232,440.3828779989989,18.398463796386192,22.34083884373711,545.041625806767
94.09546474951821,213.71916052132468,26.416573372267987,13.815427546393705,774.9006205847387
98.10345844216272,399.0264333554903,14.751422498583635,13.372829164683694,500.4467984719095
91.52944474026071,261.937072648091,20.965977167324304,13.025683003219271,627.4885407380583
103.11505454100482,273.1691703848339,22.648614643242265,15.378219753418549,681.4820511175361
132.97260539820445,346.01902667704064,23.057565361395355,21.974303456523405,688.8373698377844
116.35701016527561,372.9748666866012,18.71820659643214,18.452318202761038,552.7862100021118
94.34168919054989,449.2689698128749,12.599359697133433,12.423518017813572,411.8440232513053
141.44810547064287,229.77136737540627,36.93622240743549,25.862482043599275,1064.5585039315986
141.57072984660704,401.47670449497787,21.157501034789625,24.804175549664727,647.7431081171603
140.94048975322048,273.05005210124045,30.97025369567696,24.775631080663885,895.9186745985037
96.71573479670775,429.59007001269674,13.508096422319436,13.5988872420792,392.3208909517434
111.58675409266917,454.9618449044734,14.715970845787993,15.74058436203909,452.796918394682
148.94927592986124,422.68370262114155,21.143366778449032,25.164175562910483,604.1511570002394
134.04087334169932,495.31820419132305,16.236940884562074,20.470631028917467,498.9755360555299
81.90171948578919,334.2436976963605,14.702156549295676,9.752898378473313,421.21732621708736
84.56432138823445,506.0426366532524,10.026545029585614,8.833716706336862,307.2296624633157
112.4751963768633,373.1068326832775,18.087344405028535,17.408686738866862,511.66642379234213
143.64541441030923,393.67379932903873,21.893061919050623,24.748898789261084,703.8112927807271
117.70912585669,459.24085090442856,15.378744154603025,17.06185054714357,431.04875758290603
114.84687556240031,207.34335359968958,33.23382406097215,19.02345672561475,966.4567300536825
87.38315899696414,461.59768856809933,11.358353106320532,9.992846095226957,373.92990659329064
125.9746073307006,447.43405962884617,16.892939366555854,18.909396439460785,527.4388780583563
137.54722124201578,323.93884670131195,25.476516196066097,23.263813058666496,765.1310944072982
106.62940052552936,234.3177139597958,27.30380014133071,16.570760012771196,793.1477862006615
134.29282956477292,236.37417996521646,34.08819768331754,24.458206645810506,1017.3095009615698
147.51336577305682,569.2894987940915,15.547102072200158,24.0945858585754,487.13044462188896
94.26365213893824,475.71172849033485,11.889173189580516,12.074959569739692,370.23789108766493
116.63307418363189,250.84104550829616,27.898083572556576,18.518614335350964,821.0168054911308
100.09965706592028,342.6892677235626,17.526021354132585,14.972666088893751,518.4366622730828
135.49980933236876,436.9931975606386,18.6043824144745,22.884528216738694,536.6484661306207
120.43153561168103,534.2286820362594,13.525840861180908,16.654327879508294,436.762381829159
124.42076922852127,217.4643714852034,34.328594163385624,21.130803153839288,1023.2924726024092
135.85399117311258,294.6532525880035,27.663836726025075,23.849105597260955,791.9353609303516
107.71793308637184,555.899596118152,11.62633689665181,14.65393158251189,355.5245373010836
144.05630478849304,203.6662200735266,42.4389389864907,26.097598234917804,1222.2643932882424
117.3120207072298,280.559641117555,25.088146015572327,19.014892323197042,736.5291277601078
91.05683759847436,583.6096703891864,9.361411458903907,9.686098685177706,296.1903892354526
128.71293827181617,445.3607386088685,17.340496426406784,20.544725794734713,538.234888280003
135.5282945306778,304.6685466550026,26.6903090624867,24.02963548636517,767.295001102994
102.17331739472687,226.79643775833904,27.030402700662368,15.5423306042945,774.8767483397073
140.0025479899127,211.27653617888888,39.75904296481987,25.87180529515439,1174.499423043749
143.43002783360365,297.8980318547709,28.888413986607528,25.044504135679198,834.803030172191
99.38331411644663,552.5943278355642,10.79091577060344,11.887779771248221,309.8452615280347
148.84650309006554,366.3654617190038,24.37672520630151,26.56103775712395,707.4725948829445
89.84980696341309,488.1333476663972,11.044089578344327,11.007559862970457,335.62483715016515
94.1410967881743,567.3140141519831,9.956506742978567,11.315611945038901,342.7394140588628
92.89573874666183,363.21618464112663,15.345528532289418,11.76127295619788,481.69036106282226
142.57927970055093,276.5109484149588,30.93822082297793,25.18547116987851,924.6523770087377
125.80047866274734,406.8471723427678,18.55249153214132,20.531074148088045,569.7816693737606
90.6472998255591,563.2334748239418,9.65645373125886,10.088089313461786,322.12674133342773
110.82263928578443,521.7497656550802,12.744343734967469,14.86560927514344,376.2799345950325
123.07086175488614,226.3319373452615,32.62576104771616,21.300864983852033,945.1880571394706
85.84248594925683,477.02912003103273,10.797137828022628,9.303467661679221,315.48264320190066
141.7691457885137,428.7590089835815,19.838997126790513,24.747214917946053,585.3524072305287
136.25224748090747,562.9852705385701,14.521045712321827,22.05834631481742,453.6892789935127
115.36447415036469,248.9925667401189,27.79949835308315,19.274597437005404,816.124376513585
147.69886306814192,413.61444528186263,21.42558579657305,26.125051558580374,660.4108926015838
109.24326854925698,551.785077404757,11.87889339774108,14.776287841694218,342.87448770414886
148.88772233255486,364.00951469669724,24.54129076103061,26.56578515692177,731.8079834029418
126.7543999162539,392.79796709314684,19.361770253693155,21.219405227083346,551.175218299061
124.4269891277759,228.1842710667833,32.71750201170339,21.51133108414692,953.6236304160357
91.61684267070495,311.2574561795643,17.660655033661502,12.444329520578405,543.1080421145506
141.73494308132507,329.80265966757895,25.785409351917043,23.879194495249912,752.5011006800189
109.92427815444306,578.0489794979547,11.409857854943102,14.633612606261838,363.53480419825996
91.35633840477355,313.06694421646364,17.508652400224108,12.903290948747271,504.832007182909
80.88252639830313,384.3474941078608,12.626468646979877,9.747336784182082,353.45281545153466
119.18289785468679,468.5217694257119,15.262842279551867,18.189520713310404,472.0090711285644
116.91797354858734,264.873348963151,26.484651779334637,18.941152848443604,811.3359202032466
130.3547535658411,394.5769548567498,19.821951377748263,20.36162914657002,569.1618970755987
142.31806371124614,495.41561579036306,17.236202393523488,23.13787243319838,540.8085160586746
85.55846092501207,546.7420852108264,9.389267434061196,8.81187959091237,296.55634421575076
131.20475432382537,450.5037098649707,17.474407173670286,20.89965223034047,496.3497562662651
93.11883608683075,467.62140612677916,11.947977770066178,11.844350330812876,345.0155344742401
140.07239372100148,250.5133890338276,33.54848080445403,26.02853449404349,975.4251382342189
137.33444597031593,578.3105988985388,14.248514161616857,21.476024551805942,424.253618758244
117.85556284898811,253.02963099379295,27.94666278082172,19.440549868719327,791.3131078074427
129.7169959036318,509.8691748727193,15.264738756095257,20.02669294413946,427.0410270368524
102.00450792286239,305.92652871132753,20.00568731699249,15.236868633511508,577.3155543674347
112.98175292529703,573.4372574805006,11.82152901139029,15.054483126386158,367.9657440517848
137.514582839733,487.9838157477918,16.908091424590072,22.331018170597076,507.0092611509631
112.14856380212498,501.52548519134757,13.416893112740242,16.13585558230258,398.93070167568294
105.04587857278092,287.62366922395336,21.91319209358713,16.192140563199413,651.9318107187469
114.59487130752099,377.2159906540643,18.227467681126996,17.858859831991232,565.0421926667109
137.97744767060527,447.12527783571454,18.515273617069145,22.96909436742143,560.2180596201099
103.46456331596109,507.98944728264036,12.220477870485496,12.83056827055379,372.8828972656026
92.16331151950206,241.58375036495585,22.88977914622306,13.651371497618747,693.919741632021
129.84098142315466,584.9461265818113,13.318250230860697,19.176084835940156,386.98435364132484
137.81847488956572,556.0882682218223,14.870136569893281,21.1852423387414,445.3261551060949
87.04462349664733,308.13943619823374,16.949071739194597,10.923218066477094,504.2679933240155
96.79118789291613,529.1040972129329,10.976046687534545,12.10209958823751,315.57327897377354
89.93803928326957,407.3295692159294,13.247951449690982,11.183714305602612,395.8068870691135
104.35589881075167,384.7225926248075,16.274983712098635,14.203354832004461,447.8334037930779
111.52456852337889,325.77364232456216,20.54025630697324,17.576625028458096,647.5270087707108
132.41784358743146,432.387434652637,18.374887840181213,20.79759656623178,529.6392308732029
125.5803309417172,491.9556470814391,15.316055220026177,19.369921978152213,494.087251231511
123.46499972349018,364.3731619851033,20.330531324127183,20.046417040464657,604.1471116077806
104.66624626267581,451.68767720331687,13.903356440104435,14.961205394778203,433.9333907219273
138.9013287159332,479.7251684621215,17.372613051912538,23.577100744397086,510.42486831628185
112.99010171787151,484.44872680611434,13.99406320616782,15.588664528004516,429.3456182979227
148.5373456610608,220.7864392524721,40.365888275739565,27.35873388617216,1179.8429309598353
124.38994968070158,543.8991222740267,13.722024315166836,18.401919391546638,430.8276129943845
88.8385319095152,383.3013259060192,13.906322661346177,11.45755494750341,438.21499393917117
127.33242934528039,304.9664326784858,25.05175961044644,21.52045762068929,728.7923087979223
102.75728108021893,296.70580299187264,20.779630201509807,15.26647171221864,606.4080872285003
128.0429037680268,393.2056451375802,19.53831111298904,20.573330475862587,549.222548024517
84.8748803713684,554.7326157875837,9.180085463430014,8.165839464077763,300.2695008918128
92.24170060231715,351.3390326730588,15.752596556185097,12.859061388711833,496.2892504361814
139.90160812340503,499.89029871341734,16.791877155864878,22.98052029038584,536.1886543609927
95.90256899164604,238.72749239488743,24.103441466978655,14.737165404373046,715.593178206753
138.5928787670058,390.42268086042475,21.29889766571514,23.258341016669082,615.288872363385
99.54932619180873,596.6744561570943,10.010416081790412,11.62757060523468,279.214311142941
125.00173370410954,508.1751211169348,14.758896511426705,18.472679811238024,467.52951318831333
128.59054014568818,284.2113953762452,27.14680879887815,22.088170567775382,759.151807032116
115.8858327201537,400.5765894791643,17.357854018003927,17.217605826561545,512.9737192995032
101.3717473687712,293.44990545942665,20.726893173142397,16.055591221101235,610.0460381139482
94.88510634597672,363.82437090500366,15.64795224299337,12.249158538019717,470.30969604489604
82.32325481936984,512.033609493986,9.646623185621579,8.617345688231692,303.64145871842675
101.27624808685067,508.4899261161615,11.950236520168312,13.95723454207285,370.4721137106543
125.72139533718982,291.24015116095404,25.900562440178756,21.43938748395767,711.7222989881454
145.6813372913938,568.8893272619441,15.364816702667554,23.63971540318554,464.02938984848987
140.98431375841363,437.0272731059307,19.355906017916723,23.098323294648573,531.3848448911206
133.6245343574712,351.9697163848058,22.778868999862564,21.8465349810082,686.8835735991092
135.19131402773093,400.7742323123442,20.239521874605348,22.868864576740403,589.7234897306508
126.54894324331967,442.02850137509745,17.1774819292839,20.740332009502257,471.5725217586099
98.2200800296202,423.95621273831415,13.900503459339037,12.962983390199112,406.2717810966857
143.50365214940808,394.5620142144713,21.82222012959475,24.01456846954661,633.9341855957027
126.95126183340838,401.97312163576004,18.9492165023575,19.217361000550493,588.3531539947841
119.2308441686308,270.5647641711545,26.4404371797373,19.239076486385425,779.1450377966572
87.76926284494368,525.0931617218718,10.028993242699983,9.64566231957857,320.5675722474301
111.29388806644978,416.70412797640614,16.024879130463223,17.262648379962727,505.92342167051555
112.22507898413484,252.43194468188125,26.674534982225644,18.506060391436886,779.8728522724834
140.51945266658691,506.46284063311117,16.64715845580243,22.996307345793287,514.8829038485027
118.2653754131452,572.9775913509403,12.384293263648008,16.57219238049213,393.593219090455
106.62803842792867,578.9227596947849,11.051011898458883,13.565039700749983,316.6911761026158
148.37602299574615,347.6070929644691,25.610988843241905,26.907554933402732,781.3456532948593
87.7504415328421,254.20674942430162,20.71159205604948,12.234450902046847,585.6958308163919
109.57838998183612,407.3598506532261,16.139792344206807,15.07390361107487,503.8779882771406
82.94172726199837,245.04369173968826,20.30863802446496,10.697033665385593,572.428262730293
131.79328845368514,573.5949674050469,13.786029788572256,19.66473400047028,431.36130522770014
144.26535865394055,273.4318509420584,31.656595562711775,25.58769168370552,959.142877435402
99.60261306853425,301.1063439804656,19.8473293691207,14.908744452682804,585.5369196053491
140.08391737593846,362.6546107539882,23.176418535205055,23.976264739814226,678.2922533694002
100.45527613233284,353.2657874236503,17.06170476313851,14.329469344551592,523.6660933002981
143.75391131507405,517.8651569591557,16.655367836582833,24.193457988071916,493.44208520896075
132.77733325177488,382.52672822038494,20.826361682409487,21.706008104580548,653.6950687336471
136.3434743789007,268.3073040013347,30.48969722677899,24.890651808451338,892.9321289227793
81.26045889203182,306.8839581944296,15.887528179080975,9.728486591226678,472.0329234460903
147.3967249951818,403.6453540750088,21.909835974644903,25.50449464946983,636.9939732520593
130.86696944492263,258.98156697045397,30.31883024937894,22.5548944212516,865.6240790405897
101.33257667702934,444.66227025840567,13.673196507291992,13.823405296334219,403.6082966807454
138.0576265401193,426.29892262045837,19.43110140060586,23.181538323064053,571.0775833759699
99.7064838890451,485.8809265529031,12.312459095245714,13.207981163286256,368.1430467836955
141.09276876962895,575.0818461517471,14.720628346776094,21.991085258025993,432.45647010699196
87.88062732883559,564.9018244404623,9.3340779080558,8.81040345592387,336.1126238610785
129.2580184222557,578.4302472275326,13.407806978469832,20.678401106448604,388.09803294713265
117.84889336514372,297.88623880948035,23.73702669236424,18.901864862311744,702.117815756732
86.75741291368085,252.62612265574185,20.605330597241537,12.253671371929066,622.9639307539485
96.93256797811873,320.91068019857937,18.123279895478127,12.988669841472051,553.9137795464227
80.86828253941204,558.0340691065259,8.694983372849375,8.0,274.9906135113229
112.81375758251541,588.8213898493952,11.49554953613728,15.225355092940095,350.10809948646573
101.08856825320002,543.7299804281904,11.155011335618338,13.047123718969004,354.3762575712336
121.88502390084312,244.00708845101744,29.97085650451764,19.259864668027674,879.8275309124821
100.80664653960321,578.9711992239172,10.44680426329285,12.507506557505033,320.24945780226074
100.99433780548893,369.3432109403144,16.406583602557603,13.78101913995688,461.7959661679663
132.02352391121224,203.72411630494148,38.883032496828626,23.639078029141324,1115.7728011116417
83.36999851848473,376.9574962992774,13.269930854850791,9.434602435048662,381.891486582065
143.2026496634391,218.42766787018704,39.336403961940945,25.666393561992592,1124.5381003134403
139.65847120738272,417.551168464447,20.06821895208383,23.294823605820675,596.672962187049
126.74632782584845,335.4216109748205,22.672300831927565,20.468409931904635,676.4169536788137
121.52550990751689,389.3739734376195,18.726291667820394,18.987544647354554,593.8789752823393
142.46117486977565,445.2681442972468,19.196680925102036,23.27499161521166,560.7503941752575
92.97311256701,547.5204383271281,10.188453916103258,9.864073920051204,333.6556458409183
85.527841353358,464.76063058877145,11.041534380183062,10.202800890741287,348.2732333510686
96.76571189366767,373.61954739127225,15.539718824025552,12.629390712440488,494.57493957230577
135.6204795090133,527.771141468146,15.418101012315253,21.357902706869915,476.75934305893344
82.42691867085384,562.232855029253,8.796382274731899,8.430989459248739,258.84473426024385
120.79647845584427,247.9039865728789,29.23627331511246,20.010849003700415,819.3777372617786
149.68062613339168,412.7731910211166,21.75731797355042,25.526938675713502,649.7357045053122
139.89872656862775,313.80478389697765,26.74887071470968,24.536890658120576,773.3172372903682
116.50119823305127,218.82447915077896,31.943738292490725,20.082405914810803,910.3735249677904
84.45486365006496,467.41867804559416,10.841012687365504,8.821364496289405,311.16327352898566
138.1961460069997,545.1083109836902,15.211231590758251,21.849723240782428,462.63655830033133
121.92849557240473,265.1610617909576,27.58968336049166,19.57528765263043,837.6863071652471
88.04530979416968,524.9654630495602,10.062983109331627,9.57493146549947,306.46111222311004
86.57000993763494,541.3582934147767,9.594755745763399,9.278360447692808,313.27216208373034
143.67387736056148,565.7361770665934,15.237548863025896,22.659196474183908,458.111833287533
126.8440184056655,306.114035634421,24.862110907678193,21.053683401944674,705.0378934767859
138.0500759521729,561.5812260759558,14.74943280245994,21.036609018351392,461.1262606397935
141.52852301975872,328.2651018945729,25.86845611116091,24.733104541477267,737.2328076776712
120.02406464338256,420.93520538220116,17.108200470103657,19.10003757678582,513.197409313919
116.22124462285288,220.20298833291287,31.66748430692802,18.893615834588307,915.380392124331
110.12991872246931,217.55243534749744,30.373344765336686,17.65654968471729,903.6776908364526
102.18626114537835,488.14928509288114,12.560042298445873,13.831828571139287,363.6955089373689
110.42171726010983,377.7919911911164,17.536907054906308,17.204581535673306,532.6386483437404
134.17157590111094,302.516950147687,26.61105286872868,22.370121591241315,763.2145034034326
122.1346401710592,276.1653984099641,26.535107049816254,20.308875491252348,767.6525481583536
142.47663029683923,467.9813963436872,18.26696079074954,23.812774236185028,472.64830537785093
111.03660100654314,200.16061761013594,33.284250118417006,18.29626616534768,1009.5205420127396
122.49627051031278,522.3564676787416,14.070422566566187,17.02969143772228,438.34559215111756
124.19152871643921,231.69984245197153,32.160106990711284,21.54959876581719,920.7177155021056
121.41880136144279,276.59584596324777,26.338530343129474,20.973006786955814,749.8532769357191
129.18436411598614,354.4945581196358,21.865108136140464,21.48099915223973,636.6288425442809
96.62034278623644,393.94349588644144,14.715868208788244,12.543325362215173,459.8236984999514
115.86546442820534,341.99804632557675,20.32739058127307,18.00275607811602,565.4553969092365
87.29573619658434,328.2848659937175,15.954875519285427,12.240982647003946,477.4986121974191
106.91579293513688,585.5664048292754,10.955115462914101,14.322626333704784,375.13653968508333
114.13669480348851,456.6318724973577,14.997204752169239,17.12318768365263,430.7191156389914
125.65569816818308,209.3731821469553,36.009109728290106,22.03816239607483,1045.9165968910672
146.53717368103423,372.07036337772524,23.630558319788012,25.201893426867482,740.2571854824222
122.04557465838491,550.003479897588,13.313978451311991,17.808311127978673,418.7042584361494
132.05157413235918,320.58247456426716,24.7146836666931,22.393875728863293,729.1979641332914
115.43862416466419,237.82253790975528,29.12389006843468,19.366030591650215,860.8108700712843
124.3872821963432,503.3539086359671,14.827016943218203,19.658534252293972,440.59460019824843
84.96525512936414,442.4055327744325,11.523172587357992,10.315676166358095,381.69161056237573
97.80741065892929,428.12500313060156,13.707315846128147,12.3337295787348,409.13632283868657
105.32971652435971,221.43062384296317,28.540690902553397,16.86441183334986,795.093391554937
113.07453485045595,256.19960391820695,26.481196642260755,18.712911387619105,768.5324857658131
83.19541218516686,449.0197584852455,11.116937811265686,9.57116556285153,324.9398880167175
89.80168682873224,283.12953658353433,19.030516119021136,12.063843843721514,561.2016436285509
99.37700154539141,401.6280318993697,14.846125317810122,15.124812472390005,443.9676042152031
148.00728836307354,417.95267441175736,21.247470935036077,24.84284611994979,653.1206748806442
103.19429049721356,313.4028761083758,19.75622402294648,14.858466214273914,601.1402217531371
113.74287406784578,579.3700622165971,11.779297704753311,15.719265845368326,368.16721656852206
93.7268398916875,536.98564273423,10.47255260842149,12.119182032823687,326.0938384645035
122.75460497530378,488.9494030531194,15.063473342083341,18.213973293112183,434.08453181638
99.6478250861182,231.19754656376364,25.86043664402873,15.134220212707708,715.2776149832613
94.48948049068987,242.45200772360778,23.38346826933436,14.43588757259017,691.5053576435823
116.16008399121853,397.1125383459823,17.55070506839771,17.82717646974533,541.10211122877
80.38540594122946,264.2853396763943,18.24968559504462,10.064733436890377,542.6998076488858
80.53648228544577,591.3061854117896,8.172058835747807,8.0,250.75963477655995
95.33481663713005,263.40809361096376,21.715691874965675,14.052938366466485,651.6298768139727
82.57049537505748,394.9871341855896,12.542762266721434,10.10920172021794,382.705924157643
87.5618027891484,345.64842273660213,15.199572229358727,11.911039353148649,492.80403982387253
103.72024545371261,455.7545685816392,13.654750069955675,14.402677211298242,440.29920020138496
136.1809975705869,251.61456355576996,32.473715904064335,24.214584158672256,964.0743461024537
120.04340503585107,372.12657121695634,19.35525398951374,19.122963632065808,591.1127018784437
115.88674081694916,309.8820131228575,22.438231825544015,18.797953729422765,636.8562372638619
100.54421762456852,555.1006098686753,10.867675066869959,12.602158517639165,350.5245189406692
145.22276036029714,216.23428485387802,40.2959485703479,26.61039593685319,1172.3927661114863
107.79105288660341,565.4909976025838,11.436898554734224,14.861774096774015,365.40122334060305
86.09649367570401,533.1976554212001,9.68832020925058,9.97624933959752,313.9502280578051
123.1946561282461,319.0282865763262,23.169354188053592,19.51471069315155,692.2759496850833
87.9686875433621,515.7162618708419,10.234544928745333,9.840880365099176,373.4766648299025
104.16561999611844,212.48542413549902,29.41348671418331,16.20221047586852,857.2986582556291
115.51883571024662,586.7462201173574,11.812824531240226,15.81743647502756,382.5715182855778
141.1955767279623,410.6379770359157,20.630665153838837,24.073115024494637,602.4061897089931
114.5482606238083,321.3124104261781,21.390072136686282,18.456113781680664,648.9953689896141
129.1581136222165,345.0332850378708,22.4601137147751,21.44523890253439,682.0613604907445
149.49717872993494,226.56214138419895,39.59103965470233,26.612424341801752,1152.330848221842
89.20423839285871,595.7398056168156,8.984214674105784,8.937533723694436,317.681650093752
99.23120678636636,215.716778060277,27.600414120399627,15.752144900598672,790.1484100633631
107.62032529183524,461.96284925914364,13.977789616341765,13.78233901933402,414.9849488412902
109.5279724977182,377.09437108258334,17.42714517587933,16.97871045475856,525.9820548890733
108.7714752685882,579.566487275486,11.260638182851219,14.638618864645807,365.931953703781
143.53277017895886,298.3998961227181,28.860486624284306,26.114183805878135,846.8591234623385
129.98228511267996,412.8347295752045,18.891184651024123,20.994946546378078,588.6223318134296
122.55336498634927,392.9424834331012,18.713176124242736,18.415313032249585,544.6672787432203
101.65609025039475,481.14657762004055,12.676730332768425,13.728322045943386,365.3285379905953
137.66532689549064,227.2040927809682,36.354625097762906,25.290645722734943,1060.1882772997362
146.85423580394922,277.5156520093419,31.750476358502265,26.923182024909416,923.0011529181809
137.48387977851587,285.82592803713993,28.860337630528328,23.75013102518895,854.1236173414859
80.1095573634031,495.2603019366759,9.705145805162385,8.130296062291114,304.0231731728169
124.54809591283849,275.65547853069603,27.10951291301165,20.725016566694134,787.2280826929405
83.57947670094705,429.39670555639066,11.678637812460481,9.123041611928974,358.5723305257984
98.03250542336053,286.0975282003815,20.559249016936416,14.85380295687394,610.3945514135918
84.16672902434402,544.6499800335914,9.272016756797056,8.041809721869427,286.29084802752527
122.26568170645714,576.8741817958554,12.716708658290198,17.27416109723258,385.201764079338
128.0612939444825,407.3971899768962,18.860409020260292,20.11865993757843,553.9697914588394
88.01413466461335,340.92355368367134,15.489830558250835,10.673923727550513,484.3852973595308
106.86872181314857,293.62311000699964,21.83793812631457,16.554870463967237,649.6581444923874
111.93655562688794,219.9124006092175,30.54031204701319,18.971748651174387,935.6467572250973
105.83371152326416,307.40003047899813,20.657196037037117,16.01076494811408,615.7861961926874
88.47175003396352,461.69431197812713,11.49744509369068,9.69256932246332,343.95830965493934
109.32634531312328,413.44677252368433,15.865599043735747,16.428443936752167,531.2331152877209
132.58246334658926,577.6165113123709,13.772022864653493,21.094619857116257,427.21518493050837
84.97053651732789,358.5109049966802,14.220577728554401,10.189192131331984,451.35971318780605
85.61260098573324,477.54533693135784,10.756583012938831,9.360412164843071,345.98249947570787
104.83399042851889,395.72909899004856,15.89481148028821,15.320767339093084,491.1013600672902
145.92079981332475,405.0304863696847,21.616269104267577,25.895376664111147,650.2568808414158
126.80008527060399,307.109725841647,24.772921454656586,21.002502296583977,706.2755984762597
127.50689696707954,381.9803107367999,20.028293613531883,20.096682878272826,602.2362712775245
105.33439935865054,388.3139988050829,16.275653159471688,15.568407911925231,462.8541979810255
121.55625538459769,482.65700869957357,15.110886595693405,18.793465645522495,453.10782251418357
80.70918288194204,576.2559996744455,8.403471678650305,8.0,253.45231893999198
124.52672324866796,331.7285109930017,22.52324761762097,20.20281810675502,672.1998602706697
143.93008633033656,216.8801874325194,39.81832219002097,26.784152023343708,1158.116643190821
122.88014278413735,398.51805020025586,18.500563684238127,19.740259664737067,561.5447646511732
141.15890154264414,417.7845328596674,20.272493178687252,23.414346401222495,607.49916538083
130.67811388262658,267.3762204527661,29.32454808314828,22.59809782122104,844.1846731156334
88.43908914825832,504.1858425104267,10.524582210548212,9.379408581075996,322.3958881954494
143.17173151000893,593.9716433765966,14.462481477678915,23.05201705759447,456.7681197997186
84.65106910490424,578.3098868033844,8.782599540825505,8.325860074631338,299.98388908497805
117.37772307834346,278.8424155294609,25.2567866023113,18.981389790637575,718.9892073037765
89.94959866554204,550.1452959603043,9.810091914921946,9.99699270781257,276.9040310727453
80.81946275116329,481.7974545646739,10.064743429272044,8.40274634971566,300.1462763685785
109.54239820893473,381.5386255227646,17.226418120919533,16.796040411012747,536.9936242349834
100.65284953579093,416.2443977298916,14.508714123442406,14.145640966990705,463.95806258321204
114.02003456583222,539.8400699929832,12.672645945008963,15.947943725257348,369.5310062863335
120.40399207141856,392.0539758553493,18.42664523047852,19.307209984376417,555.9892496847414
83.06173506162631,349.2829476420508,14.268386525427909,10.326210715001624,469.59035509401406
88.61023065866219,397.2989972103943,13.38189594449003,10.84534219358696,416.27747658343435
119.10496775152978,431.65192161401967,16.555696169197088,18.18740185059211,525.6570466983294
104.02171472208607,275.63106151133957,22.643684819493377,15.869152273297267,688.4120035478729
131.04214412846136,560.3630921067963,14.031132239896356,20.28073242387506,408.0255305087457
125.66041540143578,469.67477953184556,16.05286307176503,19.3365797072209,479.2863436414399
139.19230540929348,453.3075669349956,18.423558161682354,22.800205432249985,550.4513355611742
128.47449786684578,239.79849047225525,32.14561466517079,23.26397819243191,937.7397701035941
110.09517541731037,441.6695752690367,14.95622722261285,16.41360835563963,470.5722239171094
127.10766356761027,248.38426489539694,30.70427918317764,21.485914905718616,903.2965965639041
99.2766821978793,231.47907007815962,25.732784090853194,15.458791732005507,696.5871703303444
101.44194491447489,410.92435825695736,14.811769058145005,14.151191774441838,421.9262902080564
135.22896119445554,361.114213618598,22.46861897337807,23.045557110847344,619.7665349610713
111.24936614811075,435.5241080624893,15.326274356157839,16.35154971636552,466.1596628015464
135.88662383628468,235.68886722289545,34.593052808329915,24.734366868877707,1009.2953487193079
137.5695661567795,372.39322513890335,22.165209816392196,23.4968172620164,660.6459770663367
140.02936363628987,269.9146860180632,31.127471950952422,24.81958306524013,887.8456461972295
144.16446650888452,594.8400343696467,14.541502741488065,23.466516882348493,454.0653655421042
110.16896543593074,424.4600849740698,15.573049528460745,16.23330526848987,483.9175844652662
102.32067728247972,474.9747443763469,12.92540437073081,13.792839285980147,370.03050415459296
120.75391226158797,330.16731227304314,21.9441309492915,19.725027228185,619.4433860095951
105.98206964063394,237.89556591173766,26.729897861136596,16.717976132657782,783.350056238252
122.07519167601632,590.3483451134147,12.407100928103443,17.557652426477787,416.3930546877122
129.39101038506772,314.50361415327325,24.684805750183028,21.539803892504796,759.8340958039453
128.18835129444957,369.5232740694297,20.814118128380343,20.66695792753409,628.2532604474611
106.21870209140849,459.94556868103,13.856252912188047,14.326685222260378,406.71149771155075
91.6802141189127,209.87891907444452,26.20945863163899,12.803266433121683,786.4534028415915
110.13705369235453,524.1036522069148,12.608618912909924,14.772809970341878,377.17614755200026
89.98159008573361,414.6312760114481,13.02095552723078,11.152911436924294,382.4704983350212
142.30679246286658,311.2868748275289,27.429385040737007,25.09023050511409,760.1447999202629
104.21142225165002,224.6431941169877,27.83385163159131,16.312833275222978,816.4464606731068
90.81218230563266,264.9993661897766,20.561298001127696,11.612190641951996,597.2778494396711
81.78134319340256,558.0135435413747,8.793479384860712,8.721006524952223,280.86133338485115
125.2075670400539,474.40968957435643,15.83537222678453,19.909371163815145,430.98239509040445
124.58316222183203,299.9606886547559,24.919897893398186,21.00434988655499,735.8471929963396
103.84229166069042,226.2403059780118,27.539467261182754,17.297076891695923,757.4975191481319
85.01983221933557,476.24612495465453,10.711247117539992,8.976902343088494,354.6242784860031
108.67402264266624,428.96309038710604,15.200471799743378,16.652301607155646,469.55227898748103
101.78522465443754,361.80780978329403,16.879440725517032,14.135568354953069,500.7582466409923
127.39844478145065,345.44457967602557,22.127736651870062,21.18418780018583,665.182029684511
122.40454746168832,286.72571037164334,25.61428076394657,19.72775765558595,732.4170740861351
105.5215609738278,467.84450261500706,13.532901686438624,14.590818931362,413.6654418851706
95.2524787978493,588.2672111175482,9.715225699922533,11.167887877983581,320.75017330567294
149.16251763089144,270.28609833473035,33.11213974005369,27.016208747138364,900.9525823549752
111.78011348372804,438.84664800620135,15.282802864040354,16.740471899491418,452.4853364006758
128.17919650461658,369.67402229839047,20.804144533773155,21.0884414181792,616.2518065334951
89.83870773048525,378.67548869786594,14.234674872579077,11.267064950295063,428.0277944136768
113.99127897615784,301.65891205112575,22.6728814078939,17.877754231851952,698.4005946692996
81.92757039086258,530.0539502645677,9.273875274390818,8.626589201815735,269.96471800160134
115.3818582537315,394.10224165889645,17.56628296779852,17.34490781145691,513.2241944007037
147.48121849823917,417.36234087930563,21.201896393554346,25.815014041943368,589.5731526024963
106.89446990900602,321.9043651189303,19.92414173125853,16.84500408859571,622.1623944158042
82.72972088024382,272.7233862667799,18.200797961488426,9.898366704367309,538.5658317131472
82.16690536435405,234.3641552811282,21.03570111200458,11.50574851664133,614.448500435566
107.15907319628087,485.64765636996634,13.239113393103304,15.856310691257049,402.9061669264418
91.20174555242359,278.49371267514226,19.648934550736247,12.8904944116768,596.9418174484936
81.63464674297302,476.0301416755191,10.289429966216519,8.934494593142567,327.9501172642908
132.93495297651236,356.15057841878155,22.395294748649842,22.848721516437312,714.4097646123817
112.09661062173234,366.30992039586056,18.36094591715006,16.975993224133376,557.0741403200223
100.24713403808582,387.67099843710866,15.515290198477219,14.098426707395594,458.66307941983115
143.00582281115365,347.0834032510173,24.721289719703904,24.2315595097015,715.6381328169117
88.12972721403679,240.24799088903603,22.009689293445494,12.422221360904704,642.7526466188377
146.91431802687237,323.8527240011383,27.21872761391798,26.307921163240778,767.0631489226079
101.9776702164147,465.4937442775754,13.144452075249168,13.991087616247746,402.09097579060074
142.1882570616077,466.31376058754836,18.295182653300124,24.14799471394204,561.8153461586937
122.2060013535623,314.4897228959977,23.315102362306963,19.678747566966802,675.0522536125999
137.86951518190412,384.0410506230752,21.539809084193802,23.026720262672193,621.2459388340229
148.8809214247325,277.37889120477496,32.20452445636632,27.90826088794227,967.6327058418741
100.1883806473122,284.1488326119343,21.155472586609022,14.84869995681735,598.0553086286312
147.27948397853152,209.21883536264295,42.23696696999079,27.27965446558462,1178.0964978719996
107.26373264316942,558.6986199630978,11.519312431835347,14.161350296735991,332.53238810637885
106.98583333158456,284.28266602996246,22.58016673875753,16.183629452614507,635.8425198283959
103.8270972978154,291.0135507745853,21.40665210017762,16.568820272399783,641.3733314232396
117.89853251433097,311.8405730580527,22.684386067822444,18.766716440251493,662.3680098816557
90.7901530224941,250.96322867817162,21.706005338077855,12.347215758137523,637.673681336229
118.75980397506078,455.7051532725451,15.636400394713164,17.723175982449135,494.4326135331106
117.91933686870027,230.05718127103464,30.75392027770104,18.770350735185588,882.6922441771613
133.3331268823409,253.6809705305401,31.53562364654133,23.02406612481049,934.0043149214538
138.355497335631,457.90269063603716,18.129026122574484,22.264209456275626,571.699674862824
110.83089452186968,335.86424819257707,19.799230513809565,17.384963803679423,579.3305745773156
101.16332745460457,483.1791306804756,12.562214015178995,13.036960556979894,399.66006036927865
98.15344281219662,422.9698978680568,13.923464999319888,13.618791599811635,418.3652561879489
93.62366856934104,302.40846922460526,18.575604474847836,13.844320269131803,572.514156746552
84.03533075393175,460.33118019573124,10.953244234057777,9.757168660455884,308.2412945341046
103.97135851842994,246.50947211715226,25.306457628293842,16.085089978010988,710.4115062083466
98.91733844915483,414.56415323201213,14.316337436989459,13.508921456944323,426.42488175869005
147.6492170106485,374.8592420180139,23.63274538183373,25.018390810972264,678.4739990185919
119.03961783750307,307.1494331269763,23.253753059337434,19.286513162457293,675.2600372809161
104.30939273213554,441.6019990958,14.172407680995155,14.091136417904586,425.81201548619634
120.63273206955873,548.533436936113,13.19511890578973,17.921497137768448,417.1188487942536
89.74376909419868,599.5618799052306,8.980934789421633,10.80475450196525,276.0512605627838
111.08306244415421,443.1051074973698,15.041541236779391,16.42370826479348,438.1676764378661
123.83640249947447,361.88234973166806,20.53204350938329,19.045343844667972,602.0222144921121
114.2228482254716,290.08284008648064,23.625564654169622,18.141608959435324,680.6676483746509
108.1245160458027,302.8384357580447,21.422217911372986,16.768888780341747,615.406452259602
149.5693872229789,391.78199125990625,22.906012613084396,26.14462610885869,643.5544936464368
141.62203335042489,346.91108051228366,24.494236357274886,24.184464393219123,721.8694832802648
123.6384170711608,565.5258090499776,13.117535761509453,18.283396288099972,389.16261892035095
119.8564152827598,347.3181870622838,20.705466010266754,18.571782732079384,633.2551604431992
123.44623358772088,349.3778364581742,21.19989662295008,19.58495837672727,598.8863724002258
94.09184754757032,353.4138049735908,15.974222776261064,13.124407003348269,470.0327259909862
107.6596420285023,534.6480841470632,12.08192587469056,14.000694968015031,407.67076315620926
82.76216730236295,460.31532833876076,10.787670391213515,9.322699328166301,316.2225095264761
113.28822262407786,445.66754012755706,15.251937252372429,16.008371610629965,455.8311351644592
118.01172087703642,333.6572089535449,21.221490387783085,19.744610209391265,604.1246888909542
95.94248152722467,527.1616707329758,10.919892722150044,11.306926738251724,311.7645944919568
147.48201930158598,215.34554454228046,41.091730859366734,27.062516503328816,1218.1919887218776
143.66182276560693,548.3188689352453,15.720249391881454,23.405493392851053,477.15277745987424
130.55002648191342,405.0999599175718,19.33597226350907,21.020752873564476,578.0893427561817
117.33706401357537,359.3000939453651,19.594272196001857,18.537351219768738,548.7535248554574
140.89784117533793,398.8669122870743,21.19471485375006,24.19217147995268,634.8633968222775
89.1456640676424,466.9662122135324,11.454233099016367,11.0440837102528,376.9086613479388
135.33568559924194,205.10617060715896,39.58994072151574,24.67483877882496,1168.0009629611818
88.73745697767939,548.620742583299,9.704786941868797,9.64311386142998,317.92779138856207
135.59474637845838,378.69581012455717,21.483429616059357,22.708308922158903,613.2182872734936
99.30372977759498,337.18660788003126,17.670404599151798,15.403845867424144,534.8380258128036
141.3963406712732,255.29822625362283,33.230863233057825,25.793228388493358,979.5288880711739
146.08294656777787,375.7861497433769,23.324374248631155,24.926416643449446,651.6914041156178
90.4157178583581,398.52910851375157,13.612413637068856,11.541626240748307,392.0284280314825
112.38729235457754,361.45867779739115,18.655624986971393,17.06128465612507,574.0457309995157
148.66911647138795,471.46403753075884,18.92010053407587,25.095240525435358,581.2412584315198
113.83852051812026,368.35861150369044,18.542558848305315,16.908978431510484,522.131202272206
140.44832657601816,584.5670311386293,14.415625831903375,21.917878921207095,452.9429199318142
121.21120654919238,439.7110071294367,16.53966417722789,19.6010812965716,498.682186569323
106.27309355437214,522.9911742607635,12.192147644317725,14.561884606566581,390.1325282055109
100.00484888681092,243.74236124379155,24.61734965801514,13.996540498999662,711.2517691229957
94.22561637602611,358.91651717836226,15.751676816121732,13.39328119454628,487.5194805937413
133.3258733964388,334.7390805788611,23.897874099291837,23.163743646196316,720.5851979167471
107.05783547761195,427.7929552546367,15.015371454242981,15.141874522641299,446.8822398028448
115.78928235405257,544.4454080245703,12.760428940801402,16.77850219042077,390.84898697343857
114.46278360008273,231.33528710480266,29.687502939807167,18.479882467324625,853.5580067443398
120.40953204631919,229.0299192178843,31.544227703744504,20.15776923335791,951.7772747151101
140.59040019371866,540.1270832630396,15.617480169042187,23.30772738016095,468.43640395859825
148.65175405084005,285.14003441534294,31.279736853992887,26.698479366276214,892.8658205531306
108.53089460016719,467.5013017799255,13.929059985966548,14.391827554314668,409.04244211990283
137.9263245474412,417.1512529443221,19.83831863007979,22.977567122959947,592.078498725535
133.51694562583023,533.1574379548917,15.02561188732322,20.842150547279537,469.26355025991893
120.14702660189013,250.03556393456142,28.831184982949384,20.73860459751847,815.729955765962
146.92330005283532,251.91318628904452,34.99379342951645,26.71523149684928,1052.7086917296856
94.03321608698819,422.727344111323,13.34664777146165,11.952924751346716,413.1534802083289
87.6484947216735,578.5514613433484,9.08978722668794,9.714538517203025,296.59481268275954
139.77733768687955,365.9991033483017,22.914373790778548,23.984901380002945,674.1061776762616
110.74048716436238,330.77684010187795,20.087347190980132,16.724756439399915,596.9316138993673
139.28781979449423,442.6757292791543,18.878986659780264,23.69201777845205,559.5984482515199
142.51631436367904,572.1794402180124,14.944575531344922,22.840693610030147,472.2738875694362
84.372031553335,534.7711331378495,9.466333501391839,8.781377807065954,297.69660781156523
141.84253340902424,598.1934442932879,14.227090058795127,22.433145658321152,447.0813659291491
111.38233387585956,209.02743328095085,31.971593047162987,17.817248142519055,922.0861994721758
115.73027423029626,245.1432578851049,28.325545290224714,18.83330786816759,832.1393654018264
123.86147577652471,443.7871053466488,16.746066879943434,19.312260583870852,486.5023066402883
144.84678247110605,528.2305757335398,16.452676818636768,23.614955833000128,518.6603665234735
81.33812661008348,314.09773692270664,15.537480926855428,10.654579479564097,451.9171057032179
113.3790427822472,295.6844352136875,23.00676585163698,18.173018021965156,672.1486910354788
128.14054297013925,514.7903197524804,14.935076055635777,20.151774439367717,445.35160932629515
130.589487038876,222.55274154129262,35.20679713073217,22.959571125440583,1014.6666965536652
128.47727020759754,347.75305903303405,22.166983185972743,21.837535028305027,669.481265169136
89.41045905856853,402.3236890369319,13.334108057011921,11.40902960272776,400.294168790643
100.95769118601768,424.13946974012936,14.281767916747935,13.860776248720223,461.1565394841053
105.11008677919094,491.44606271711075,12.83275151678589,14.263368831683081,376.1583382104062
136.31060453756535,341.9382893722633,23.918457003655295,22.811047435531666,707.6750180373123
99.51319106901872,445.0737378698429,13.415285954003464,13.563981620326237,393.39454344586096
94.74934747070422,434.15016911638253,13.094457292997824,12.217012208902252,408.30716056639017
147.02136133266674,419.04644026149884,21.050845043463994,24.978070373090027,623.3235714321994
80.62042995794282,456.1933172568849,10.603456066746153,9.117143066837068,326.73286045809533
149.84745989773847,303.7796684272305,29.596607437268432,26.335680227824025,887.7417145111524
127.37749092001769,233.8595014338516,32.68051718378791,21.851958989360817,937.613151529075
137.9928509614382,247.70866881589737,33.42463183571445,25.063323786409498,983.3567823357188
100.62335774423352,289.83295306156043,20.83062467838731,15.137486487101992,602.0701832311529
81.0020694366942,400.07917420911406,12.147905913396416,9.13850875458123,375.52185755124566
131.6508662993071,536.177100218408,14.732169603552263,20.520833564432326,422.03303997220166
138.39012179004732,480.51733683535366,17.28014094577393,22.64311153325855,504.349958902252
131.83332923674635,515.6162416808188,15.34086616127445,19.86679093856883,461.41985758589954
89.9995201110587,340.3902495704366,15.864059600644088,11.737511324675529,514.0692978880398
132.73995455798783,361.86149665942,22.00951841244185,23.03915930683186,652.6190974464245
133.82459474753486,357.47275439624514,22.461783691497,22.20747001772795,696.4152932064189
126.09783609690385,276.7492737618006,27.338355989061096,21.203600230757463,804.870622474958
133.62811529569103,224.4866632574288,35.715649212297414,23.414010151872464,1028.3143181998696
139.21450077744126,436.36643713089074,19.14187099623563,23.109721522853203,600.7442507047394
122.95228799662209,595.6866733682344,12.384257714016401,17.429185926553107,388.6553495027523
86.20232997787754,266.73188198010513,19.39078208527929,11.884054924858354,564.1027326025527
114.13394667670477,218.6739279597095,31.316201544904942,19.041232577663802,921.743220686159
85.43545342701235,511.8126727295732,10.01563165343746,9.63471063156336,307.45101480690823
108.52801217227017,301.03440267388964,21.631018489904324,16.297635765680198,600.1779079847039
108.49745423879394,531.8575221411713,12.2398330066294,14.569510230676018,394.5728519705875
84.6206890898169,481.5746668138062,10.542999238271923,9.206632950650796,350.0325750743897
104.41743737786355,578.2694148203218,10.83413039338847,13.546632398866738,373.0801197423603
87.76986691539204,363.57089430266876,14.484635864551567,10.758680998185502,447.42611091278104
136.57646470064554,464.78793578025363,17.63081020655631,22.706631369073374,522.4875889805494
146.33816181751297,385.9419123253083,22.750288135717998,25.951969589057338,688.1352304959142
85.06215326805571,452.2354789234174,11.285556825911087,9.197496948622238,366.0130026971708
146.8580645104191,379.83956240309493,23.197909703977036,25.296075118920477,716.7893789201589
116.58036195357215,275.45289856962995,25.393894032471593,18.767654972979916,744.8881437237992
100.96959745677117,403.15896640135236,15.026766988422233,15.361875800714097,450.91783189914975
85.38034526933144,411.43368057497696,12.451145732650678,9.922192684669554,367.48517829032136
115.04369876492925,524.2415393040644,13.166873298630723,17.25701321829772,412.67347802440116
135.6160881143524,494.20828231743246,16.464647756823165,21.114695047783947,463.70122324298126
129.49605340866887,465.5166495765776,16.69062365779466,20.006023268979796,516.5432495842073
83.51582080247816,245.354838221029,20.42327465185159,10.82889919216097,617.7503138605686
85.10312847575325,488.246516265486,10.458216369061986,8.95530051351795,337.4509774226621
108.2011297842846,400.1220625418059,16.225218239193612,15.71761546103448,490.69756420691294
100.67033458335604,557.6398144424637,10.83175899310644,12.228365751360247,366.914153987368
96.26690261392335,567.9483736522171,10.169963371305188,10.997365456649472,335.0829989685187
99.67031492360995,222.0626362407142,26.930324689715405,15.934056605824763,776.8476835423324
136.24379203078192,528.2566241417915,15.474727903559106,22.208075269923636,455.0436870056399
145.04596375422977,215.07895616906825,40.46308379148336,27.052256390851536,1151.9730592327019
108.35718861692965,346.8678502780091,18.743251390421406,16.630888764929075,569.7725395811228
143.4277701492748,416.91999024843165,20.641049626400978,24.410731144569286,592.1152465765767
102.50469908735174,259.24031945085096,23.724249215049777,15.469054081790752,720.4936701072323
113.35058904406542,498.52552502763075,13.642301148505842,15.756484677106613,441.75400262659485
95.82202984711998,203.34188166885542,28.274164395655763,14.75821171944931,809.2012615533246
124.83332295230908,267.43961937361473,28.006319313052007,20.548659502125695,815.5380975747015
148.52867806223662,432.3187319413903,20.613774109936937,24.983460585663416,611.6833843007406
122.2445167230365,485.75502481491696,15.099526775202905,19.111801627699467,473.95527397754125
105.04698588794842,566.6572410775665,11.122807045210154,14.528402897783346,376.6265046513648
125.34722121933699,482.19866077384955,15.596960101652956,19.527075922952633,436.55491581976077
88.60444749257712,468.7117081019464,11.342295824192046,10.968197238564077,344.2486331219549
142.2061356185779,357.73645854026574,23.85098843973236,24.47324652013509,697.0697386199113
115.21587655458855,200.51377021072057,34.47619874690137,18.703159168989053,973.185950513251
111.45448194277495,248.06370349424878,26.957869379393255,18.325339573316768,780.061657180909
121.01053519174634,413.82181790241566,17.54531007646612,19.163428371504367,533.6129444706614
123.73487039525817,470.0519543377679,15.794194993136266,19.07895220784291,470.23795723622334
85.02430643585592,366.979313558585,13.901215130309934,10.32818935945327,391.68346535956755
127.78320548563818,492.2716046113561,15.57471984432519,20.32006419377548,527.120962236677
96.93521762208707,408.7449181328715,14.22919967762038,12.510337466487316,437.1232469758247
129.97668427546128,229.6704782377249,33.9556094295044,22.353253051512592,988.7928690297935
137.57743560689377,276.80650038717954,29.820998151660262,23.681549559069747,848.3241537612345
136.27709552867643,535.9992892975772,15.254918980276985,21.5772220728916,465.8597775934324
118.67506771855224,489.9650986497758,14.532676067612785,17.075641838373116,437.04998012898574
116.41189246175259,557.904794804998,12.519543858995675,16.10983093086568,345.9491363150579
90.00131729375882,247.02289964837462,21.86064144381871,12.399406784464393,625.0110934908154
134.2742305282195,596.0890138460295,13.51552141468281,20.37141629136578,427.62767229245196
98.99865663127001,283.76268557997344,20.9327008085499,13.891041340259552,659.200387730576
114.76867959725627,204.7119505146568,33.63809859914529,19.267855873403235,984.9730424660372
99.89918650492618,598.9691756214216,10.007111274260375,12.645049482081323,335.1249595655265
89.36798540997852,312.42955417804524,17.16252208823691,12.076029057211718,511.17743942975693
124.06903878242156,467.20778100502395,15.933258455011146,19.921545135834904,477.9914478211563
83.80324243760327,270.6729256705221,18.57664387304399,11.6821923840424,575.8810053738051
132.405166388834,432.0914128796567,18.38571595391237,21.90581251833676,581.947567886479
102.23107566827817,561.6139945818237,10.921851305831417,12.968214669949168,364.81015921794005
80.00942851031397,328.07246697137543,14.632638194041718,9.577145013720102,421.81819612026277
115.77903974660609,468.1015904177437,14.840245209585694,17.485850134352006,447.6447432518165
83.27963359693221,275.1614355193666,18.159441588842295,10.650210788332608,547.8790766659329
99.33186904746296,449.91815948749013,13.2466583470132,12.2810995180258,398.9744455457488
129.48835412190013,334.58014072700405,23.221047221847098,21.922536098048315,692.4315948878495
84.3882735135306,284.4833034351807,17.798219964657804,10.469341508011016,548.5816029503089
138.75369446492016,325.2728202814541,25.5945813753867,23.55794650780133,771.4807549897985
80.26739458610082,271.5364274031198,17.736271045564752,10.137910127189313,564.1453007998966
97.27767084413316,560.7664431351532,10.408362201589988,11.672659442908921,317.75871901691966
131.863283930645,358.8747545268516,22.046123155889827,21.336107946296934,624.3517798330655
102.13891048105148,298.1117219897469,20.55717429680227,15.360760414261446,616.9239187299178
87.13246716462095,379.36313640637314,13.780854089831985,11.339567518609188,456.86723562460134
105.21637431602996,328.2144667225982,19.234321149827416,15.200005785662078,563.0175481443447
98.92753004691679,497.7677015253304,11.92454187892493,13.328820435414361,380.72350022763476
138.98983315123883,588.4879647541977,14.170876022175856,20.949780886609673,444.0743886502275
101.93435423096003,375.2134626790587,16.300218041720466,15.592951468767048,493.87109506333803
135.2252730243205,544.4133599888962,14.9032279105434,20.994741328496747,450.89365714590616
142.43105013675142,426.3452294238478,20.044467296499953,24.107262369617715,576.871953348381
110.36721937035706,262.8942660376934,25.18896004096174,16.672449781032157,694.3841638773379
143.69602006980745,476.2490968325366,18.10346993103089,23.865689721996766,518.5174964236506
106.4122637774235,405.37379885032806,15.750242972666271,15.478609125478503,466.76940417664866
147.48548915430757,460.24260930084137,19.22709712319171,24.929637692094886,594.3023601802191
86.25026671679011,555.874965028666,9.309676327554229,8.770522011249003,291.38700042960966
128.091348655227,376.1738282624184,20.43066354406835,20.485589991141726,595.8208924167559
114.566982831985,560.4710492869423,12.264717292114465,16.54038671963576,358.73349247619063
107.1354163818953,500.267605712662,12.849372834678068,14.704199924955446,406.131392328623
124.28983151240206,395.4419703511939,18.85836721914262,20.620990546479668,589.1513806297025
129.26999641440318,441.2888542631855,17.576242204926345,20.399902602892197,547.1961740385916
80.30542887552164,330.2324530076046,14.590709328075464,9.401871853677605,454.08929999392797
91.6867162123039,593.4389198955097,9.270040754500672,10.459103283335036,262.82264863783325
129.9132235444023,466.9404652201584,16.693334575295292,19.77915768320861,494.0642555062893
126.64697895047445,217.53874099865197,34.930875770194675,21.42358936998251,1052.9321637261337
147.62332535900742,330.6487622992035,26.78794095568215,26.720865242097602,807.4240265506983
133.2726453175548,449.325773503623,17.796349977214945,20.989333981111752,501.3674133138959
146.55408954119366,222.53331111969592,39.514288122652886,25.971959993783788,1141.7720582656175
129.1778351074365,209.5536765276571,36.98656227309497,23.658853495550268,1079.059439384902
100.86365460476102,380.009695811121,15.925433858649864,13.530910825557344,464.2591532388348
87.37554455755995,333.076071877068,15.739745710068645,11.424624632613074,428.09619568674134
134.7276704341455,375.31944321326637,21.5380800867686,22.633278548378335,639.321396837327
125.09044550331411,305.0773239520021,24.60171943615081,19.454903808914683,707.7474668796186
83.37302086753074,265.88709877719236,18.813929953945344,10.818764698552298,545.0577080082988
105.20353261306849,475.65734279213507,13.270502500247497,14.659195698124396,397.7449588520134
146.97598708390004,405.8284465071202,21.729771042255614,25.513937580630778,640.0622589814697
115.02808019971408,280.0616844997467,24.643445333519324,19.06215371589685,724.4944197605739
110.29103952137933,327.83577050399936,20.185296928121613,16.821932612380802,581.6212446337342
112.03897236115057,436.72316306533037,15.392676437140167,16.82254840550614,460.1155711561088
94.62179068036146,228.89173930899113,24.803461487780638,13.707071846443608,694.0276896138693
105.80950196053567,258.98120370647183,24.513632753161428,15.827470612675606,727.2461806891808
105.88692791910236,229.29824164295604,27.707214977421568,16.169836818161755,753.7119477003844
83.66485141312307,524.9269330856475,9.563028239528977,8.0,294.78469208989316
133.72973399625428,500.9636932848037,16.016697711491922,21.728107068378346,500.45262871999427
109.15531023327154,501.32517275170284,13.064013079670445,14.41878408356278,377.8447186285695
137.55259207714963,486.5301373904112,16.963297626116667,22.43036022082671,523.0184260217337
139.52436007839268,467.7541694679477,17.897139461580373,22.81418991674868,558.0666012527433
94.83958382890606,390.79676615127,14.560957312353315,12.597882907345364,374.971600851417
126.01474375190901,456.91126540284597,16.54781835691514,20.40382926656751,493.97817781300836
113.05972629140872,215.34462191518986,31.501058708381084,18.489103648498837,860.0149998107745
141.61097165450394,448.58576906271384,18.940989405489532,23.938538723193094,561.9436248082372
95.10184754235179,511.1510822147509,11.163256913821398,11.650083834883498,345.43377119531874
127.4469240217031,400.14334415375606,19.11019026812521,20.508798742338712,519.4152938965593
122.54264855769058,343.00533137089474,21.435698634990157,21.042474964696115,672.9624434738627
100.6711034300283,310.9706939203917,19.42390818135423,14.080694520998275,583.6090748760458
89.56206325558207,457.12082006483297,11.75558749341755,11.399299556110968,345.25464374435415
125.61478323340936,477.1204794519635,15.79661179637831,19.770108243559346,505.1870908011803
131.70182206926313,548.387039945017,14.409730260853864,20.05829145914693,400.96442713897477
102.0939140634345,336.9336329843963,18.180538373531125,15.732461898617068,518.3384602038838
125.13828228156197,507.90892295423424,14.782762415792925,18.12375998228947,401.3782409878663
107.65916353280522,424.5423296757352,15.215325682369786,15.237762883261214,495.5530890636066
129.92448182978325,553.1345962712317,14.093258607104838,19.21398513261214,434.6235913388655
93.94506924258371,411.1248433182483,13.710444032183425,12.45242545445384,430.39893203541624
142.3150501845322,407.0519313591869,20.977429053240666,23.62290653235812,627.5979370400858
100.11867175259059,431.15083257636365,13.932758216560972,13.80118735984058,434.9383197360718
105.7450191429307,499.72614205697374,12.696356293188446,14.258484544352008,390.25359645170676
84.06643664562449,585.8761915313844,8.609303930841286,8.00546396556649,279.17164727281227
87.80585486248935,229.42534168630627,22.96324919046122,12.56490582918539,679.5765439764651
116.11033318986297,221.37384095640687,31.469933219271606,19.27006860839895,904.4833004167781
98.731487370958,575.0201349629353,10.302055323052858,11.405274739291233,320.4254126240273
138.4836158019536,411.95025020728247,20.16995242492592,24.593744309906906,604.3414056893746
81.02853720584677,445.9612058267744,10.901648324628603,8.512723725202097,340.4310459816303
106.53658340703554,392.9694406378916,16.26639209920735,14.397698199961894,459.5355361683332
103.61418827383649,237.46298104298978,26.18029668929619,15.765249740886777,740.9967046207328
81.35293416423207,507.2357513674666,9.623091504679369,8.0,323.9204617162257
88.70578793003571,498.88985803543477,10.66838138734845,10.581558268186233,325.52009375103233
108.95498724430448,324.6813285971248,20.134509313807705,16.876276793484625,609.567266274026
114.50052091132127,322.49569809136017,21.302706657293324,18.298367673391155,608.8831886374019
108.30028230784083,535.1365523622073,12.14272676719019,14.476685508483971,343.6595845994014
117.16563748884657,228.94290309653064,30.70607629347094,19.456180198945972,878.301508606129
121.6592172433977,552.4420593426264,13.213246368840746,17.60617654095323,398.77706938965446
80.69466747894849,302.66467595836576,15.996845464063753,9.922335566707387,468.20780147266294
112.48666116174527,437.1938991021976,15.43754312117479,16.989836803477903,491.6602031259309
147.4449468621312,574.3976716007111,15.4016933722489,24.1041304103488,468.36380806316606
116.33225960906842,471.2490006146586,14.811565790993825,17.461762855838767,485.15615162628796
127.42795872212673,365.7719249868146,20.902855033510885,21.139042937162557,627.5688549523453
101.83047005418183,475.8136835621661,12.840799696027757,14.046211478825562,344.5031598574211
134.17939647069338,337.5918545265481,23.84762452142782,22.94726842147477,723.4163022984584
134.10450373132807,310.90336653967444,25.88029301012055,23.204221043678167,729.2685013030953
116.49072333578972,598.6733111738719,11.67488723765314,16.699091215349743,364.57627912973084
148.32096762954495,500.3160924719151,17.787271270456387,24.485277438628906,516.3684790580106
88.78851503338574,457.8879909527271,11.6345285468584,10.12971134972103,401.68483236258544
81.18633654227067,342.1158572877275,14.238393482122234,9.13609098690139,460.8502025434118
133.9110748229967,219.66433166201926,36.577010152663874,23.889240398668814,1045.4433590779938
136.50088761554179,212.42275041406225,38.55544305385442,23.572999498372617,1113.3714326444228
88.41450603844034,421.67250217951954,12.580546122611445,11.022377899529847,390.32711244494186
98.59079830710243,504.8130884156204,11.718095338993798,12.49180148242823,378.44901435925203
81.22866543566403,414.951676177542,11.74527109044515,9.651732539885653,362.52802584395005
100.53160275463952,536.3140287756459,11.246948320648293,12.404469284502174,327.4329231797975
134.119931174307,213.37061323728867,37.71464002640871,23.804094078055805,1077.9217877855297
116.25723693988053,346.70083057037607,20.119462087579,18.87448188447934,597.3599552395536
104.36669152178017,294.8281564696712,21.23949614002005,16.547028075743665,653.637077937343
106.02175064344311,378.90918726284883,16.788468721381932,15.16625631002569,512.329923697763
80.09475380008277,228.95055727764898,20.990056915114202,10.56922487204172,606.4647430121008
100.98603692956651,581.652656628429,10.417148699872097,12.591650452687686,337.56209645058266
125.25211191465513,289.30216042774435,25.97673900453389,21.228680056438165,754.4321557753942
148.193611067145,568.9231101934339,15.62885476915422,24.03817170581952,488.96988696554473
139.29425788887295,370.35726201467276,22.56646846309514,24.407191053738057,716.8061504618346
81.65164752518704,594.2096533020872,8.244731172384027,8.0,256.32393389958173
142.89924232723877,421.62335338408434,20.33557788205282,23.98150520486113,619.5594473672642
134.82388893090382,572.333145670323,14.134133934143888,21.074521018069504,414.2183205710895
134.62632864996863,202.13959547768914,39.960403106128055,24.35991856962858,1153.1845375093053
112.05970313025,499.29552247236006,13.466137558217746,16.58502915690054,410.931591815225
107.8603705068152,561.2202612410061,11.531341039075189,14.918030569948884,352.05503032126956
101.20410101832348,255.88822679158164,23.730072060115496,15.285068219133361,748.2498549568879
84.5986401268056,238.4503406928606,21.287109059518798,12.15054832267684,624.155079255122
95.97647544455894,369.82904287438225,15.570947273141888,12.760374228394346,481.27024428060156
97.26225444846173,573.4715624531741,10.176154580261704,12.067610335098447,279.2155055951961
113.88539487971411,416.9546240761755,16.388171034012732,18.003467059303787,501.15565829479067
132.32110846176857,410.98258548869285,19.317768655004347,22.293585770515758,597.7449237775112
113.16668798785626,256.45044731972877,26.476854886534724,18.41782368087718,765.6844992328349
84.04911146130124,200.3158044372875,25.174981583926197,11.542532061631182,689.4198509812373
147.04528606917427,524.0560362981845,16.835446122273815,23.526249953163113,504.32126101755904
145.99070233658784,235.0298251944953,37.26949178874013,26.785804700985178,1080.0978809262715
134.9632680203886,453.5399274941296,17.854648709684177,21.395594942980903,548.2384946638524
149.39295310949544,565.8465818060765,15.841002622936527,24.095534912765675,517.3459514920903
118.1137632960184,283.4607652633724,25.001081864633043,18.743363605718553,727.1326965033325
147.39378451772444,466.1091344947643,18.973297059817234,24.667207489234013,548.0906087230468
85.29235284317255,231.47943068300378,22.10797372142537,11.719937129113834,630.0334900993204
105.59765237829599,441.5020575350452,14.35068995617271,14.975904654250611,439.1778929320433
95.7766887604736,265.57268838128107,21.638525258960573,13.70563562672859,649.7567874677341
93.7083158893989,494.3814242060712,11.372795736395487,11.974027953447528,340.5568785280003
89.85620642248733,320.4925179175633,16.82214742603134,11.951742613737004,520.2939564728636
123.56895490961976,385.3564035218585,19.239688835627806,19.37016075660446,582.015700532161
134.69252990231135,439.7722168110487,18.37667657302457,22.123582668980763,549.3024443769405
120.48088795942525,268.5093642664958,26.922164511144835,21.037164418874763,770.7114469520798
90.28738967117468,496.65512744704836,10.907454853263442,10.745153150536021,328.7460723651267
136.77866389534296,321.05613625472586,25.56163520017374,23.409760345796236,701.9029196087894
124.51682950146099,464.9487439651014,16.06845887220727,18.51760309735313,488.2403089327209
107.17159942888969,263.31322027974943,24.420710661248613,16.719041158163808,718.9390079007634
127.18912068752441,475.2470636825401,16.05764206541026,19.96342031606333,486.98994999075865
98.1933485469983,251.2752291241847,23.446803464690756,14.535051750264943,701.1096924773118
104.16345459459474,370.14259850799345,16.88486356573929,14.295441270463503,514.2004765400435
144.2240090192393,298.8824294955507,28.95265725643192,25.19648113979983,843.6549536250996
100.33531539699942,499.35009977127305,12.05590812253262,13.751856493147079,371.6542909679688
112.89917877105556,304.81400180274983,22.223226906245824,18.581187890155693,628.5267449884522
142.30987961772104,552.6869225581585,15.449239756825905,22.42507742209026,454.4360603656717
129.54049451872692,556.7280845626451,13.960908182366058,20.027846236043008,425.26403776431874
84.35422583152919,278.57652608911434,18.16827002958856,10.49033819105679,527.8597907771768
90.31121309952792,445.53837800308975,12.162078630034642,11.7453093437266,390.8697440877461
80.54891135403417,235.08705668798572,20.558063677901504,10.657461942792917,596.6115970010106
124.16452531604143,356.6148398406517,20.890525818531152,20.643808718327218,623.4600696610125
111.33713977872928,485.3286918005089,13.764338477374874,14.999001922172454,421.0578650307755
89.39923956315928,463.76929873996653,11.565997120471538,10.993713114259894,371.8288769086486
147.05538847397395,449.88026776264314,19.61260348740973,24.956293809474847,601.2111978833638
117.07618067619339,313.01634546497746,22.441546399555556,19.243702844589293,676.6334524408497
96.93253058790225,351.2099797737608,16.559756755831945,13.97741811610768,455.22105150085963
115.04224998082952,241.17845788011448,28.62003123960971,18.99646745197585,860.3912487463879
127.57342329145754,487.6091281734404,15.69783040395588,19.52888093215741,503.64767030888436
85.3367452581495,401.55551871650937,12.750926028497043,10.605106917631984,380.58420310398594
99.22926705335243,483.5062529382618,12.313710499130549,12.86497316033404,382.66395932466367
136.48758436187956,299.57740991874914,27.336023313419556,23.276374866226277,782.5819219730115
112.17654092818628,329.7752914540265,20.40963234696884,17.001891427948095,566.6423832607135
118.26039994226065,333.68613490404584,21.264365684765547,18.184516646680528,614.8730310322422
110.29712015466285,210.29696389888647,31.46896220747014,17.81911474903929,905.8250482951701
83.07299598501035,336.41914913224946,14.815981111530652,10.795648408575397,441.20453522706276
91.60248458741091,521.3218294072134,10.5427180778028,10.768090437589198,308.94770517855466
111.18791471193236,558.9193982998954,11.936023160062845,14.893124539844635,352.64094162191503
94.64298257855495,407.287326254371,13.942439621032413,12.854973750139896,423.51510501634635
83.49853200617751,382.20067808768806,13.10806654095268,9.520986464535039,384.8658936324051
139.05547648362767,212.3298474797481,39.29418632400912,25.176668342138946,1147.564505298093
148.68347704148812,551.681735034153,16.170570921542318,24.35518564326815,500.0294440656339
135.52000117977175,205.20408537034908,39.624942437726055,24.71310653878104,1193.6035183557353
139.7649445193267,577.9000320840847,14.510981494355498,21.22711069159995,462.2377451442551
96.93839912219318,395.68649947523625,14.699273174710878,12.696328620643861,449.88147231573714
147.243888285924,336.77379742989064,26.233137389480625,25.204593155127082,756.9771735932736
93.78479931173999,569.687373937064,9.877501619556782,10.651133679095848,315.2932715835273
146.60008672532825,209.75639724403868,41.93438349957014,27.61342141272756,1217.4753297435732
149.6373505776166,432.56995794763486,20.755581541665602,25.498112110562477,605.072706391737
129.8205964022234,419.573009799735,18.564673137224098,20.738521609189636,569.3994037124444
148.68006122542755,287.72816048455286,31.004277295981186,27.25389230714868,875.5976887239237
119.86778456969725,371.55497254008424,19.356670225711856,19.512130368995056,571.1098512256615
98.16792482232633,460.9056023775081,12.779353210194374,12.792990721987488,402.14330620507866
110.58971199659346,490.852478752771,13.518079274359067,15.965400574744834,406.04940282877027
121.54926547651502,200.28674348263192,36.41257430112102,20.393235278589515,1051.5203087792147
85.11570934189105,574.7413720364061,8.885635885961541,9.292334119709178,278.76869536926097
123.56402852320723,265.81014895712497,27.891492256709437,21.912304047061934,799.3078001274148
148.6824485733606,293.4321736889437,30.4020748721931,27.027926044964946,910.1021280689918
93.30753548486094,305.3893782775393,18.332176975728856,11.998351813855566,526.8256096895009
135.48165814018682,215.1280546208141,37.786329183049844,23.94574443382606,1100.6522375580819
143.55291556457337,249.22084943612998,34.56041078971515,26.20975540881364,1011.840573002753
146.05911149741547,594.5399691776648,14.740046328535636,23.20335994315799,427.19362304389745
147.2094923083813,326.0866949509144,27.086568312247262,26.747470266824077,794.8453001748709
116.50217471050303,246.12043613561974,28.401259937547042,19.572271307733203,812.1632093639971
148.41155355940526,242.7965044698493,36.67554124392309,26.802847179626347,1090.871578702542
133.01171449941072,487.78398706798873,16.361141574030942,21.181383976478564,468.97992772505546
91.31700053658733,541.8274656130563,10.112112028126786,9.977627474133575,302.938253586014
113.38300745275791,302.780919803388,22.46832611375584,17.9101754408919,639.0214170991906
130.2831822760403,208.363804934094,37.51606925701396,22.72985061630198,1059.5346459636485
97.31382210733584,289.2360073781423,20.187076219754903,14.758506014425679,631.1753868599055
124.84306284842211,222.60627631870292,33.64947248918149,22.599085383114886,988.8050919908941
126.66203353326335,241.3579746520166,31.487345810524285,21.10421096502148,919.9506935865945
91.38898206659961,372.6032479390569,14.716293951610517,11.002559404326298,432.36654156119624
119.55597187169295,291.96734834465303,24.569042918572464,19.49435232558891,740.7359173571738
134.01388376850252,406.37835141016933,19.78656834993237,21.384646174206477,571.6032819036518
114.92269651751593,301.39750130287615,22.877966012471237,18.415696530467457,690.8988705322124
80.84721817432752,576.2149204411791,8.418444088094091,8.0,250.93550665766674
80.63269283555046,562.3775871705059,8.60269271126948,8.359029742963251,260.6771412398554
104.99205407790086,426.7224420041864,14.762577789644936,14.923770525814886,461.9653536187185
144.83358479022473,341.76959679495445,25.42653053082156,25.289403008407444,763.9750685165094
96.00737457225262,352.4587528138942,16.343593195930065,12.292022067288713,503.2115379094758
124.40545822101811,364.74091325779875,20.464738728077105,20.16825520562221,586.1662096091723
95.54531094853245,491.0317288539776,11.674843640535366,11.956957665307694,351.0298424037245
102.5168992761684,380.65559820753515,16.15900038127521,14.94809878364193,489.20881138478904
139.36294627210387,542.691978602359,15.407960880241921,21.8792548005078,447.96398184846527
131.02030095889629,577.6379143721458,13.609248738595008,19.649841898292447,441.78426967074415
86.67794941192474,334.37846135157355,15.553265433706772,10.410279702381768,420.9970141038949
110.00914146905035,424.277792550272,15.557138752108814,14.933347656196759,453.57009072780676
82.04188345516852,238.02261473302576,20.68086266858033,10.321385687616445,603.0463439606494
113.66231026221064,280.1876191065436,24.33989994803938,17.488191605426216,659.2606958717026
126.37038081907477,365.38630668406404,20.751250691232258,20.800980162704068,587.2925904928592
88.29518365187062,282.4810863607115,18.75421497192692,11.754706433545843,571.560988352824
100.2219457236416,550.6241963154871,10.920909004102482,12.266451678291265,339.36739803983926
107.84856378515099,263.3145024236392,24.574847824743774,16.503026244551414,754.2096510333247
144.36717172592347,382.2643286212368,22.65979233479068,23.290795451668902,699.7949873889006
149.5278510796075,442.27969618395025,20.285062014343538,26.390735439461675,610.7676307058279
83.14379092969311,476.74556326433776,10.463920044947702,8.499551741924883,332.1747409438982
133.27055464467745,353.2277478906027,22.63761362586141,22.232835366584453,669.5853561473818
106.02068464816402,547.6396274898914,11.615742834474228,13.261145164167042,305.2006669398836
107.4720730360636,427.3276604311702,15.089882961607278,15.91354723743699,428.11321072165896
132.7985481342916,375.80311217902073,21.202360038630637,22.191639757780184,629.9170821277695
144.2898502501786,226.89625362081466,38.15572481632424,25.872183072683786,1116.997956398319
146.5650016151784,385.875787378066,22.789458122426286,25.219032126442084,678.3304027714594
120.39858102268246,528.2943363262921,13.674034273385091,18.537855863333295,398.3376572803192
104.9984811510352,445.8164072885262,14.131173205083272,14.616447459730198,447.7910492571515
135.12843601011454,532.8649814916473,15.215310523710896,21.18954852400997,489.18063940596255
97.57009682836102,397.6046682397223,14.72368479882149,12.788849486705836,464.4657231854831
119.48518201834625,247.38468203779274,28.979607233747625,19.053192147519397,866.4125091279196
105.10049230674112,205.45593833435242,30.69285604265298,16.75968663927694,883.6171361566284
125.96417515955133,321.28781868743647,23.523613626091763,21.092061967756585,714.7021013834309
96.82792390254548,479.19618859911697,12.123793077605113,12.893003430856801,375.50520902918066
93.4115062014378,516.1039615766775,10.859615095695366,10.046776665475067,347.2690875666258
144.27673606728058,318.30113384813177,27.196271842899197,24.89754137032229,803.7770080507959
87.12625780646758,398.26156835329886,13.12598524131422,10.394636717921252,398.34461286928797
115.41705354144521,368.44756177363263,18.79513920285166,17.9094202035951,543.0060472097571
95.45969480741063,364.2091137405712,15.72608007971057,12.968320785984128,472.25322884131356
82.72509743279672,292.5394852800602,16.96696034457035,10.49252586797986,528.5280597178364
82.52131728039984,254.54844201178335,19.451225070137298,11.048972100227818,569.8274664450224
92.26552404740792,278.6754232924852,19.865158460831367,12.572844303311413,608.1648396375549
140.67392481542,222.13295486533843,37.997223302782636,25.905951193243947,1114.9613699962608
99.77351207839186,279.2522967294308,21.437283756716173,15.082591962216817,628.5315061458755
146.53214194027072,203.6803590501518,43.16532314365876,26.885725666455347,1273.3367210834301
120.71356050924355,450.9033602543913,16.062895664535194,19.27270457838924,476.2571819756678
110.56299328381363,326.5501629550731,20.31473369052183,17.872334475578608,633.1320871209766
120.60621842686183,589.2578845707635,12.280485836660365,17.668004921184885,385.679194508748
116.16888696583874,277.48682031051914,25.11879018308134,17.40484943196072,737.726723252852
133.11433776301277,338.33142812383755,23.60661647683933,23.324067175962895,677.7616530402589
99.77472461809965,343.1364634566133,17.446363516079426,14.689000266964703,520.5097195907026
104.71352741202116,203.3805984249842,30.891892802836104,17.766402245206724,896.3239068191862
142.58660117732757,535.6831812157836,15.970626614079663,23.708111322301335,455.60733570736267
146.2519559205284,212.7977840577299,41.23688314748194,27.68390471847421,1186.9755303939448
142.4790759240532,576.0719338916965,14.839717147286654,23.13902430621702,432.8930069348054
109.36135957701195,556.8297404374482,11.783999844307576,15.401913602547971,374.7539789119973
134.62558521048172,414.20876643438544,19.5011206116239,23.22093876832311,606.1857878756509
113.34350133107691,417.43822996451684,16.291296751719845,17.06885708003394,465.25305010265447
114.82778965022715,461.51116918246254,14.928495427788308,16.14314941799515,485.7119073223789
94.32760763400988,354.8200047739548,15.95078175382527,12.693115415411528,477.6441522836189
121.37912122809615,458.8889133591422,15.870392728329092,18.759097518367405,458.4539912979515
93.02951284273436,217.90735547539475,25.615338951668996,13.796353268356516,767.163414006882
103.20952893470357,221.61905093989063,27.942416095635277,15.605986134377755,808.5228496546396
139.85211411339546,382.89216784781775,21.915117496315094,22.975435486562482,646.3134807763607
94.49530664475986,419.84892044241394,13.50418715549191,11.93267123974864,403.3248374324191
84.9810799621403,555.1270561343276,9.185041048502981,9.150506678373963,273.6097263108765
84.83053148289714,241.8642535631585,21.044167602240197,12.317112379145039,637.9347191488629
145.85491643521755,529.0591708775557,16.541240503585247,24.411066477116496,491.09442103312995
115.48443065732843,284.01893491682785,24.396492584090616,19.21575521728845,688.998069308673
108.65884502719129,357.63345940401274,18.22964415157383,16.30585219969777,555.324068912264
136.76150067055428,326.6409739309652,25.121435138653215,22.66569839741647,714.0067778121509
138.50781495373613,360.0621091461596,23.080653826450558,23.43805578693789,657.6610035437369
103.25337231809232,260.19819922903423,23.80955117076862,15.763706041927588,725.0768700213653
128.55326402316567,401.42802976142195,19.214392791589745,20.596828513076677,548.0698287319964
133.97859710963206,520.6570359325469,15.439560539463004,21.134756222795314,419.5093707125061
125.82554808061681,376.6136041515588,20.045831594014558,20.618361394112565,607.8361348497876
90.61165523600695,396.2454303592796,13.720535046248756,11.98686813995165,411.4174138996848
141.311815846194,539.5070341125256,15.715659694259383,22.60240030494231,469.2498106362293
117.73661869152062,482.4232458552123,14.643152423072468,16.50472817121057,437.1511379463064
99.77306984590027,396.1817634079139,15.110196237352696,13.572711672716798,461.2090633035356
109.76597298063857,303.0782592756719,21.73022372036228,17.131052166091123,627.6941229531708
82.62997632792352,553.9706987379866,8.94956825508982,8.790194982796882,312.84465895518167
88.95067608556923,430.80816067622334,12.38843887440944,10.557104404829284,350.50797284587105
133.58827253611025,288.45904404427733,27.786600966951475,23.355956852873955,821.9675002266337
80.00081443287563,307.64790105520416,15.602410578810417,9.892508725661706,483.2604657209665
109.15960799376046,521.2532355744984,12.565056737551036,15.01985487160413,369.80651298249643
116.57571267599118,217.65822483498218,32.135439705356376,20.017520946803405,914.8962664082142
83.82440940006806,596.8368748115281,8.426866328579834,8.0,288.9660723566276
148.11547140806329,252.1406718859167,35.24591339434825,26.711634478921127,1003.0285629704076
95.82877318747704,518.4274101587749,11.090706777034988,11.738696793903296,331.4036130997326
101.29391037453966,357.91012670867315,16.98089595385875,14.212318993539276,526.9309131480582
101.27597585785192,396.88647331498674,15.310571057554002,14.431453259398658,462.9055639865988
96.1291663482145,552.2602309858312,10.443898831166873,11.157655838758899,289.40405263834924
80.1031675460418,365.16447583568527,13.16171306577251,9.368514317181392,436.7202996590916
131.05413558615976,414.9975014692938,18.94769994356556,21.28831166114094,553.896296786795
147.67918498594997,219.719864963668,40.32749201180411,27.290964472903177,1157.6981869312085
95.70054382995315,200.93898954698125,28.576000321006156,14.338574552299837,840.3857038724071
126.41330342623957,297.9199492006903,25.459181991417978,21.080395957976904,760.1183038000497
131.93274288711007,472.2332371675069,16.762828090430904,21.08774280788422,542.2741693295166
139.38977653633674,248.5059573436547,33.65467243352487,24.986900127540995,944.8944718393672
109.58404379095263,245.50478352181977,26.78172919132872,17.58013885846663,801.3293694966009
101.20516339483004,364.3842432143613,16.664578440944172,15.305021381828613,515.1492349891728
102.77065938161218,459.1348154432906,13.430128484034217,13.489859611556241,406.5843765773786
129.8834933168959,484.8287968991722,16.073734994405527,20.390352315304014,499.418420184539
137.17456265539454,271.38026963934993,30.328195083089632,23.34850399516751,903.2318929177196
92.71297774296218,231.83525894881697,23.99453253918483,13.741838778584901,678.7876600617135
105.96587057104357,576.1588135782176,11.0350689504804,13.160999037486025,376.9675378389024
143.13581377244049,304.2665530248407,28.2257406900892,25.166548775007424,794.2445380145201
136.46854637863174,541.3385990434895,15.125676974052421,21.347770944864916,434.3046985361921
148.9400881933733,545.3965801851273,16.385150945700943,24.705084603880458,487.19504061024685
132.79737817774566,509.00903670501776,15.65363700071652,20.645253137825527,510.3574796268184
107.52366407195456,267.53344266102806,24.1144425913563,16.57972890245171,703.6339739022219
121.34464837962464,528.7205837016802,13.770371586072867,18.64554258143216,418.2575412138585
126.27099779731242,507.7002236966347,14.922703426590916,19.470562732353695,479.94443829921653
85.49190714219867,438.68919604248686,11.692821420737996,9.638932779946874,354.4636000331896
118.11478713727055,334.8808140675811,21.162416389748902,18.751124706334316,603.2115157814154
129.65245799308266,305.00344170661765,25.50511376546272,22.805570679277725,740.5637952442943
91.71249128007423,248.75568483214357,22.121100390198613,13.039975470534369,681.156839767005
134.644220219789,403.9028267603486,20.001477281021163,21.97650838246697,595.5488434179553
120.86409463598781,434.10435020393857,16.705305244585578,18.31785792289658,540.0475527173287
146.65552499883162,343.7355962063149,25.59912792578054,25.54183586881487,766.3111196088503
82.96956087448243,390.1436270723474,12.759848699376048,9.43844234339642,377.5814393844183
98.57282962888269,345.4057829477067,17.122961078588478,13.335786126319668,514.2015105015574
122.10877155098768,456.4024229282805,16.05277694638917,18.20384185561943,466.01918767308524
100.75919385441514,560.5036831186253,10.785926682279133,12.164193053366398,321.59700150584416
130.00969148498694,265.56810481877795,29.373186567047597,22.721201157049883,947.2707089669392
133.13036977653516,352.56352396124936,22.656405565852182,22.219922492465948,689.1677036892289
87.17611748465322,256.34744158034454,20.40421007065064,11.869995488088906,622.6794242920623
115.96981249447374,449.9775081631328,15.463414556146736,17.948913273746186,454.0455001661499
115.62233889137391,491.5482037954383,14.113245211591627,17.50204642907394,459.9304219022707
105.84965391508787,572.7650930389823,11.08827914286499,13.57949822314538,365.4569323978027
145.30474037987705,311.54877050438597,27.983690671216717,25.45821924333625,856.2451162440171
137.9254423911255,580.0844823461721,14.266071228102623,21.111444825225355,469.49889905830867
128.80465673367456,225.30506872826993,34.30140053058991,22.837535571407756,966.7017694278651
130.00286450144984,441.2055453458353,17.67922446208805,20.741785707265553,506.6268057716489
112.32013006691834,222.85308773733198,30.240585277231315,18.26564135147379,862.0068346633332
144.4696164767603,557.5096751047779,15.548029703657662,22.94937085376547,450.0098974118531
128.62167990772997,411.9236228280216,18.73478569032147,20.38295596431833,564.9778421270187
131.02867431590715,467.73934030511845,16.807909409172265,21.017830725116426,492.98382147766216
140.31836326511416,532.6295703641811,15.806673651540521,21.901257514762452,517.6144392911335
99.18501125395338,260.1242489935875,22.87791583545872,15.390588707379907,713.1182711757166
136.49496327066922,215.43662477525353,38.014417487201904,24.204380913300398,1100.574271063611
93.66684220695444,551.5524583651409,10.18943972994983,10.840199499219175,357.297381175151
104.17393665714215,325.973290983573,19.17468814874011,14.859459789173142,600.6427187228298
103.492731798889,251.5915631708661,24.681129325931217,16.023178769201593,716.7217189132057
148.49678278723985,387.38449483483464,22.999906000453578,25.71253260445313,638.2710557143238
139.95760566235487,439.3224302784075,19.11456315676769,23.284368086393453,564.8297832164799
129.08189031131818,212.38824136900405,36.465829599403534,23.411354378677384,1044.2606353651372
130.8939733130773,309.9582633028351,25.337728748052392,22.332527268707036,748.3312909715218
119.34509560817997,213.11994971075842,33.59941547569407,19.876859622170805,978.3264274166612
146.29634669759633,368.1341556781996,23.843972819323998,25.152971813332485,703.4531277368411
114.73811270176532,558.0400116264977,12.336546875985745,16.33664135063962,389.04693577174135
106.63623969089261,593.0609645974278,10.788392363332603,14.380834175228776,310.7845647098655
91.41247358521137,454.819021401451,12.059188725687683,11.371495751315258,379.00039497354726
135.03439565827406,264.6550775138367,30.613672012670346,24.013791493179244,883.7824627710567
131.41107524529139,562.3397559997222,14.021175687107881,20.405930763865015,429.9491437897312
106.90485269668945,406.4991292800242,15.779347850417578,16.18493006754465,494.5421909138132
81.76353897714606,261.4997248411672,18.76029636975149,9.621239662757528,534.7382277771026
138.72981294026076,568.6906677806646,14.636759925918119,22.17757192897976,437.63549867682605
80.79925884178516,502.9876202892412,9.63831978154713,8.678917453922168,300.3212081507763
129.25898457403358,492.6821090892606,15.741466822853358,19.528867802147666,464.0432989690757
147.917997680824,483.67228151776186,18.349366296119907,24.425543574134878,565.6663626224439
110.63629297037424,280.1359284385769,23.696273502732634,17.104189809312178,683.6313083552919
96.44813834971669,284.40267668301044,20.34751700819241,13.637286782130875,592.7550962793349
129.3409707030367,475.317199370902,16.326903912699613,20.1337068334693,476.5943493803473
137.19896994109095,287.88910004415874,28.59412945888808,24.114150450357446,857.6209668029258
118.25012212544931,375.46867872121953,18.89640262855296,18.977636620903546,553.2050122911221
147.69246926793022,512.8007302375765,17.28068552470728,25.091601208925322,526.816524659276
83.61681051605727,513.5810072391364,9.768680228136608,8.365832990445577,345.8720785774421
115.33569188131696,381.30470901034386,18.148586548642104,17.353167622125117,540.5269418642523
130.29177631257852,516.875975310098,15.124530742727254,20.89256423483011,479.2200026771999
140.38483298044252,535.4487184792226,15.730899501916353,22.873342566358055,507.45857881088085
92.5478928335453,461.9103005137041,12.021540900554076,11.487445998248994,390.2582632891026
136.0002437234577,291.3703409233681,28.005646002087726,23.90338634617214,818.8941066454593
118.68949530029818,309.604712154219,23.001490088660614,19.230307983910816,691.3420665635016
107.75875773929742,325.9364621634941,19.8367664097509,16.672246347963934,563.7518622610881
89.22005200053655,246.7216430935808,21.69733896430699,12.39481114635571,626.2228375106338
140.57070312362387,309.263848147978,27.27199521678905,24.76428328451637,786.5044109593466
91.00912457258008,283.80768972501284,19.240308392086355,11.914053748777308,617.5376849806228
101.68515014463695,382.13149992344086,15.965993407768163,14.066888944919947,464.3912749986539
100.30318723737058,563.375019148906,10.682389225091933,12.102371051530344,315.50437743109916
140.9989823933598,241.79212670158324,34.98847981118399,25.154827234809865,994.7276389350227
127.08920959462286,488.10716957895823,15.622291682900313,19.242469343852044,482.1733905965072
135.76769780339606,474.9132017652511,17.15273830654712,21.692057616155868,516.869827398415
97.53275291547493,238.30167946534306,24.556961529008298,13.92584177588518,743.9790997540903
123.74118697248991,569.02896196232,13.047615700870125,18.428870903129294,411.9955876351996
120.0222188200624,427.38888086272783,16.849603374489114,18.47243851784367,477.88463918103014
138.29812637517898,345.49020845427367,24.01772142728896,22.892542661063175,690.9334937914548
143.42609423368825,502.61543339812266,17.121570652616253,23.175829561256496,540.4474568880519
80.85097400341708,302.9461833606536,16.012937962746673,10.16714416739099,477.8972065845289
127.18139433411548,477.40393481852817,15.98412393259305,19.553147166873636,504.90468039692746
83.62850593838102,215.8844830288989,23.242570683652037,11.116487200385818,682.2861222584834
118.42010655541492,535.7632150437088,13.261840667327705,17.107699349993048,385.2418436226379
100.13429103305748,379.2683388085274,15.841178519825249,14.226901438466056,471.06762192050945
101.47436196654988,454.6771657431767,13.390735617966014,12.988322017040323,388.8588463409934
104.70709524166496,288.4951279226735,21.77654007447849,16.27120174114813,632.7399920504223
123.4904714334727,470.8294850633792,15.736967460759102,18.57586950202404,478.22065845982314
103.38349759681384,508.89611035731065,12.189147705321462,13.679460717414019,384.66008462861447
131.28893354131964,389.2852747537595,20.2353814113877,21.60967889216001,568.9057255040645
108.31691699017088,447.0907696247177,14.536231702715408,15.19409563791454,440.0868896095648
84.7847240216971,382.53036952895945,13.298508684594019,9.738764178520919,393.89385999850083
134.8631889738875,557.6365477031381,14.510869798191518,20.84955209899657,426.7527091283346
100.00308272148942,399.14767220572764,15.0324939392275,14.656712603660605,457.0441608764166
110.29368157194838,536.7234836115276,12.329665267835825,14.456856614290345,367.3706743005305
127.9810718255331,520.5408233080994,14.751704315392368,20.479540408845022,474.1366746733929
103.27193100040984,364.2019285393426,17.013407602961767,14.832433421917953,533.8602857780736
83.96099593027009,292.03379674299003,17.250262853137148,10.879568682368397,540.3966159904647
106.17447329089696,362.43285302390836,17.57696175802689,15.148718773166074,516.049491445284
146.11140078860126,530.4869503100881,16.525729883066198,23.617388627979132,477.13427234205426
124.92140781089907,291.05301432775696,25.7522997518708,20.693316704614343,757.5006202734779
127.00354040670449,409.7745383430997,18.596110083398955,19.8662938329951,551.6018992908702
124.25975075463478,522.4386991842989,14.270736560899378,18.596610647651374,420.7913544530127
93.92944972716057,341.39099005135154,16.508247574963566,12.666186387401893,472.3779109387696
109.2833704871596,456.88385480107894,14.351573513326283,16.532640855443386,434.410809191635
132.56578588543226,298.2526296195258,26.668489606521184,22.17714226479056,773.5443369245522
87.09610282872114,243.71177814726397,21.44240302807842,12.118881248400328,648.4211624023056
99.44969432627985,517.7536900371425,11.524749652964779,12.765182154282003,369.04545718116685
99.34233759260975,239.58744936348273,24.878349309999685,14.581385873738707,753.2981985847906
110.24132493161542,308.5525580318338,21.437124158324103,17.52028867398031,609.3198547158797
148.62581186595295,542.0437687989761,16.45171335834388,24.318333933244823,502.32387295121214
84.72517826786753,338.5877148314669,15.013866343622023,9.384952906949632,439.31729665912195
116.30906960664166,589.2181398056645,11.843736139386609,16.474970998656634,340.3058033843639
92.55552774085473,591.8937339095439,9.382311969702268,9.720413476995365,286.9202250768677
147.9473581786821,307.31040818142264,28.885586867205703,25.937823749141597,865.3505184686683
87.9312453309225,216.39128889995618,24.381178866652693,12.862594485109746,709.8540754704983
108.25207016531138,482.02531368215165,13.474653769327931,14.953914903608663,441.8889378651997
131.65194893842244,380.3946010593375,20.765586352455006,22.25551575743753,626.5979004669017
129.31880996192118,240.30113758383052,32.28918795695859,23.08781758525931,931.8129569602819
109.59100458257527,483.0091275912171,13.61353212463408,15.125489639699325,437.68644329509294
104.25669175669027,212.46996364476848,29.44134501693571,16.96572676083826,868.5137569308622
107.83286649870094,548.0786761968968,11.804823414800623,14.05261194900998,344.9685701488709
98.49933842110475,255.4610116453215,23.13449033651989,15.883012396524395,719.4162860745981
94.37330570947599,250.92475149869,22.56612115285136,13.445989744590978,671.4457512658823
113.8127788291223,270.2689191874338,25.26656320777873,18.912609379566714,742.5757373578732
98.79736292473251,584.1065433968266,10.148562522534062,12.305970318231935,299.93062727041155
100.12231654280751,477.2677441015384,12.586936927567418,13.328842770164417,409.20564289807
125.972924443219,520.5486141854547,14.520018420220662,18.804145532182286,450.3237975260695
147.79761321899247,359.0539942931012,24.697836353550166,25.88382672475333,738.7904599143762
122.25460403915625,334.5250910019822,21.92743217071843,18.821119954300887,638.1439089415254
85.38856269454764,293.793602713268,17.438479648152956,11.309371136000465,538.7352202215724
85.2908529697847,392.2592113249636,13.046095618510728,10.462385889348242,416.7639174116568
146.5996254591896,420.7314934136674,20.906391998811184,25.17693707789733,606.20459600055
100.81035532151336,452.7099374611022,13.3609201362197,12.074227372193068,379.0415485269681
86.44468902577329,302.8474015994778,17.126385480453603,10.742667976040838,524.903748920034
121.9331211005267,579.4616323611963,12.62549038185728,17.241961455683388,355.2321645968751
123.65541448031863,267.90339928285437,27.69403034332439,20.987430748580792,813.5069844201903
125.39533740830817,586.2612699065648,12.833391238171984,18.551043593775564,383.6009285102106
98.7181419500279,205.9424490030015,28.7608919175053,15.180502230358831,864.842968255362
81.05774789501325,392.45027672673825,12.392563242061893,9.562365479195899,372.2916928640313
147.55107586181305,333.3471352466251,26.558093997594703,25.61696421469072,800.6665661742286
97.56251319837718,379.64936557210035,15.41883464781117,13.724273777601868,454.97121156815524
127.32184016367833,428.26583159231564,17.837777021382557,20.538495416972346,553.2823368405222
129.46409089150967,374.2356632050836,20.756561218575662,21.50270160486888,656.5733501782911
122.700519195564,365.938740120638,20.118206531800432,19.63404604624689,576.053338819891
101.90351759495537,493.08936616532264,12.399803109214393,14.38195891452809,386.19288950326893
98.9767377634846,474.35051003458585,12.51944319692221,13.161881846420377,438.6924220013702
121.83677978918922,533.3085128143391,13.707275641962719,17.523222799816974,418.4535691863028
140.6266943528184,299.98359249579823,28.126877176748543,24.851266480384098,823.8752425962373
146.27136102463768,443.81140390162545,19.7747998008262,25.198124156083075,603.5267466240672
87.41340630826303,434.07791415714155,12.082633572085166,10.13946141870983,372.2541383646803
90.8380028818404,347.8951243490755,15.666445981696631,12.595505077592689,438.0743722070785
146.13153811481556,394.4230167610724,22.229666916726146,25.42268537462323,679.4399311037981
131.55746598343546,325.5128573222915,24.24926629300788,21.095732331383758,673.5317405873205
141.80956773808413,256.73775904679405,33.14110902843177,25.556805119026293,955.3172280292272
94.18428438947402,285.52048426509316,19.79212482044435,13.231827444284935,612.3925084564871
121.13101097765812,242.20545856048045,30.007006042948657,20.72043782256279,868.3828708525566
129.07977160922314,473.22783007604966,16.365872428315914,20.801222554999878,478.0147008655732
127.60783198128809,464.2909572436606,16.49067206548922,20.145051696874216,512.9836077357588
108.57061836066887,580.2425486319491,11.226748395130441,15.155149777666283,330.3404496067047
81.07764241839159,491.8713654588965,9.890103158505601,8.266137601968374,285.3281990699879
120.80482397629842,220.81833550245258,32.824672018675734,20.876377618153658,960.2442874410199
97.71710774257261,553.6980695715818,10.588851193017186,12.294340608839487,325.7649073506332
111.51779723000232,545.0700651782903,12.275610533870571,15.315022972099225,351.98608606634673
147.03067105586723,377.3281283090795,23.37975783275248,25.995937297518356,701.8768608348938
107.93247223497043,434.3452202111686,14.909680210017665,15.180366619533636,460.2263707205323
138.78611246650988,590.4313329890076,14.103531236790957,21.45100000695885,421.0704573442062
93.19784240244758,412.9217455392665,13.542204072696626,11.390201128562149,406.65289938225555
127.07223486175201,562.1287313504358,13.563323962090895,19.15654192493981,422.48134200876973
148.39048681072603,233.2155031240746,38.176832540617106,27.399696316780453,1129.0782761671162
87.13251706110557,276.4207474834731,18.91301963134626,12.371955045328248,557.8653448105052
80.58239595590344,376.30197737652713,12.848573879579616,9.668631498969349,406.06657686862445
110.350795484283,433.9027233349219,15.259290557497398,15.934062952592678,472.07259911592814
86.4837838135957,526.4911407451201,9.855867700778283,8.784669153589302,326.39606686204206
132.3869044773362,595.3048460572747,13.343103657308292,20.261016938864962,407.6664883520003
144.0184064693991,355.5405985896466,24.30412848052053,25.61701733723004,696.8870697365289
110.38146808961312,218.96625445603397,30.246158714408622,18.39463053096815,872.9893478388769
98.10981495088086,520.4686013181299,11.310171030768382,12.82954261597727,356.56588184824665
110.40823233046268,441.7522876331233,14.995947107192855,15.91404721094088,489.73196159228644
130.6413472495001,279.41714354728066,28.052970320497327,22.22290817443078,810.8806266547564
80.63379131062597,397.93138264856805,12.157944031547387,8.722727031701767,389.64620109514357
121.2617792639288,496.92409821348974,14.641485051726997,18.165246792936003,436.83312586692534
122.93041794211653,508.1647148274575,14.514634450822474,18.46320277787376,442.03625250597946
124.63817728271549,399.8473647995048,18.702863380662176,20.000007614570084,587.9189892711397
96.9415455986614,322.08581205154366,18.058829412171892,13.71948122088172,554.7849516387414
129.98369063646888,589.4970328153975,13.229958768308876,19.438948593034464,378.87238263272184
86.39740404322436,465.34504438259717,11.139786068789443,9.514085262487386,333.4676321270834
93.94892355267606,363.2950077385195,15.516137830382002,13.148299334558184,493.11625256373594
141.42290326581374,312.185289681861,27.180570245946004,24.85146143124604,798.8643612292085
131.71062055085963,492.4411932014249,16.04788011676175,20.716145532100278,459.9690357236663
80.96218878079416,296.8733782375071,16.362973856690267,9.70709754623836,475.42806624428874
97.38633822588602,268.6839955894753,21.74740732410802,13.707838384878062,657.3016270499578
95.00845380952151,411.9335555848281,13.83841435417466,13.15462831449101,440.69796890076594
98.95644296258808,315.99495705765673,18.789497886423373,14.611784327858091,560.4045538658526
97.32918391959205,451.562057969446,12.932333290877725,11.90306325643908,444.83462124690413
84.3768407019992,247.1754699496934,20.481848150831166,11.7491635243496,624.1239018304302
112.12583616177741,461.97644182692864,14.562539473012789,16.72178497289722,436.3044730896185
131.29134323503155,313.3186111990809,25.14207682701806,22.373376702734813,722.3848032450902
122.47122073022055,200.09717377380508,36.72352340228407,21.959224515552002,1044.902429477676
127.10101680186558,250.77442306967055,30.4100430768143,21.95144439675062,893.5566230301181
85.68044249753675,573.4461511340376,8.96479388637589,8.045477886822916,273.97500595823504
146.6043497123751,546.9418556461432,16.082625405127988,24.158859502544335,517.3978434480435
138.69442836901175,293.4436128144947,28.3586533791805,24.43314581399993,858.4838787288276
136.35632229469638,511.34876181819646,15.99960721248518,21.474267498771535,494.24960614567715
137.6088663529237,443.4286372695897,18.61975363615438,22.981594492246813,531.69386297127
145.2897355692933,588.3618845799479,14.816364490336152,22.446606202394953,434.8679540383919
118.09777762795883,349.44226381362364,20.277646385260383,19.236682969231122,627.0117063646547
94.01974125073382,472.5842450068685,11.936886459179442,11.272952381053543,356.07239923786943
123.17485254967788,225.41428896956742,32.78625852320499,20.613061999257162,976.1165523420475
132.00170455675573,358.4989387265624,22.092400891167593,22.022657328381428,662.4259750329657
131.65421753478176,585.5270644752723,13.490841895012872,20.168813035502478,412.0694556665433
116.5014316916816,415.5923497800482,16.819573086945397,17.835824446807965,490.5912480130119
84.79211035335047,315.15180133393784,16.14309865806617,10.487051004221202,483.73876078816096
105.97790569010894,248.10838525144274,25.628615231856866,16.41886278693807,756.1746419366847
144.45366259243502,481.4113360726122,18.003771631665124,23.470149414756662,558.6015062260443
120.91142368301982,457.9424173718907,15.841916244875232,18.345268539199886,459.43887225873965
117.68323602789994,349.57548544150984,20.198768093695247,19.175756997822724,594.423550895364
98.81974600675355,580.3765407463337,10.21609996982406,11.920994695850238,319.83707659865775
105.79142439416052,208.88112519514013,30.38802791645108,17.40854094162736,899.4826387010613
142.67422624072185,321.48954065273034,26.627471478738475,25.764983628686068,762.3028999386462
126.6524133268785,568.4277945198326,13.3687072885518,18.581923797412696,381.268950972205
135.1170918726633,328.37417532777613,24.688377227799773,23.023428928313614,739.4189834778892
111.80417961473586,300.9011335420681,22.29387007592077,18.71566308765182,628.2407655183144
124.11730536193105,413.68816397249896,18.00157454398653,20.366256527192625,563.5885345851875
97.38685261202453,529.5206999682152,11.034906014197771,11.191881421485927,338.84910356844404
129.38225811984404,241.25870435134442,32.17680998520783,22.683301657539083,905.5837763649333
109.93209335923362,577.2082838582944,11.427288529998519,14.684942292637551,343.3940648376741
110.97818603703219,518.0291524724656,12.85389274028522,15.887399800439164,400.7048602302067
125.4525627203817,272.50010222062076,27.622572255509798,20.869773629004758,797.8030549441628
145.53964350282484,484.80318447926504,18.01221380084184,23.85345492580901,538.5887395679383
84.48044426260347,353.98348905502286,14.319387238336178,10.09445885072879,449.13757192546984
137.73202661429053,360.91787123052745,22.89695871440806,23.1812031108013,671.5164034124117
100.46681772885351,513.3160369755466,11.743270479621453,13.338989068032113,343.1475715516532
111.07436181544645,585.1139231922929,11.390024138489977,14.303899127025625,345.97481512146186
81.53393301425062,250.66234913887757,19.51643714208009,10.325723085216367,608.7877228102043
101.07322544840191,368.25209475152775,16.468048962480356,13.490598773520045,528.4633944959779
115.18418698410913,392.37664323372144,17.613309401115245,18.142240379503647,486.5713646204922
83.93232541432073,350.52472678199905,14.366859568201683,10.9643077898782,457.49161142607977
114.37670105682156,345.27564948649,19.87571980131143,17.700149760255687,595.5978617911568
144.89774402008993,220.9074670246386,39.35523211732693,26.33976056544879,1156.8904428834994
87.37752526754636,474.21544822504933,11.055421192362267,10.29032450103417,331.53480188268077
133.5108509652853,374.48576684801816,21.391069480000215,23.044202205022074,597.8453150779679
108.67697373631948,277.9175210575707,23.46242294967945,17.271950219213725,703.1523495490147
125.86216001670365,526.4134009208274,14.345625677067442,18.710659000251884,416.2543543195377
98.21656185896606,521.0242992606511,11.310400915850366,11.499148915057887,321.9494288850407
91.16445837789507,394.5566512355575,13.863326053545842,11.153945438209703,395.14231910857995
91.23238299898586,319.3802644591042,17.1392649737131,12.440923774675195,525.656769110485
84.93443619502013,455.23709031858095,11.194312326649202,9.305862775099746,349.23960583861447
92.99526934308702,315.26085431096124,17.698728162049584,12.972421500423332,545.0214120975257
126.49535694922778,294.4031721294848,25.780025948958002,21.02528704301793,770.0212614456248
141.71834282904555,492.20586161053063,17.275496358210805,22.737774504281155,509.05101233691494
136.98879799138132,216.13009588838028,38.02953885574421,23.998007575679665,1099.7192847136223
127.95940169121388,237.90738841383757,32.27123021550632,22.95109836391827,928.960996341073
87.73023043877718,202.71526960943592,25.96653836915309,13.036693848977816,757.6784280007897
100.24312124071649,261.17727459017044,23.028754258504513,16.00918133371266,659.9215578545463
101.68648127257282,227.59600348418377,26.807100225634482,16.07090061429416,793.3335124016404
97.49698624783349,598.3209471119674,9.777058956579198,11.221419178076282,328.0960237411232
116.05039617968062,315.52398798163586,22.06812805366196,19.204568204882385,635.91901899515
117.48876704157708,259.7072050676989,27.143359463812523,19.382114800223643,820.6057267665431
104.98201826197771,296.39850319836717,21.2515280197048,16.103095634067294,631.5567368643243
104.76524111155052,574.4502286160539,10.942487536016557,13.417285740857729,344.19015075261257
137.9988918534257,408.06408920975827,20.29076738225153,21.635339802880697,568.2785629161707
135.250499382378,345.92723852314276,23.45877704683778,23.79403049762461,655.2147950650514
101.54570821765219,549.3565831636877,11.090688051778061,13.118047194704046,346.4186925661306
143.96519107112815,357.996108219613,24.128506612057233,25.191380490345004,725.9892667922944
146.69705119017544,334.0034279830783,26.352493220088913,25.883250659364045,759.3114551998568
102.87197794210286,282.9130090198942,21.817019648227415,15.676713673900702,678.5913189736723
104.80974641551384,351.1187295637646,17.910137669795816,15.159538674856332,550.0162108057746
115.39439073953712,326.67374240677043,21.194429014594505,18.589569771889018,609.5137054659241
145.87845687735717,470.92158371925643,18.58633733351968,23.82788421516907,554.9510041452401
141.3423603199618,315.83308186829083,26.851340489829614,24.853620905668848,836.3065635156964
87.17975738085129,430.8798985690246,12.139775979856099,10.68559871762955,348.18823806014206
107.49115202899914,226.35686601278908,28.492482845099808,17.14037295742061,843.4866832534616
118.73598328248403,276.51566267860574,25.76403422481516,19.73966405531179,749.7351353325752
115.2192730786078,362.9621086445395,19.046496094408425,17.416183512114245,581.4128492531587
93.57041475558249,574.7797015634782,9.767611608523234,10.19949362963806,331.67339704327736
140.11717398177083,350.90079428627814,23.958425218175698,24.262233162919838,697.6867397413237
127.3858548097786,465.6296484799336,16.414657686721807,20.320111469032877,515.6388478349687
138.65358623962624,302.03488896855924,27.543888067989307,23.285953622174222,850.6683352006008
140.11349955446306,250.8134303892927,33.51818106478349,25.30411801466389,975.5828279570611
132.3849097566018,223.41464003202006,35.55315168360361,23.11709904746851,1047.1839125873885
110.7447420874802,322.16539941710056,20.625071895588896,17.081858306191833,599.8598731584675
122.73827285107973,263.06441071876316,27.994270874359376,19.98979408948922,819.2954201909648
91.22557842838202,269.60417920644966,20.302113720245995,12.424493639145938,599.0527407646662
127.15517922324354,504.30372335478,15.128404570646719,20.059349745586903,473.0264499709826
92.54772790174965,206.33522837794968,26.911854644295897,13.760921919644453,812.563319106794
128.57647133571098,423.1240502941738,18.232450447520414,20.4645499126906,542.188689978293
96.07187125277781,351.7845522373859,16.38591643238752,13.244896509142853,523.124778526282
88.2285910105154,402.6199999634189,13.148168151388155,11.161530510822434,431.9991464521311
91.56991431000702,425.1320948858412,12.92350054181572,11.756495676159112,412.0170196114245
80.13944946533492,325.34707778291124,14.779192119034464,9.584870329282275,436.9464145520009
130.31177324974712,318.0435440737141,24.58376074809636,22.57425270123538,710.7610094530797
131.26807343408655,493.3607397339623,15.964149093606958,21.171485973676443,464.34347115282725
116.04533449392815,548.5107952484628,12.69386150637516,16.65296944315089,407.60520351417443
91.29539607387686,277.03265298341114,19.772845205942637,12.827971492183439,563.4664351018497
85.84880362574827,239.0475042140596,21.54771803403729,12.131375925832442,651.1527138224138
81.33902765061009,559.1183225568104,8.728638397538345,8.0,255.48703719810072
91.60237238756545,339.95818545895946,16.167112834285422,12.840643903312587,502.7699027903939
142.35988744882027,420.52695626512565,20.311642618087195,24.519059052718074,603.1986123156573
96.90757891911773,343.8172578080014,16.911468528999908,13.071207018235992,533.905020630531
104.7989929052051,250.32093453842052,25.119511422034904,15.81907784693929,760.893416352882
87.37418391369333,435.7326579790912,12.03134752197794,10.058362380532184,398.69152869900734
95.56529133237191,410.05634070785186,13.983243058854425,13.142550527653151,454.09910740044285
116.34571995461437,281.1974236764789,24.82506100521139,18.13609341248292,732.6562097861489
122.54268781669568,380.74761786091113,19.310852974758898,19.75044308437745,551.533483213858
97.17466199163478,518.7790016062584,11.238850650172017,12.253773282461173,326.652631959044
84.04125114575821,436.1704412431566,11.560790443235033,10.16665099227421,315.01992878835716
107.37230083891791,238.76693082679793,26.98170147778279,17.1890357871493,768.7607631187457
96.39423596484339,419.208598891654,13.796601914135378,12.10444154209448,421.010359009141
95.36877462608614,481.09531971583476,11.893955819285493,11.487581277741983,354.93331543124526
147.19039618994185,517.0813623123006,17.079369737682814,23.797963966491103,508.3513674620164
123.14103401480068,451.64703145370675,16.35892970912917,18.793618874494463,501.5476913087705
118.98149102204671,261.0632658163135,27.34543842849875,19.662132433257298,794.5820285815458
109.10425724663253,484.06930663606425,13.523384658055988,14.735984595706613,389.5137113232633
110.0261033401101,470.93673843260655,14.017946916560904,16.398869024410555,424.79402479504256
117.86335026866566,209.7707531762533,33.71204473951657,19.277239558560417,961.7394874769967
128.75008649252752,364.6990670360973,21.181861671137874,21.89713658585664,621.9113733172392
129.15022673272807,333.18009878494934,23.257732476288375,22.198545648409798,712.5616705846554
92.01857353938146,467.76482570145737,11.803184226354466,11.712327914415823,358.16355348138734
115.00789264536388,286.4543249243683,24.089262958566763,18.2010527310205,744.5101390797057
108.83706665238714,436.3487691897034,14.96560655200153,15.853391398287911,481.1421363651935
140.9368876388569,565.2823847256689,14.959272545588355,21.778751509899898,440.74518128752794
124.19932448528635,519.1209488834431,14.354958098195244,19.171499741230654,413.1138768094673
117.27528464911873,568.5830944866121,12.375529886797937,16.531272467967476,378.61846402482644
88.07762495252422,591.4023867730759,8.935806847156337,8.977318454941575,306.0019092082064
122.39465225263879,204.2680508024651,35.95118818781867,20.491954070740988,1032.8761696666386
88.20427339761633,449.096510550991,11.784229624416309,9.2542036999264,381.2024115276604
103.60446028960264,365.1357591035626,17.024538031108186,14.51640956158003,534.5808653850418
89.99893753700323,543.9417961340487,9.92741556283981,10.637755012317792,295.34152486023567
128.44515529170582,300.7258808036527,25.62702384280037,21.523014966830697,738.8159069653461
94.43764796853068,592.4117956460304,9.564730006654804,10.652461084386712,314.8755925751098
107.43015612316182,445.4831878174989,14.469253932946094,15.581767993894934,441.5876070868856
142.69723443331452,517.4149608915324,16.547326059622232,24.183718762249196,483.27036063971315
94.30214683792792,234.23982112910733,24.155281467522347,14.587525407137882,703.9039957414716
115.54635447711453,273.38315390354603,25.35921167649148,18.311757028866623,743.3949447048677
109.34901628162154,503.3614692136813,13.034253470267341,14.23411341263406,366.89752422298517
81.26868287320109,208.79460881572945,23.35367277943206,12.128137816959505,703.7170908379978
135.4930679500969,526.7511943575131,15.43344213376032,22.559575441490868,456.09235817241597
84.83321344202199,205.57960747676458,24.759230105527905,11.948155273577637,672.2579280128161
113.19785146838674,462.8475356245093,14.674100141721816,15.881124431983517,443.8340589024467
119.2474806457265,346.0375680927224,20.676508848965252,19.536398366212033,598.283807811208
123.9898519630211,444.59794108767966,16.73285103296089,19.280758847089864,535.9854924777063
128.20421405155128,478.4125627956455,16.078701608801254,20.010655349856155,472.1037203237116
97.72906684659006,336.99008767452165,17.400345663753882,14.29100565931055,499.02791208171914
80.69851436609146,243.18497924433422,19.91040267787549,10.665996966457998,601.728935935612
130.64105636484385,227.85834709930626,34.40059792268412,22.32693326338949,985.8643032770551
117.49596195433051,435.5744090250191,16.184967645458933,17.656383765242065,471.21198131749503
138.52823922450742,408.2621414936446,20.358719334253607,23.56777829801277,614.3681712352138
137.4971854030486,496.880403648453,16.60325314423094,22.441754603593083,477.7550639148347
139.03283174515184,403.89420400157485,20.65384900813428,23.53159595366902,583.332504616356
113.95662619856782,368.9783160123517,18.53062165226312,18.013911841083942,587.2871171705663
103.3539877085806,359.23487129449234,17.262353290394252,14.846288353506244,528.6900402315921
135.4090741813959,210.578761039067,38.58197479553255,24.33725680748703,1111.3805437025478
111.59058791204785,334.2228806786628,20.032845331017803,15.590065487039544,594.9441525775904
92.84095374824042,590.4080630097976,9.434927423750283,10.13761973284307,307.08924398929906
139.8481813693032,549.4222304908355,15.272208542894322,22.674263560646796,480.5986319970766
141.7791913740643,331.7512268136871,25.64195938066956,24.529666491241297,737.6374500962427
112.6416829298119,435.1181620265489,15.532564635572124,16.395851607611718,475.7767218032633
85.29898091168512,538.9186982141975,9.496680801130678,8.449867079442386,288.5745431093273
107.1478262941852,376.5097347000275,17.074909318807162,16.306549250598252,508.0490157752467
136.24763616238224,207.1831455000604,39.457158303162025,24.75893340434963,1144.4910830615863
143.124181998236,229.80418472745603,37.36855762691499,26.38522853582693,1082.4066282575375
94.24309197483171,404.15708853948263,13.991058622586793,11.51923895312201,439.8138655144859
84.68815284176901,587.7757502703514,8.644945233227073,8.300741104002585,284.49728015927343
141.4145317192987,477.2838168875471,17.777413779686235,23.18627252543816,501.4215570713731
107.25834572852128,228.3664765754278,28.180584296862314,17.024090333294918,796.993400625158
117.92326749872943,275.7443503167451,25.659260259716365,19.053268631827834,745.8491691263612
147.7646068435531,508.52925728674,17.43434872934766,24.434048113684028,558.5095415689866
84.6595309539956,536.575903982498,9.466641754761731,9.259215445525799,280.83201181816435
125.38226052164669,447.07783447543636,16.826903619870986,18.698480006449206,500.68960423228907
85.1873795802407,457.76926785192666,11.165543722056416,10.561611281801804,334.91458602742483
106.28282499265502,211.33498015335385,30.174699403439483,17.319543837786387,869.1488166545715
136.26701816354128,531.4121038326034,15.385462677357365,21.552346054453878,467.88168644653894
110.3430562928944,515.3100832683319,12.847766019991111,15.79583639132313,420.9656333643743
149.80276477320655,303.61405764133883,29.603918725694083,26.225367683414554,873.2971961248105
119.13414994626216,483.4706879862028,14.784865296693477,17.458555089525404,431.3558708567409
102.48135068451674,285.94184256999927,21.50395683893568,15.411148812554952,691.4498693408439
95.40779281333272,216.1320644206052,26.48597089999486,15.042585276046857,778.0642771349702
104.53643740003133,280.4546170361509,22.36435367078798,16.00322894273453,649.0375155149422
106.07732916316856,271.4515507017198,23.446687754544445,16.71145060334616,719.2619855813999
84.80995744067727,335.0991986939389,15.185346507164526,10.38858337954785,449.3076783455413
105.87019395987411,367.3797988701832,17.290584994405354,15.81616838034449,551.1522894533294
112.49669638174575,403.4155565990832,16.73163484276026,17.717043903500272,484.76199029757356
130.59164265671632,390.7015502033313,20.054946173940646,21.940918802080013,624.2358392455131
125.97106393051256,308.2698423861157,24.518336848415544,21.00736299938426,725.1786443823609
129.61359586604078,211.6682674296298,36.7405839637625,23.150491540109623,1090.7009487520215
80.58545773138,442.0406488948603,10.938196466707383,8.971351542210481,377.283209075657
95.23671797063753,358.29793193894176,15.948188836356499,13.292453384727747,457.4901074005541
126.31790018798995,319.46886295501986,23.723983430418087,21.588652305290218,724.3337890774455
113.8792557725823,546.7764171322049,12.496433884607075,16.481381057967102,354.8916123149696
80.37194329678421,498.6973231192639,9.669826514496433,8.056958227101898,282.63425915597276
136.31462497022756,543.1062193489769,15.05944363520215,21.800989101705287,439.080176683935
134.09667013032362,397.9931178849844,20.21592798030383,22.048080264663376,610.2352022847422
118.38934140954939,252.372500850711,28.146333141006124,19.22457041417381,823.8469483779136
84.65243280433904,478.488574448509,10.614978579403715,9.22030944809031,326.8154234810969
133.6560534672809,282.4295119748701,28.394211185516617,23.13244310510394,833.0823286774281
120.85995114119547,376.4918676366867,19.260966017649796,18.346684920601042,585.1321819340225
134.73719840105713,226.0003155795554,35.77088767921503,24.37414881657839,1050.9744187026752
132.62228946770884,530.123360969193,15.010350333391466,19.305031531396942,475.65106790333766
136.2101450370486,250.37625641900024,32.641308801047806,25.444431710461018,985.9980408262687
116.26056464832374,561.2390028197239,12.428989866800249,17.135686813155274,380.7457371496126
89.82271627354605,545.6922409046228,9.876194991298632,9.89176791404492,298.9597994331047
126.98102313657822,385.8331057756984,19.746520643627374,20.60363399295627,599.2322048764463
123.43316495363794,497.74728172159627,14.87901625821565,18.871322254322532,427.1891701095588
131.9577231039361,447.7780295272613,17.681670077906627,20.97123995417835,515.3182901595701
91.89167042355147,521.2302569350979,10.577859117068895,10.847432899253006,349.10186573058
93.64826399302025,372.7220403143648,15.075298028638372,12.446761566616793,453.1116662460461
142.328666205353,514.32339369774,16.603794571591745,23.170903960983555,474.4157872880509
132.49844589164496,384.9827268260592,20.65003492245142,22.054289774688325,582.5746542029275
143.5759942090226,576.3863151371175,14.945808785366502,22.30988874851253,452.92698417153167
133.11007248147445,394.548840330059,20.24237187519621,22.047738546378163,623.7440732100355
121.80087141932114,385.0477087734918,18.97960205616573,19.41366823902792,587.9646000737478
125.78929159195116,514.0287446254051,14.682753784551783,19.217314594293715,446.7724518615256
142.2389546758007,528.6310767043351,16.144221663535156,22.959384405349784,525.8334079519383
120.51647281583584,421.79564572846834,17.14334522458563,19.254487002414713,511.6568336890757
124.26739270298711,271.91912539803013,27.420077757550924,20.779173398730933,799.9910384381842
90.95337012025205,387.10329238303177,14.097534985094674,11.840286980166269,376.7482088784011
113.1744854081272,587.2290011638713,11.563579303864614,16.04064444503627,347.8880705964953
130.14779783706692,501.19447721567406,15.58051460104917,20.300585975367117,486.84257300132657
98.96598888214558,524.4650415516528,11.321935424639594,12.569166396806246,381.31888542746356
94.15779263671745,213.13019952769605,26.507118985120194,14.03117697207014,760.482860645453
101.96787657570908,387.1437850536639,15.8031016659469,15.053923509661901,485.30706129236273
96.90504395949834,458.6484534630221,12.677035305949573,12.418112603846922,409.08626508673285
95.04388459254771,532.01307345123,10.718971694735293,12.071101118686693,333.3068722140366
109.73955900076609,219.70946143310857,29.96854799560193,17.800684795225184,828.7665673296981
143.5486959718474,540.9755542567493,15.921092349809053,22.848675948551662,484.3260276737092
115.49417527171028,419.36037469676467,16.524333090157548,17.81193008642105,511.573579976691
93.1544266570726,278.92558823042395,20.03855449363431,13.088529521639403,576.2257957631647
85.38801685666118,326.90208657988,15.672218752105683,11.209515805990073,467.2981471938173
128.73093015965478,312.7718207006243,24.694858354814283,20.32167950994398,703.012026192448
106.79591351054715,412.34361371539035,15.539842494215561,15.398644850759903,417.2555131237515
137.52816626097515,220.6742719644527,37.39307669263652,24.44850835551431,1103.7698295297182
126.16575380485392,263.4144633999694,28.737773661262498,20.967752277206287,839.7445462898119
135.7369015378958,525.0772173503129,15.510507451402553,21.223484070575957,499.7869843232704
99.0362227592914,253.04159629872441,23.482990356030406,14.6334067011697,709.1874279801331
128.46512457227408,293.3585077832508,26.274702351674986,21.771608707518656,763.4671819771065
98.48433892856032,381.3482422416629,15.495181781823996,12.946933943653642,465.73887245063474
145.7347935615204,406.8483552453322,21.49225258246032,25.180480079394442,647.37967200662
124.5461997073362,505.44419184566345,14.784563959777325,19.60746841036368,466.75568402197473
102.71582601227395,378.9329706664751,16.263957052607257,14.833502419215984,495.47591092811984
98.86583036045909,515.9458484142156,11.497233362492748,12.918412891973341,377.08136752085494
93.36486095501505,447.338522818183,12.522712379004625,12.325276656408628,377.87533707607037
128.62486712256094,245.23989576952897,31.46915392023484,22.885889740051354,896.6903496233995
95.31009290985492,262.53257535713544,21.782460964366063,14.853541987853571,642.9213734551662
121.67122861492423,374.8134901799083,19.477083691388387,19.142499736500394,583.4878938184655
98.52445188477502,358.7557572356159,16.477692674919485,13.484406583049013,471.0026066297052
126.3378261355708,497.4177078549178,15.23924349381062,19.8289242730252,433.470376149996
137.04578099783774,432.29485591894075,19.02115361144178,23.01059112462613,575.5099510980516
134.4617670201257,355.2532324008997,22.709732904282816,23.1016412886408,662.1677835613082
133.2595931651547,268.30411338015426,29.80042120554643,24.144752331845897,866.3871842597954
93.14056839845765,290.73484093019806,19.22175576214883,13.136933359486207,565.0098397878452
86.1869462889163,430.2004073876236,12.02048321789606,10.379822910335958,400.0967052640058
128.926417994117,369.375521959917,20.942332720375692,20.7352011062154,645.8261330088982
105.78430496560459,405.9710035442688,15.634265113823986,16.272213391334425,446.56680639464975
110.2642358482343,268.27097412089347,24.661088187321724,17.37651019180144,714.5163755228231
82.18043649553738,465.16250093782634,10.600222889401175,8.712817834712462,346.74326113438786
98.17035144925345,541.0154963423868,10.887342648735379,11.944028918706255,349.85647454124484
82.35734827121249,303.17580271476027,16.29892904389158,10.044817843116798,489.17684481025657
141.54300408208735,396.60569033273066,21.413157833919193,23.71878644412648,611.0797646400447
97.03776782529714,590.2109316083607,9.864720827267293,11.134557113852146,295.40809363278686
119.01360187011056,333.2966962202911,21.42480316542634,18.428950651919838,623.8239151945758
82.72855244627912,438.01853796950445,11.332198791829056,8.853193539981152,355.86817859341505
126.67931739139607,236.07828008009776,32.195926880291324,22.846020582057548,971.1465592217064
102.61191420278658,442.40600099177726,13.916436120588758,14.46446360621597,409.2663389110784
142.8543430870366,235.85270932184716,36.34158204019509,26.314709930685424,1033.1382000240362
142.1682732253825,583.6941741295288,14.613982409956378,23.14330975321593,440.44907764614504
102.77034328532234,486.26506082892456,12.680780697276358,14.658221450341907,408.88879445200786
143.06726269833274,515.2639152542826,16.65949333491313,22.505525638097897,471.208375017993
149.73103714491452,481.6417443086547,18.652582204207086,24.7176083864727,585.2696964088943
137.77909648867637,435.8916144305863,18.965140680945638,22.40260503859894,561.5463648087323
139.14099434286604,379.9651124342022,21.971647889166793,23.407531523102474,634.8515997909302
97.4306115276363,543.349351904425,10.758891440964595,11.764193205885574,302.20157323424905
120.36916792004294,582.7342670172252,12.393556521345081,16.978436962799137,394.3069198125326
84.70791397771575,399.61446916163254,12.718445479028015,10.187711312756289,385.8898251361156
86.64425557751687,572.6140196621047,9.078812526662725,9.016067534857703,290.37116501963794
149.92248284233034,433.333163995407,20.758505736328004,25.452681684010685,597.4049695109087
102.86474745981377,415.3536747585733,14.859348123442677,13.314340481073948,443.13922530103173
132.37287384341926,381.7930931821427,20.80281852248195,21.464926896048816,606.9357732321761
136.46655371187717,283.7151046120479,28.85991295355562,23.575633419716155,841.2425377767199
140.06162897050604,201.4878643272237,41.70820791758678,25.35042061314951,1191.1917029353217
149.83398081815096,296.6024907424245,30.31005851159958,26.45718740572425,853.3527445500717
96.90475396798075,403.88926864142604,14.395740836681608,12.793977659441252,491.05326650889106
82.82455788017899,351.98398090390106,14.118464880273939,9.477723735875557,401.4174466457969
108.78340625962102,379.3940912010535,17.203758642931486,16.118281222194884,519.0814077285676
89.10564688802629,592.2592878256198,9.02702401326581,8.890564694223713,250.06006756334543
81.56981224134385,340.108948267731,14.390061653502762,9.41696310334994,396.3826090805042
105.22987789990403,380.8731757440431,16.577152385856856,14.639568985568724,499.7869169149893
134.86167757526655,253.40622054112782,31.93173647133382,23.65137209260641,933.1296283954886
119.63264838575496,219.18309297479504,32.74868880498336,19.857158968427946,977.8471367206969
101.89445924472479,510.1638058369979,11.98373440987866,13.764192105555548,376.6421494761976
125.80394038449037,428.27327002879144,17.62481329400263,20.13066053861776,524.2971938990727
96.24127262161676,504.281922417558,11.450889077311789,11.938391642112572,334.67417473043105
81.00670122504596,259.94511955462065,18.697800835154634,10.025131802083882,587.448923357715
133.50473705054992,428.73150847307636,18.683684461544605,22.007857984965085,575.6487168081376
123.66201594048064,301.4569897365502,24.61286753680216,20.88681074788923,698.8895568243373
133.3611837150672,291.22472676000797,27.475932802567403,23.090304357587964,805.0924584267599
82.7256611681366,204.6104056211941,24.25849093558543,12.14615093141396,716.7311750672252
138.59837394814565,252.13628942762875,32.98177527624666,24.88838944519527,952.2590975083219
123.36683400254122,323.70724459987815,22.86637127723789,20.72555705074284,690.1370194578469
119.4376745498848,246.7515042363756,29.04241858695284,20.061275628838366,865.0216082138159
123.72298336801721,594.3433761643751,12.490050869226781,18.26021031736686,379.08046901707814
140.51032728078548,323.45305940958025,26.06443003580205,24.089030149366877,759.0205735047219
121.0855554591235,252.12957868093127,28.815077412005675,20.122216426926826,871.9726740324043
120.66652659217254,279.63292513118313,25.89105554052293,20.17568707461502,778.4189826824368
149.3475409946036,435.0812913365906,20.59581195079211,25.82802211372012,612.2930286111838
132.97111169479976,225.6174095459154,35.36192848657067,23.76686936277889,993.5242513346246
110.96056638157947,544.9736520564627,12.216432772065456,15.777710546348652,382.07531385458265
129.51779000230493,584.5998716948588,13.292968022056849,18.72273293747801,419.4320257881428
107.2461330184252,298.69896826695236,21.542652184036506,16.041610203199234,582.3830629482319
96.02128237384493,380.03810743634375,15.159734852104817,13.151386191674062,463.00621156683076
121.77963138214315,208.85378041179882,34.98513586166241,20.54914066897282,1007.1781780177349
144.97274686797658,456.2840898908886,19.063484799916296,26.079203808385316,563.3356055780205
145.03976640108237,365.5704232210355,23.80495092406095,25.480497071584836,682.9477556499677
103.93336946738432,308.0233864406223,20.24522306602578,15.59104936131018,598.0225397592442
116.93742263551866,282.7348442466434,24.815637339734845,18.798213639153143,757.3584060027811
94.81451289989029,461.6092310635042,12.323996989589647,11.766107265157377,369.2923346637237
149.69417766492182,366.4868124129258,24.507432070367535,26.374201961957972,740.1624908064048
148.6782535507555,271.86371561196484,32.813114442156646,27.01625352949317,938.3023534118934
125.46562507952132,475.64363259472964,15.826843857248543,19.190152508521372,491.9048323526447
136.30898417742313,426.02891321467746,19.19714553862731,22.395022154006927,571.5447050382688
130.057011289859,543.4688219717984,14.358543419435518,20.609892919921794,442.47767751692976
121.52107533276278,246.99035955059716,29.520441742067735,21.19700228025658,861.9732976494254
83.73435978922284,514.2666407777824,9.769370962415381,8.93350608462717,319.20990649331986
111.83350397868628,469.4067147269036,14.294661810760415,15.451192220635523,382.2889572311444
127.23504115171875,246.00437473123912,31.03238500308548,22.188198449171225,875.9536064984144
127.42721297185793,477.9282919486883,15.997447539959262,20.65754177047125,489.8691493997911
106.11858328956686,376.61891555193216,16.905988346451085,16.235636273207053,466.20736495421136
145.91843906606215,577.9939142223373,15.147402297035082,23.89552361015343,447.01039112040905
91.71499225657467,256.64454024715974,21.441716742132723,13.798435985729368,633.5481046481569
115.02516123508924,457.1333563262952,15.097366181213774,17.043871574862095,439.65204634577043
128.3618783585576,352.7920181851784,21.830745324489946,21.54974412125132,631.7442155617691
128.79950641242664,582.7258682363511,13.261759612859965,18.93502531214552,410.02433672349343
125.40472697381709,331.9899581161106,22.664190390353532,20.841608036069776,689.2000426486961
99.27017494163022,584.87436379672,10.183743492932381,12.658223462981942,298.8616758375014
90.93445980806354,560.5943404402997,9.732648360664022,9.866967749696222,293.84350033804213
124.51582287786977,308.1532941242625,24.244262563876838,20.260506086327446,698.8247711787618
121.95114812976064,521.4167107305711,14.033054056770627,18.191212740989503,377.8559562160544
92.55492072024687,598.2416807214024,9.282695308889634,10.108313193212082,295.52501921930974
129.35974018993943,301.06520086851293,25.780410319777065,22.270892771498392,775.3449208056776
111.86203942135595,374.7108677293279,17.91173660361931,16.75385865266556,555.6953217540618
126.7432414122207,408.07229462670387,18.63540991355409,21.199650660262893,538.2987552124436
138.61569558391056,317.97245432154574,26.1561705172871,23.42589465955862,742.1839846670457
91.88099000038463,206.1059358584119,26.7476983477576,14.209437950868276,784.2853981121879
81.34014075977856,288.05169767901066,16.942821323084786,9.870681387122561,524.6994473824801
134.53718104770508,312.77475373670336,25.808447665368742,22.216390748534295,760.5360598517733
122.67881976068311,377.43988052727485,19.501726143401214,19.735231308364302,585.8633002484501
128.97476987354852,268.44099136536073,28.827513089759346,22.01773902208716,865.1798477860269
138.670848249205,549.301742676669,15.146958854361,21.44903012994071,442.82679625708874
136.19676543771504,481.9644530925344,16.95520462936291,21.16025313823462,504.0628235442544
147.26441028501773,234.08019102386478,37.74716937154343,26.948158981552904,1125.8798828185904
117.51545551964827,460.0369804559726,15.326870731544807,18.091463146796105,458.73290719423807
114.19469428619337,461.4625905622482,14.847751036164125,17.066470771856046,423.84826561703215
108.1321039923511,582.4884694574511,11.13829127911173,14.222827219479584,331.48797320261883
90.75837299909432,201.2083485424645,27.06399818592219,13.589937183924249,773.9848858654738
120.08250630174157,299.1729799223229,24.082891376003218,19.668026817241003,716.0550538178027
99.39087670281852,571.1165917501262,10.441742874068398,11.43201106319582,307.36735465077845
144.49152585490828,572.8535661593132,15.133870265343642,22.513149229681424,462.66212643916697
120.82335629939683,488.23456774825496,14.848193587353219,18.06193157790437,434.4861462862635
121.4988126355677,506.305328419016,14.39828567654526,18.08679570232137,394.08726852475
104.8447262613907,236.59318317185884,26.588608730598782,16.922259410915505,785.5116582170285
83.63925463843952,405.5503339112935,12.37418603483148,10.140491732839326,382.60102818980715
82.2220635761092,292.63319651559976,16.858387473833872,10.731374534568632,516.0946247501372
109.63346009072383,272.4872174454469,24.140609849929472,17.21158540710925,697.0752552717698
85.91957646680665,524.121319649333,9.83584218908993,8.56598113045683,292.6558606590906
122.47928688780974,254.015254672219,28.930377519064404,20.883275625972864,853.265388722898
141.66811039477602,387.46065479855406,21.937934906205818,24.459105056186445,678.9702922188933
141.80403715631056,575.4312958344133,14.785852439675047,21.34516934699135,447.6776113709731
126.13317870925627,274.332822226137,27.586894856922946,20.976006417987872,815.9454349363837
94.78622820310517,591.1973694952939,9.619754731049396,10.488252350292015,295.7380403682574
140.40977819512105,597.7151943044237,14.094650381961879,22.055286651625472,397.14319389591356
142.02654047192456,422.2468618729612,20.181541173606906,23.570144652512035,618.5440091532895
93.76575094670712,268.05709607086317,20.987860941816518,13.46989509639664,640.0395696954126
131.61982600394742,326.44195517635825,24.191711374754014,22.168685403924894,726.1875914389075
100.05636842489861,369.79713307061405,16.23425810699173,14.041542539165276,484.5483759220926
136.18482186470507,323.72968974328916,25.240469350716044,23.062893040863656,753.4071066015499
149.8066529932522,312.2542319506063,28.785515967056465,26.55504332028514,859.0373939882309
82.10182037305749,588.891883686543,8.365048591849048,8.0,299.28728200907887
142.81561060536524,261.3459309662983,32.78771781385384,25.80299187725455,973.4852789048491
123.58413735190607,493.3311634867449,15.030569300967331,19.082235165047475,455.61276702922936
148.13678334153747,200.16411577566996,44.40459752762845,27.0866120515936,1254.247357501225
112.55066622684993,438.47306776095076,15.401265140628105,17.336727734937238,467.87446496962167
139.31715513999615,566.377201581621,14.758767275690111,21.851922648046422,451.8240919897582
84.3675848018794,315.1736376372876,16.06116274844772,11.518866461800094,497.4999766798984
103.4695335054807,274.21039010308766,22.640177886749363,15.499169944935318,695.4166850230707
84.6911576425847,460.6719179513708,11.030560493360678,8.511525970114112,339.9424076317871
148.27401934353492,485.0405629193573,18.34164364948425,25.14473318871661,589.4723350590507
137.18817350902856,475.21220758079255,17.321294106575074,22.429773826158268,483.57189815698933
139.67831948721795,327.7267520085496,25.572215627409154,24.261552799091593,759.1824128672381
145.6575662003726,300.88096086373235,29.046217969173583,25.63525208058307,832.5233863726841
85.95724402838498,582.3675199848177,8.855979196500437,8.724447463030254,242.545947330846
106.99183147593334,569.3198033079718,11.275753717429334,13.776830732798786,344.7054182874479
84.97244223308014,382.92664395712814,13.314159812174395,10.142023997621003,376.9228722254614
94.755517108502,538.4775464617494,10.558158021383676,11.721178689971376,325.3316414444359
96.05560439263706,380.9293910537184,15.129670744533025,13.1291340955618,457.8187246091054
112.83750477333051,369.75560722900417,18.310067931456004,17.569941539145365,568.935425975366
98.79935172175499,262.70517903971785,22.565071328148665,14.65915689172254,636.0749482359995
87.06846747724327,370.56242259678913,14.097781453461014,10.748897835743042,446.2727617344414
91.72437623658755,414.9667754399228,13.262417378742704,11.088918437224269,406.5727998583755
90.30928944864637,209.0017309714746,25.925897081007093,12.98495471568526,781.3190250262514
148.11537585386088,377.64520207016255,23.532465135305905,24.209920553368825,684.7973234947013
133.15047548429317,512.54248735808,15.587056148725045,20.681602515095946,443.3413463494977
147.74330256886935,472.01842254970796,18.780195286124954,24.889284043677346,535.4358473606223
110.7818340555536,454.062795545574,14.63874624510184,16.283000133356595,417.48108325428507
99.48579371638596,563.822171374881,10.586933125434538,12.10148119824921,338.9257151970903
135.88052380464308,207.212803930092,39.34521068992015,24.56798182427562,1167.6674004571114
102.83777426288027,422.81903447689365,14.593161500892673,13.238446782188573,430.7362371107132
100.95683615937438,514.9395393638829,11.763342502394215,13.008825865205523,375.03590990355883
96.27541945454819,416.5341530805069,13.868070900194386,11.931124999854063,391.174943348231
89.07752847569648,329.55822103215166,16.217625194731117,11.178647907883025,491.3259477824745
97.95241427117361,254.50022603679116,23.09288658714512,14.546998447049374,694.4414772068967
104.87238239317213,555.0252287264766,11.337039503642588,14.277879892123764,321.5019302027165
127.17959457020113,388.3049569550412,19.651502092711056,20.81113151276732,580.2116376340089
84.37953895536161,551.2460787942805,9.184232835533825,8.642709136367513,304.2400986518783
94.73548577657401,434.3408489732673,13.086793839518156,12.222225265591137,340.9967752037222
136.63165482041734,469.6768466460003,17.454339824853815,21.86159536076118,549.2083005208609
90.28453465086395,521.70446175138,10.383411444990402,10.079597515143584,330.71944675408554
103.9851602565765,463.66221784005376,13.456152723547666,14.456901028754425,424.3940988292815
140.5261245300698,359.2219362715751,23.471749969717454,23.476937996737764,683.470488891699
90.84477178004099,405.4533535714604,13.443436239433609,11.831410198738798,375.24747476698514
85.79157849327329,521.218209870352,9.875891924184282,9.056682184498229,320.0543147458475
113.91765965560076,349.4601185491937,19.558911636933672,18.125932341750264,580.033609742616
101.16936578949755,355.24858270739884,17.08708280018545,15.006244301410277,512.8133005644532
119.43858551386978,238.27604642320046,30.07568422595087,19.234399086153715,899.197272954005
136.26634233384326,565.8337740886991,14.449438889006549,20.972983733052757,453.2346816446073
89.60039417069203,236.4145259781767,22.7398195098121,12.32132162808223,709.56578458638
120.64893591879995,459.28367097942237,15.761361904486973,17.47462399473275,477.9652657782545
115.38561322729048,365.27779152111907,18.953073398761934,17.415668719732768,550.8233791097385
90.08551502092396,362.24775610217694,14.921088702978318,12.957344607569699,447.4891189448788
123.67989398702878,471.82073462907357,15.727993906532436,19.31844408160357,482.2630514818616
99.15482925025401,226.8374930519515,26.22710062155688,16.143739993479855,789.5298198788853
114.14840229808087,437.48231318057384,15.655270925336632,17.392824783346125,442.56394065595833
85.75906269939433,508.8127143889419,10.11284430685502,8.983585953425436,316.2075414067027
112.17088400495362,531.2851031546377,12.667874556118104,15.457409939264032,420.0818928435286
101.45244276299742,268.2121557575101,22.69526729162573,15.672300501729502,665.0839315285489
137.5666847829748,558.9676200312695,14.766510243503454,21.864092657066983,465.530534092909
83.98851088981579,462.4584367389769,10.896786074276465,9.047263300007558,347.9456746764899
109.3025092442831,552.7419203282732,11.864760593446764,13.994860242612347,384.4225634985822
112.09019968920066,394.11228684407934,17.06471025099702,18.50599734115399,495.34660482291395
130.7504253409383,416.81333803888083,18.82143589110506,21.17679600668481,544.8375963767639
120.20013025631476,567.6153108114685,12.705802112822727,17.13345457813564,389.3631216775135
126.70486360359267,559.9638173418687,13.576398297131785,19.021621119984424,382.7967366236756
134.39344999562292,379.26434934760084,21.261178419770143,22.35969277043534,624.162889811609
140.3542081560732,309.7650526542727,27.185934685677122,24.63349151427757,801.235195891171
101.97128477057294,357.2681738257057,17.12516684796893,15.348237127242102,548.9347286739587
117.6615893754732,355.1057314118999,19.880544688645415,18.520911905507063,598.7849599664627
138.807565490744,314.7467499931176,26.460809935691962,23.565577618580775,788.2897886563459
149.26157916755395,307.4318417331866,29.130667466207644,26.703025197262605,874.158256429985
142.26635177306343,544.4251745918878,15.678887576759381,22.69979271825478,453.2756311833631
106.00270838370638,227.94476827386467,27.90220872883098,17.571298746452413,813.0195474946498
93.66165620530553,471.0444728398377,11.930294688393714,12.223350977532524,415.65659688033276
114.25747761846121,269.1280205825809,25.472816402646203,18.572960931845078,746.4177594495392
131.91490162852295,337.8023573576253,23.430547257347943,21.604987847080366,712.894759199457
114.47983495273084,224.61721365393475,30.57998087246563,18.361248728063135,910.9020585825443
113.82266043195679,307.9894547421848,22.17400472894178,18.070317583996,625.6665400230002
138.67612947572604,507.36842844689687,16.3994590558455,22.550422919789956,499.04276187190027
105.29826453470304,554.0061298189034,11.404017991908159,13.56634596642824,355.2829890240835
140.1856272368152,288.6108607609468,29.14352430131091,24.480830847003304,857.8294837668832
108.47633606662065,385.4191357035687,16.88701873122117,15.755082153675222,491.4624062215833
102.97631739748375,388.1296191748826,15.918854780998032,14.662697962556768,456.97891103640563
111.77929378397893,549.4301223038937,12.206752696622594,14.197416707885065,365.4028821681616
133.3712871072408,505.1196211503222,15.842340885928468,20.547115647378316,475.2096263696168
88.8201419504796,405.23088734721995,13.151042241413526,10.725407984863043,425.1787136560559
93.74934511104122,468.29888018870935,12.011475885647634,12.287802335358213,405.77759339769136
146.60113779641642,538.9420215637467,16.32099171310318,23.640524817458108,518.5584221301175
92.28441391669502,203.81558161021798,27.16703399836683,13.792623634695303,812.849829178848
119.74091225517381,361.15601242001947,19.892939583558718,19.153446332028988,570.9923684649928
120.55201266633566,562.8972669108315,12.84980614611145,18.074258286663703,384.82953813276265
114.27371234351713,496.12521233758054,13.819944179627145,17.11297826961333,424.48885371505816
125.1321674003773,417.13654973362986,17.99873458419542,19.8339219568125,525.1602922785588
96.08787080583329,411.8578108140534,13.998210297273971,12.529063836988309,436.847764780737
118.68635874437237,339.1080390417751,20.9997425740328,18.647183404058683,636.6151502916316
106.05212786728279,408.2082134566058,15.587946205578724,15.129770937986203,480.7370701105773
126.31670817404324,462.1532797853813,16.399326418200896,19.532131905398355,513.3321382983252
89.88564803612046,367.34521537151727,14.681391390147375,11.918529758346766,426.4247033621971
119.96141917876334,485.6612585568696,14.82038153941606,18.184823460985495,467.08187571388123
92.96892487683266,544.4928909041544,10.244643384318977,11.102758074959493,305.83042196244475
99.50501441805255,261.8739392739445,22.798377271278085,15.58576399952858,653.9691177489054
95.30968602265082,380.6188091269698,15.024431331903518,13.787797288638656,464.80604913849385
92.79864459081719,363.2080365140324,15.32983336186152,12.457696674369208,487.0699179726492
137.7997666092467,474.98592161989126,17.406802223437854,23.007687416203733,530.9226247732358
99.99952973626233,299.94698610317175,20.003440815077735,14.559505973668573,594.602843771119
144.89866473051146,456.1003659809105,19.061418346229875,24.966255263843166,573.8976535091175
147.89485677416337,550.9956966925952,16.10482887564275,24.787966946709194,487.2759275869997
119.98823289559681,367.2526399174491,19.603110205971735,19.55038048857995,560.4093800662016
90.01007858660086,564.406279991688,9.568647456005602,9.947083376246193,275.88011816603046
106.21837703657069,597.2654955733914,10.670468442306191,13.256723115928114,330.14215063549466
135.841258434375,242.43681997918083,33.6189672293277,23.370436080399664,978.6888458950637
105.71735100879494,293.2212751939435,21.632267496048023,16.18208305852699,640.2203648621432
86.09120528119522,580.1519005928373,8.903654907608326,9.561113338766436,295.5531878519158
118.97494376497315,583.3310745925547,12.237470172293646,16.698731412072785,371.4774052534937
139.15845960472242,239.0829101547034,34.92306317871331,25.30628086755742,1025.0259518602954
135.71484710004518,205.99940015085468,39.52871134595353,24.78628591634895,1140.3977529213403
92.25861980912472,264.4400093025689,20.932979102318118,13.00897602749323,656.7950403348918
127.09352300887267,598.4051133528993,12.743225634897415,19.37299348954364,391.6244077027198
95.4352984404953,271.9998466442747,21.051915936991012,12.409792116585306,670.4871345867006
95.27452741865206,401.01904268880924,14.254863327164005,12.05287073002767,439.56165182117934
141.18502413136295,539.3670905722045,15.705632760973504,22.253718700605784,469.04738551893143
97.47682669181611,208.16064427528255,28.09661558202356,14.530510170696308,803.7994808473084
98.42731425626079,441.7955929033838,13.36735574152083,13.2410697217712,378.70456623868046
80.04573735329097,310.8101795478497,15.452338942644152,9.875092323781741,446.36878496921867
140.94683238878622,544.9339665758926,15.518962777207243,22.79988196093628,450.4791445368174
135.48163692463942,313.3844597056317,25.93905971953428,23.63922503534728,769.0086108919362
123.91302545634747,474.70228811276354,15.661987973427983,18.570059423185402,461.5702135852749
132.51860347571895,469.68785297895874,16.928511474405393,20.597632412912777,511.45008356094775
90.64339971971442,288.597419543856,18.84495014466476,12.734461398094286,587.2464806009073
112.08265162113028,213.91967994734006,31.436841617018498,18.165708480328377,913.9683453106624
104.58535711441466,363.6998295141589,17.253572637763877,14.504604607494219,558.4362640592751
86.56435683799116,315.6772607863479,16.453074248495533,11.775204734826719,470.82475905416317
114.02913396504468,523.5910998454834,13.066967792083831,16.872072574414243,396.1029558064701
144.45177552398448,520.145675382138,16.662844548446092,24.466429209282932,489.45402095072944
82.80413833354861,382.80958087705017,12.978380239674843,9.854468803761982,415.3534404598804
100.40226394456558,442.6048901292876,13.61064003362965,13.864357734752877,369.6083087909111
94.52786553439924,441.7038063947701,12.840441603518652,12.799642272085858,363.88179991507
96.67026575659874,530.8632593710494,10.926007484993109,11.519059473677574,336.7581717514771
143.59041863155628,370.000965649279,23.28487198073929,25.381668033783864,717.4969210234109
112.76483379640031,310.1786719162036,21.812879608988265,17.920596616199926,649.5898486885911
112.64095890578731,306.01396725621896,22.085454448190355,18.246743052877047,625.7075949687385
133.24029497186976,414.47691171288164,19.287968695950223,21.973804624959023,550.1224456848005
90.8144542803448,379.65928109288507,14.351992768715174,12.407534321341942,468.7127532145246
114.10857478700356,376.0483083939745,18.206475961719594,17.63274940679717,531.2286191118474
110.09896498847418,236.4549356358829,27.937407529868352,17.04828323321979,798.4518175323125
121.78374833826592,487.4414962760782,14.990568008919343,19.132816667789246,482.7588506357134
149.9690392275307,285.49467519276425,31.517723921037586,26.68137116238425,938.2210787384422
133.8614225857433,278.78145208348855,28.80997030153676,23.880429958371078,867.3310720658974
107.8505992112199,365.10332811095736,17.72384816691291,16.03517301037285,511.07769564280835
137.9287136591833,291.11133664712054,28.428033462615257,24.731353192753073,800.6066829885011
91.94958543187361,433.54330692320616,12.725314951960826,12.121365172082221,392.16976674334677
82.1324580416272,348.5853357337886,14.136990221129269,10.11863517186317,435.9090362874634
94.31138607249912,379.56468903711607,14.908349822279195,12.874582298934856,458.1912406287536
103.82880892799818,414.8677286416115,15.016180111375974,14.854907035254467,483.49535882181925
115.7406530221692,281.4142089927219,24.67693158133942,17.766571807766613,690.9424565138745
123.05903983788399,262.3006491462119,28.149157900700796,20.804478560386958,840.4599716477491
143.74240020500952,552.1687611494419,15.619398667803988,22.667348361478858,448.9632951682838
115.68978066853204,373.4894811325684,18.585227136954114,18.018485911226207,571.4175155305813
115.08929512380107,364.83744385301566,18.92721765206224,17.29154597071663,554.4213611627304
83.51701068760875,214.2448601091366,23.389222213797357,10.85980606550763,673.1245377748778
82.44380868593566,399.1905210349573,12.391648249390574,10.327488231048463,367.92478450413836
118.58119733414605,421.6678886444,16.87316495197684,18.745456659408784,477.2428465504533
110.67250292738412,423.53634838186656,15.678347799457368,16.246742348956957,473.3621817794055
138.7426276486209,482.81246772915375,17.241803423326534,22.711845052342582,501.06868055188716
91.24757092982917,270.9927339964047,20.202955906051656,12.719265241255624,615.5236248256327
81.74801634819347,300.8892536922475,16.301283348285907,10.522905041062257,502.8733350012839
111.43271375510881,524.2921860921651,12.752360234739804,15.191608878583057,424.030163556259
96.62349897265803,578.8682467373576,10.015076783076452,11.893401994252772,320.613855040248
83.47300613371863,254.37309894692825,19.689111736882417,10.954022094864818,595.7605459384936
130.72188007933403,399.0598218020873,19.65447879303147,21.190093182560954,612.3750160087013
87.81150999700732,285.67050109583477,18.443243455693505,11.876988116448862,537.756595087182
122.58236500054402,224.02926734199298,32.83027252329901,20.676697644906966,925.1463445737941
99.67348251168224,330.2013352504542,18.111401476208016,14.54739426151248,544.979447961082
92.14472352485154,257.4750500736851,21.47269574239863,12.916764893916286,607.0534642624831
106.58260660435222,483.97322937369853,13.2134506789492,14.933640209406454,452.31289000919304
136.10120433560675,413.49016546857774,19.74913297123379,23.201266197959328,616.1449137595446
107.44655038332009,257.53378839612435,25.032804678363608,16.588687070471416,778.9054263792947
132.5538754447739,203.69663536220574,39.04449630473421,23.54230267180446,1130.9210083556188
88.78404077594055,523.262819609685,10.180433707348074,10.199198328560378,328.94905533138495
134.09399937655553,270.477762465699,29.746031205111176,23.16785293555606,858.9849017417481
96.5853327434654,442.48665688830636,13.096711221443098,12.845854621650027,417.6095875116542
127.4175190922211,334.76876523069825,22.83681137415808,21.44322258140859,649.5578421235936
119.60470883886975,434.1943753260142,16.52781090253388,18.891435778637213,445.58090907311794
145.04013020481813,326.2614507929296,26.673110755620034,25.273257390687125,765.9414725874486
107.11257625827199,234.77582427690166,27.3740049482966,16.599494543818714,772.3572310181435
84.63156321841083,289.1800034231014,17.55962975654007,10.898683544396436,555.0188079331901
81.3408839885877,275.22342659163024,17.732694849980046,9.884783822982277,566.6408746915041
137.88009926809272,371.2077409758575,22.286189222071226,23.693292372789188,630.3251602566905
116.73149463630025,463.31351337046294,15.11695531439797,16.800389120197625,482.60005996170156
134.26708362844644,305.522429978543,26.368031369325536,24.279684677039178,792.2037379743633
96.40979200080602,204.82797412024718,28.24119871757574,15.3558706246675,794.4589703770209
104.15586218592637,407.5749457059028,15.333012485181017,14.79590592256495,455.0365015436264
82.10727105479232,442.3037957435888,11.138127935360247,9.488208281258592,333.2672270228389
147.30446272018787,585.1481976007238,15.10432365587165,22.986455222280128,471.37041982912535
126.75075346905695,435.78832123729876,17.45123684487694,21.3547006919801,497.83638818917615
145.32435614315142,388.4690237512567,22.445705668857407,24.79158497707131,660.8923174631597
98.58474852003506,429.36065035908155,13.776495135861238,13.163243729875571,405.34973950115875
122.80245278579626,571.1602519448109,12.900315002766916,16.976507901074125,403.8947291696958
127.49499778048465,531.3512582406586,14.396690980195988,19.65975560065448,432.17415154098626
102.2284790180312,329.1914933455232,18.632646544860318,14.467355352107958,544.931455358686
139.36764645109412,294.90174546285493,28.35540621823451,24.513986909060954,824.800392324574
146.30130240301736,305.05344494642947,28.77554176030552,25.805030455448065,881.6025133798826
141.93985823872032,401.7684158860852,21.19726478633378,23.59580684294267,619.4222872483614
131.73468831575607,497.61978049143113,15.883776346550336,20.360532447989584,457.51069769952403
99.42252758074679,401.28768287318485,14.865523935679782,13.794909781018072,461.3634976940074
99.71312294739423,227.11855833124503,26.34213346897858,14.67913311174014,769.5772268304064
147.43522243122266,489.4322801759924,18.074233564431903,24.32343236077777,511.6276272719428
80.71991471549845,522.3880514683815,9.271258922014319,8.324693725443504,336.9990883916073
130.1234981269501,315.79914604788786,24.72270740856623,23.302892503522845,719.8555578506189
129.43723137886835,465.65029571334014,16.67825394770733,20.723974144448047,493.1162437823414
123.58826786648582,370.63676042175734,20.006909362015488,19.442522377294825,597.4810151321058
149.3076192260806,555.6477422909771,16.122547563368922,24.37928096912805,519.6480214041308
101.83156050346076,538.0902232642959,11.354775400196456,13.059968211180912,317.36829993034314
103.79803046552738,410.1727993238569,15.18355638939954,14.503534296180955,464.1584648030221
85.52575820625889,476.6022183254378,10.766935811598689,10.03834165582678,376.17703137995585
110.99586955806163,553.3398804088415,12.035554293616183,15.269691766011313,372.68309972111086
98.27339683643936,398.2868040313102,14.804416692958856,13.880305766520918,423.2696479495755
104.0370691524351,325.3002961955288,19.189113020032668,15.343117382260704,558.9177550030109
138.42002531789393,501.4664551638325,16.561828679767366,23.035103098206818,501.53709415518557
145.4839159469247,288.0265019138767,30.306360348137567,25.94602358216864,910.5484398487738
93.001315040363,355.4124592024168,15.700290628370395,12.029725730828334,466.38397701413805
106.07562520874261,546.2908948427175,11.650455046220326,15.102893715032458,375.81154329566573
145.0041393480776,489.768936107726,17.763985666438863,23.1844053508756,502.49993033049833
84.32659224824559,361.5244020989997,13.995170189118292,9.957466204692814,396.34378838215923
86.4652369677965,285.89780096334295,18.146044497673387,11.219462385636563,532.2958072389791
91.39536924443605,342.38735633289457,16.01613509739092,13.491638540869602,510.8136578736479
121.66489838888123,313.6416596909732,23.274631024862444,20.844122810801235,687.5588563786647
90.53305897041983,270.43571517754157,20.08604349709905,13.419465201165076,602.3059951118686
147.76534670155135,497.33316542626267,17.826924521500853,24.54264505901318,538.5389073861943
111.27001690809642,300.8279547400686,22.192754726715403,18.712438372166194,677.9402739481372
115.10625722451164,381.66698806710554,18.095291574592256,17.900008323450372,528.3200994931191
97.26610310637845,354.3437787344436,16.469785944108146,14.06247302344172,508.5766583188742
112.96721767043135,592.8309514542523,11.43333195339908,15.380485402917081,336.554773146016
126.33395428459082,356.4368976592882,21.26614081441443,20.67941836091068,669.3627108454798
132.582399586783,231.99299311870192,34.28958723394176,23.234232870517882,979.9435116696053
132.7707657896939,235.9303010288336,33.76525148589566,23.266219987655855,963.5578268806665
120.45237788858618,436.3014885412259,16.56456111914521,18.84358156223213,508.4696833186537
143.30518424957,439.7454206953063,19.552929150186316,24.312529184708012,583.1129413835607
137.21854931142767,367.503596193062,22.40280923498917,23.265914989361857,668.2004558802922
132.99336802890377,372.73747692481186,21.408102419880528,22.95017337135919,638.2358729122924
83.89238651763225,221.5730331363485,22.717309592275445,9.995321849781831,648.7001533029235
80.48145735537545,406.61860415570493,11.8757169297483,9.230526714235724,397.8806513715687
94.87130940368311,401.89579015214065,14.163568526224502,12.916060145562442,447.8248106269402
126.44665157394166,259.8197274227778,29.200242682463003,22.174278161135085,880.0043793084169
108.7838242217782,241.53575444437104,27.02303627188229,17.388688440277036,781.0299067476858
108.16843815095183,249.4289962397962,26.019854896171125,17.302744218384998,771.7148574067863
141.92108217607296,240.4112985965034,35.41957046226872,26.074202103591876,1031.676847577848
142.6893993692287,443.8832782147039,19.28742167667924,24.68584851531924,596.6104464206093
143.642268483751,278.59306096116745,30.93593242879219,25.510891481510203,924.8425715599078
101.97146535605191,300.57206087498537,20.355477829683736,15.348192904952557,607.9479998770278
128.37390689174833,269.4288576605759,28.58800827938171,22.82766549378505,805.248692030665
99.01432268920587,583.1341217794012,10.187809526947508,10.884167735643686,353.73824893407965
93.34268831521149,541.8469852607342,10.33605695197829,10.57757295163876,333.4338731660335
92.92427201431585,292.1979349406083,19.08109419730228,13.797810714575556,556.0791736110002
103.94753346045158,331.0265175688504,18.840943781278455,15.973088373807503,569.625086486337
110.09703338458752,283.9571369219989,23.263447697353794,17.623808728037467,655.6449875988044
138.16644197385477,396.75038378432953,20.89471581440904,23.02745176729489,640.3588566536602
88.39237654308985,207.84421298970145,25.51691248121582,12.268015999749176,719.8160684440652
131.44480931764258,468.5472035587183,16.832217755558958,20.6572752189532,500.58681626405473
117.20184399325137,409.26325992705665,17.18236482025878,18.757051183427535,519.7396651830121
100.15617398731948,559.4555713204413,10.741461426607476,12.125747505561298,354.4919746805107
114.49737091729773,265.75707373136567,25.85008240263092,18.659227466443223,760.7408243591948
100.99594488439158,521.6436984244526,11.616658480426564,12.609715192764336,371.02731517798344
121.72573686668142,516.7844057866863,14.132671439423381,18.550076872077494,428.52171978756223
110.36907459986709,250.87247568675477,26.396456836741983,17.457677817839894,773.3317193036231
91.50838703552151,359.42368965765104,15.275852371781511,12.063268332763311,462.94390220633767
88.16081521889878,268.0610564578068,19.73300032101651,11.268721653714287,582.8000963148842
118.26869774504911,301.88820018301953,23.505794066813234,18.404430627206327,658.9508804961836
143.16891233002724,305.29846993221776,28.13684176572786,25.308400416287494,807.5532381576951
104.07703805903799,422.49455761030913,14.780361476992212,13.973473252399012,452.19532747573896
131.31000750558363,364.5643727041862,21.610999428975603,22.907443053101023,634.4131824093506
126.10629484578368,579.0931216025222,13.065908415227957,17.61493686304183,395.96865262541166
145.20884400166366,250.54805677880205,34.773890295192885,25.89858856480853,1003.104155170519
137.46867121093987,589.4768539400795,13.992271651593663,21.355198768484087,407.8646733073375
119.66236812338241,292.2554560857056,24.56666569570371,19.45794874784103,712.6548380642635
125.99213487638751,509.1495745527412,14.847362092414324,18.694586510591925,443.0474319121629
142.88705266088243,335.58797046912855,25.546872695311986,24.48386855902694,750.1857273318881
107.96631492108543,257.23255816692557,25.183355254203004,16.583564235221466,747.7273506509639
102.87562941004441,543.155674098496,11.364214826343387,13.112041713721444,347.61766250235905
80.75677585446374,323.5443596945853,14.976019226055188,10.76639037286011,432.20914370090645
137.8585751934025,463.54216169073686,17.844147081323502,22.6143075219439,505.50001902971616
136.06864902823554,426.57747403465066,19.138654614075953,23.059005457528556,621.8154111486022
87.3118162670106,388.7025237563497,13.477424652134275,11.070102253312832,388.0614686813933
120.38001667928901,398.32778905941564,18.1328071983448,19.41998683794195,531.2070527967344
112.47871887168212,492.895165636915,13.692005121576479,14.669284603782614,427.0323509045697
88.3096366856378,235.10916564937622,22.53667221566411,12.29113901312731,672.6452042754635
148.63977589425065,467.2722647831621,19.08606015337465,25.846957897462847,578.8048842301409
95.02871212243488,558.3248405594315,10.212196042778732,10.903189136887491,309.9764837203335
84.70639260633928,223.11527880794566,22.779182060208427,12.546266670705702,677.0191776426393
121.63931656513367,256.2613356934667,28.480141080034528,21.192397261300922,833.8010743832012
131.72066739931228,486.65277468081257,16.23999791050681,20.62333133345952,482.10607593387556
82.27104122330309,374.91265929784703,13.166433170443044,9.449290892916748,406.82005354587835
126.11023471089155,361.41944832547534,20.935824338482742,20.09751506635691,641.5151876647456
117.26043131660181,254.78665381769434,27.61379284815389,19.07194635582406,807.7661718573576
87.22855062125339,402.70801628711524,12.996297132421045,10.053882107382504,396.8162361143887
92.07667138624535,250.6181244785509,22.04389764175872,13.444782432597554,672.9330764295721
119.75820081212564,390.64818252421617,18.393768024972474,18.051165613175034,568.1456750303906
100.74503294593019,505.44611958466265,11.95914211730993,13.372397726138535,399.6383405653758
145.68210100559213,303.3057431548654,28.818861025893874,26.25463461031099,806.9753054113739
137.31181606388355,392.3144672718909,21.000268027646378,22.250850256818538,640.3225889481093
148.8497044559564,596.8063877587342,14.96462244798867,24.85496411507198,464.51334190282574
98.17695872652898,474.6601693416149,12.410178700611041,12.972600910356059,362.9309164386086
147.8806542958584,536.5427085220795,16.53706054862243,24.75855143766159,501.7346559601309
110.18637088540905,365.9390426242183,18.06634844348529,16.267920593130793,560.7329901961288
104.32631567196282,507.1443692503421,12.342794911773629,14.247251321922533,362.16577393831585
83.52446688785473,216.20366917652873,23.17938466242891,11.999696016087452,692.3540302217611
83.69356805017219,249.164473016898,20.15381254882903,11.132351570688575,615.8426913417051
128.44078791626583,281.22823716802486,27.402821823939373,22.89967104250224,780.856716742108
112.05502961038195,360.7807698460878,18.635421670315562,17.175266473293124,552.8686995238697
95.8565138225274,538.2979513303053,10.684400368119793,12.143156885997827,338.12983869935186
122.97792144276629,338.5064203151722,21.797741028651497,20.18650963286446,628.7246446094033
97.70006827750778,461.84847740618517,12.692483321743136,13.006489608973585,371.00005989698144
120.43422280410958,483.72571792139337,14.938327859220474,17.27269409743718,449.04137493478225
105.14461228878832,434.47294163533655,14.520298349493814,14.976417062296326,456.01895567527674
137.64865586282733,342.8967872680545,24.085729754339614,23.24124790959209,721.8663049027534
137.44873125367457,430.8213366854177,19.142329251074937,22.345615158137544,552.7417530182723
113.41452786856809,336.9062371158985,20.19811722800832,18.574365390443113,612.7049413677665
104.5573376534511,233.54949542080482,26.86128800194454,16.346574179073116,770.3289359108726
105.37918575913662,597.1215912744058,10.58871633171709,12.8841493720651,297.21618469928046
136.40001679677525,250.87298145300437,32.6220901127195,23.949688409805873,941.7139923348809
102.97256379583284,228.93935353442293,26.98685801443483,15.454926046573997,813.0384827937145
94.63415615947922,551.4122996828623,10.297284577863804,11.871127656416093,334.34295288216543
85.92818393127148,320.73386435715804,16.07467002653356,10.739751132919007,483.66780574001666
112.66851846190859,460.11878962940307,14.692099649221808,16.675371955211393,436.48356279272986
113.74924692438893,331.6022918648931,20.58174802435947,18.51039120862493,602.6550629393987
138.8636097282035,356.58170831778847,23.365799168438638,23.534397221452913,690.9209532526742
95.48670875122448,304.8451888067186,18.79380989248927,13.847382942690844,538.7999632396471
106.66938915678799,337.21760231720407,18.979327607539773,15.525527585816633,558.4238193911667
136.58840172255836,364.28016023461726,22.49725622739173,24.37854290349464,660.0081200559807
137.65365275242814,488.16642763693716,16.9188594249015,22.771670387781608,480.4186119451363
106.92277531851377,404.6144776939167,15.85550412252903,15.400452281441474,460.76674664240215
112.13868163006767,577.4260868627907,11.652263468662543,14.83898916836727,367.5395008429344
101.2300123594498,216.7521575355102,28.02186981955151,15.729184226637868,819.8766268161872
145.27884148935186,401.2273290528112,21.725166403641907,24.79076429555794,636.4310467219927
88.30506360191062,433.6899155326872,12.216801973840925,11.63277741074458,356.9771459171372
145.36245961010292,568.0787944297095,15.353059579282268,22.86797388817854,494.94262647068683
127.87065162847404,219.66340944857103,34.92725127488616,22.37957148334388,997.1245643720287
117.21005068807119,429.3998339740864,16.37774979137202,17.79479794718587,497.25451001277287
82.28613425491471,541.4519714111827,9.118385962151313,8.14810644623982,278.31258424002993
113.29173342754058,296.77109124769464,22.9048724964219,17.978760489337915,676.5083526469477
108.54236735019126,550.516939409575,11.82986675758992,14.524877613099331,373.4762384025538
91.28531683825858,207.61736370971673,26.380833049943885,13.859006848556199,746.1309239499433
125.94867224504598,492.9818516534919,15.3290031049954,19.685866575858167,462.5967728063692
147.98056351578,573.2452884674613,15.488716592305291,24.287645494494914,491.03524024590774
119.35321677451677,462.87906465602487,15.470980550379046,16.51298056037257,501.9519202954225
130.0327293510762,375.6116975921792,20.771354595925185,21.59130090541687,613.1822690946033
84.79153167962117,217.95240658908722,23.342214845871762,10.904582409020653,688.9156251769856
109.23668970718964,568.0455253290515,11.538162154582114,14.919195688260356,400.34719206944067
88.1450939615147,388.1184890766299,13.626523308057822,11.764056977032574,437.54930710341796
122.89570848755574,211.59869773437921,34.84776885777263,20.69801168609179,999.3031995535869
145.69375107499081,475.9284285315048,18.36752028340073,24.26008617603647,535.8006422617581
126.3244412730147,392.73490143050327,19.299192531077132,20.075687606833352,593.512410977235
85.37621338200951,249.73812697696428,20.511777136028066,12.208053140266859,588.2617949118008
104.82663434895579,285.70872372410383,22.014021759485832,16.098111218987356,672.4842012033993
118.5464365608596,225.7962721823385,31.50090178595929,20.82792190190851,924.2120545609956
108.22454292932765,429.71741588342945,15.111029564417654,15.798034173989144,466.9535151851195
138.35508073326207,448.8117917008037,18.49618258142761,22.951155483118708,546.6639624610194
137.02697032969925,402.2969193421777,20.436691966783304,22.955721761300573,593.7744460482456
122.8281714072255,526.840853201046,13.98845636145306,18.71838299754885,454.2692016366593
106.14205615928937,544.4035285232054,11.698166958677053,13.178702931557272,355.68554806880246
97.8735461634271,446.24975867325065,13.159475508210807,12.939354338777283,393.49748914532967
87.41120227491905,205.1025918829722,25.57096957354716,12.457242499180692,749.1577916997926
104.84283784405878,478.09186229909426,13.15766020444863,14.687092011178834,405.52558214389086
108.92207620454036,367.1996867681406,17.79774005199246,16.231115985928472,511.54006775738907
127.30760475728516,426.22299329055477,17.921267518831392,19.796628288524627,524.333062499675
126.07118770083014,459.6322408075538,16.457225125808655,19.715112023066443,482.09707093256105
84.90756977488799,340.09464573083073,14.979518938164363,10.121033412302735,469.80627615297533
107.66815208018104,566.8394020687176,11.39668326025739,13.258475522683945,334.4225159877984
92.72452070521533,253.58994669991247,21.938847792323937,13.726547207230087,613.5002164074667
90.9768893721764,468.60472291241496,11.648652041756804,11.288955278538182,319.8859107907271
137.91115048160722,201.74383198263217,41.01572250104175,25.176301206227855,1155.7006084459188
82.93406517013803,569.8604421620723,8.732039534677966,8.762140221730398,304.43563726636455
109.3428013131485,245.0016532952366,26.77764819359471,17.194916047310336,785.019688758318
91.77425590365627,237.95369205902986,23.14086958084842,12.554339468864962,692.4446164773879
141.5531150974932,333.2030532208977,25.489523051335954,24.621189162075176,759.199793994876
118.99283592925246,349.42651441563225,20.43225073430703,18.787927459476613,607.3697211890695
96.19664454637936,285.72002892915145,20.200889291572786,13.506832391992038,598.2439155591638
115.16991010164635,434.0486643708499,15.92032224339419,17.220467762475305,500.2490988306017
131.2040451792181,377.1656392167854,20.872110002121158,21.40970647351036,621.5359778086059
147.06826062436036,213.67023561643498,41.2977297095417,26.16965157910952,1221.0209561727977
95.43122029717932,327.86082490212027,17.46434091215431,13.140144816749007,535.1970954628212
142.03272404905417,524.1731654292682,16.257916286050705,22.488482783297474,476.49669036382977
145.4012879917243,475.88061394474744,18.332491435585933,24.435300337040637,537.2525261011084
144.14943811724464,489.9483414319522,17.65281266542651,23.557052628243223,513.5315292064
124.47900498033368,479.24676963340943,15.584331021225433,19.699257254835103,494.26056066447103
124.08744581042953,324.3892085532133,22.951585787430542,21.241785141012855,668.9954501674439
108.2247443228676,239.86556883071034,27.071349552277574,17.638331963769925,776.9857669983845
132.66785176126515,308.9868736132384,25.761842283434994,21.913180465116525,762.5239439671494
117.19058128456524,532.7141200740637,13.199265069407826,17.62261838192759,400.8918372181274
127.42066498598061,592.1883191132284,12.910149782432706,19.639051511082947,400.595856009091
109.99205326941568,397.5388058966245,16.600953412032617,16.32466390356198,536.2960135425476
131.20475248301972,203.88014196921688,38.61231934088897,23.93559110934386,1135.779515133326
137.71300623231843,256.0179248536916,32.27422602796697,24.130070639930096,939.8142082456994
90.25053796219713,328.8322301265063,16.4674620722202,11.144703424090173,466.5771349845272
138.30508009019596,431.4341394371799,19.23423310041521,22.593776799440846,562.5553392147569
117.8207572253215,230.0374583221256,30.730844815804296,20.611786234331372,910.0909198688278
139.1266136363157,577.3429194839526,14.458645869668393,21.118200099164632,414.83150824597624
110.19111944387103,346.0334693137603,19.106438402458174,16.827202718269614,611.7800670641941
106.53283397681246,565.0336871699292,11.312546815790853,13.975190835682083,350.0639572016983
144.05425127620558,512.2087211028087,16.87447854843825,23.404973050586513,507.1689602689741
97.5818487283881,502.17490900623244,11.65910685440204,12.100216158504791,346.1889154276846
139.09486277003003,442.6878319128928,18.85231796442052,23.103077625027176,571.7488712469033
113.88144007565829,450.71352682073785,15.160153840373065,16.51254091630453,434.8205695385093
115.98668097858818,455.2012940864993,15.28818337979697,16.560008580208546,504.87898984122234
101.59277970426388,451.4885548102328,13.501043863266673,13.871815446662975,437.6690306421241
120.1129540433311,421.4912925593445,17.09828262130748,19.125734599757493,532.171889224716
102.76478373933479,594.5656073931556,10.370406474390814,13.200570921266063,295.47154463381304
82.74885899691566,492.91622697027844,10.072566631315855,8.352256121160615,319.01233876530796
99.03990237410493,510.7785553570085,11.633993009539841,11.977589130302814,382.997278894706
80.44653303846135,548.9851260334697,8.792209029745933,8.0,290.75910800472485
148.48483509397997,286.25590509033964,31.12281684748887,27.567151421111596,886.8511155238602
147.60230468738234,233.5216636380243,37.92426853797429,27.36326546546986,1085.1663987575068
107.66087082306134,393.1577746394395,16.430178076238615,16.13330579288403,484.65835442157123
130.98595980377522,405.6322782477093,19.375079375283658,21.850785167753617,564.4468056710473
104.20642688872975,531.6727119799671,11.759839225225027,13.896362903478632,392.93025914752224
126.97652099601832,377.5134317129343,20.180980648006102,20.732940881101758,560.7593945176709
136.38010301321853,428.3412102177251,19.103476353895076,22.859447482251824,581.9957432187492
146.27293712845685,410.8283754053833,21.362634017300667,24.845820281802123,606.564836657227
108.01485930947703,215.28111350295643,30.104320128758626,16.760889866847034,859.0254215240718
134.83085880692335,446.0859586387656,18.135185319667176,22.349173799136626,501.45176460401075
98.61499154424831,531.2173143097009,11.13837846257649,12.933750627604239,333.8964583361901
149.3232612655554,263.00021923032153,34.066114857825134,26.639497903066548,1019.8813270683943
81.80387191350458,437.7326935706383,11.212852928058064,9.431962091963547,352.2684525682685
122.24701645507847,437.44421777856576,16.767443000052623,19.810826430473675,479.2146361405719
126.16541871559289,265.6739856225435,28.493287008124874,21.477855067641023,853.2868531735152
128.16318899518902,249.3854294922944,30.83496640267407,21.707812892188308,923.4242600376359
88.42713051523623,592.0207771905939,8.961894641758647,9.323886050266067,285.74994197986666
145.69708484311911,357.487667861215,24.453501131627636,25.18172776415878,760.0293208415779
92.6828295335058,290.9686914894117,19.11191799896007,12.708200963831455,585.5460445100739
123.59273822678887,268.52981778175,27.615422208472943,21.037144611935382,821.9090484332422
95.58732553861594,467.040685433294,12.279956995601196,11.345546349420623,360.91420831241487
101.50514919148895,443.77811893091155,13.723770261952666,13.090126490256349,430.1336351028972
118.25209792096871,457.420849194967,15.511155400426357,17.817892929684188,472.1875319973418
109.20353929952036,235.2024110045809,27.857760173400635,17.57015631840609,825.467768772902
91.21579206835544,557.4138333993748,9.818463762775115,10.431253339574065,294.0663100482786
91.96554816945938,355.7065587236193,15.51259810886688,13.195545187795952,470.454256944715
109.27013517139598,325.34776257214315,20.151385269877103,16.839223414232844,582.0101262596659
133.00980847928506,384.9445788990957,20.73178568089156,22.388756214831393,571.7271230506869
142.8575252793452,356.0264262990513,24.0753238625072,24.283990379209047,728.6650747963231
85.8889363581568,545.4308012556584,9.448194289038506,9.441093164337529,267.2972768575453
107.51727352915808,571.7043900791568,11.283867193771748,13.877049829336887,351.11280772064816
87.01718946060136,321.3812865798425,16.24559856362076,11.385316366010242,495.1662511887368
81.16147364428186,545.5743229839819,8.92580206491845,8.0,289.18525307582985
126.32030778507696,512.6092518132268,14.785567057744338,19.812744672685433,441.78464400723703
122.17146093766115,572.3230689379047,12.807954202969551,17.083838255266382,397.25470278409784
91.41133796704203,298.3001248743551,18.386449822415212,11.496292538254654,558.1320018397643
96.3668983165145,430.78366004839165,13.422082672173206,12.558505851584357,423.80070140416166
81.65954275511629,309.81783389617783,15.814365828110654,10.370173431240758,511.0476198009903
138.44630439860828,529.6377961937496,15.683884956121503,22.201591657728542,477.39320563809883
148.22834172339861,202.1296762284257,43.99997402337494,28.092864314786876,1270.3143065329898
89.48216757562835,425.92766515455844,12.60526256867924,11.234305898117322,367.99566418252226
96.20326496357086,335.6813725087672,17.195460846322344,13.198356460049556,523.9377978782393
140.78866667628537,329.0734828311281,25.67001123245189,23.342619934949802,766.8935109346139
144.85246585693295,457.9625295459668,18.977858210436025,24.22698581753406,561.4985792408285
109.37391679647672,540.5937797255976,12.139309133596871,15.390653198975583,383.9186392368824
83.5435730588352,443.67815655733045,11.297861545461052,9.19938019286937,343.51231307780733
82.75742835849736,541.269191458689,9.173708350420341,8.33852867328115,303.04563227017184
120.17649062483073,305.838844752412,23.576434325492848,19.855479592570532,712.9209242683213
107.50265762252253,407.8007419059925,15.816938996247004,15.10307360538005,494.42371470431357
82.00566993043581,380.21461562683044,12.94095490704471,9.899540270931585,397.9276946107912
120.82766746187897,204.6579598012385,35.42329873098279,21.533486392256656,1007.0349641686989
80.79117756123158,422.72485725629605,11.4672004034409,8.820499235095253,341.88663658849856
135.11603707044912,464.60972965847,17.44897213019257,21.326687964120104,534.2514318629782
101.45029758923602,436.765761767628,13.936572845635803,13.828365592365309,472.54648817973157
82.81806021064625,494.5119595133686,10.048459935182702,8.0,307.4117132836761
121.18465546882072,428.5358113812308,16.967261860084783,18.957729143775133,517.9180603570261
107.83790901031384,226.70010194030277,28.54111879633233,17.548041465517354,823.1680060952834
148.16602893500047,246.57820963388457,36.053314481030995,27.899506360307846,1026.0727108710046
118.09390637525915,438.589831017581,16.155491717799357,17.841700413091043,472.44584630686364
99.26674267259058,309.99167678945605,19.213433799387804,14.669015321930221,530.3202177616477
129.66072052437823,231.85805161390633,33.55347453888502,22.21211516176933,1002.3185811668388
99.00444017798979,371.84109737941867,15.975282056082325,13.665803281582233,436.30158180969795
143.29703039852956,421.7290392334621,20.387075643496686,23.526361680931256,599.699034076439
106.23053793551635,331.49839533984266,19.227339757095084,15.886677653627846,548.798172037775
118.49079939433437,488.17348089031117,14.563363726137146,17.437726561551067,423.5096703730192
83.54011726769602,457.50824324049785,10.955883549899,9.419772991124116,367.2757560868275
109.82848665665615,333.12734443666875,19.781351814702642,16.542526766499755,591.9623675967813
138.26544777626964,501.9490115634242,16.52742943100295,22.371667989992627,477.1241216812905
136.39541637543394,459.4780170132142,17.810917344258232,22.085341059120168,520.7368082737243
95.70229911974684,454.97815148716086,12.620689429626049,12.118423268466834,371.2544635885096
95.82553497073938,421.3710803148272,13.644818941889895,12.656909109511233,414.4944300886621
137.21137185492657,204.55586723542112,40.24662026350332,24.76561906666716,1166.936836996722
145.12788941185278,478.60287339075563,18.193942930220942,24.608339240459145,581.2103482529253
86.67526448911025,350.4167164436626,14.840946864995566,10.944058742322415,410.67763816117997
111.50410475983577,577.0438840634622,11.593999122698206,14.897828776060303,356.9945697879753
103.62179952749602,527.1939084308822,11.793209049312987,13.49206904474568,356.98177710806686
140.94819188202075,435.0777878125249,19.4376540237566,23.233881729864223,597.2062990570038
85.84674402760132,300.87279272770775,17.119542764099638,11.066226869000971,520.1802146480939
94.77881597906261,281.48695731106665,20.202459869071113,14.632919880678859,611.5909544859911
132.6727836310546,336.15393507101965,23.68071941856483,21.98923988586976,704.5033768872121
83.59056942868509,390.62717743200744,12.839439894307128,9.744749071307377,374.0761124561245
114.47747665000026,318.42620401557883,21.570613575081186,17.936198326293955,662.485154397915
110.9474924275804,405.97179815699315,16.397320148530508,16.3508275020337,508.7431226411392
103.40808252921241,266.14817020527437,23.312145813241393,15.712007891216526,705.5469754080949
107.62006207232466,591.0851251301999,10.924321133808153,14.130844936106012,364.1386869140417
117.0958410851163,243.16982198599754,28.892361756598,18.59565164271258,852.5204488525361
91.29571508718682,572.7776558617488,9.563471705246425,10.65954386390113,330.20681322060676
120.03971147985149,565.431204561078,12.737858524065746,17.592803779582876,397.4119871212273
136.38026305099905,410.14419272779924,19.951070692083746,22.070552678380174,588.3328038881286
133.21126508531114,489.96410873443375,16.31277834975213,20.06018474458099,490.2634052951126
90.77299332856416,374.41931918903515,14.54620346917544,11.30779837447098,440.23780708692397
90.44746288190318,452.01383101697525,12.005933005865007,10.897091064418627,358.8876699866014
98.77220574214394,336.23037496844745,17.625808926646723,15.397310979530634,559.9591850889277
105.2752308438726,320.46360791417817,19.71054963696206,16.119988041210494,591.8757888801174
108.59189069859379,431.29191446780544,15.106968675625357,14.763549857243294,458.37966638890776
127.57880517833416,399.2518696735922,19.172679934994825,20.280433630487817,578.5890349456315
83.96763025160848,431.8145476599924,11.667179446356771,9.579788724064644,419.34593245504396
82.42708929582464,314.6642325148092,15.717151321025089,10.407938787335171,451.01037781316074
107.43373940607363,346.7831327267981,18.588056211611395,15.485157710364227,537.4816000098826
128.80145844965864,233.55918425156372,33.08834774253917,22.348632487304414,934.55785251119
93.54047400695379,220.91054890888228,25.40588698972521,13.498749738470266,741.465985386478
124.90531368793762,301.3828518692065,24.866440724134584,20.296032448487463,735.8576701214764
98.18796965582096,229.6987437322183,25.6478467562595,15.051365458527517,743.6160742721322
142.02602761694615,241.5098834538963,35.2845255653627,25.984097322258847,1013.1371194018058
142.69829609866315,525.1713621575748,16.30305531273588,23.63190879447499,492.97014308332075
100.81010429969285,215.54947880667572,28.061335575793755,15.980917086510395,810.7541159299024
96.09956277742684,463.5771175738971,12.438003404528434,12.055858886235344,387.6299858823159
108.79127804463619,309.0230995261602,21.12294094741481,17.173284103202253,647.9547821669946
96.83721096261041,548.6182722832506,10.590665588981354,11.875674264713572,343.0150083724729
127.06686903041926,393.9969138309998,19.35043619426771,20.613583949501688,593.4427972753768
137.82452791838,322.2305837311303,25.663211664609896,23.532005735633412,775.0729951045378
127.11644916378519,407.0555742757738,18.736967214849997,20.19292579591985,564.2267083369409
137.70453130745446,352.78320761810755,23.420252721867886,23.57050766545324,687.1038138866599
107.78945135452318,425.7204258679321,15.191582757830162,16.740032051537654,443.4194093015247
90.94218794962026,245.8131473305393,22.197882156563185,13.145189523780079,648.0767480373516
131.65656631783145,598.7962011250204,13.192124405980662,19.52797386893551,392.1606541763194
105.23321535990877,370.222351078687,17.05459679351599,14.97432547368581,525.8908447677134
126.98895776603928,339.2922558829475,22.456561662848426,20.77355464523249,670.1107205965201
98.94507593872359,484.08393932650597,12.263791615526443,13.908605909264358,390.4623260730366
85.68607443646708,345.559762598133,14.877786775675375,10.605145222716455,426.832952982031
149.48072568414344,533.309722011503,16.817326163154316,25.259745471094615,533.219704461957
90.93410555514195,381.7082897441701,14.293759082270098,11.58244186814354,425.07566502493717
149.18946957744367,487.82336530617397,18.349609328426588,25.274351117918812,525.676274575467
148.4095952796513,242.98128657675463,36.64716671078387,27.549814095151703,1053.4684062946574
135.56726727356278,538.4476742220447,15.106455883881221,21.052184850736747,506.14579565139013
126.15960734573983,494.28719471124396,15.314126122903986,19.10095764752438,454.5563799129531
120.44649351757593,284.6867113847863,25.38506126928676,20.730872509391062,739.0303658781824
140.62710817644842,258.11440389831466,32.68948328009988,25.596062976162354,947.110045898544
100.26076651336416,326.51693949024974,18.423687298408865,14.955965315018167,546.7874699961545
112.73768487394139,590.4282344127618,11.456533915869045,15.64943194466547,338.1954062233681
123.35729785565513,302.7326298268234,24.448761521258085,20.68483123309274,722.0653088478969
108.78333331086438,382.4508835786533,17.066243742406066,17.1625695672303,533.096839690559
109.92405178631876,212.00809028693453,31.10939350594011,17.98907060511297,912.8015837316311
103.11992672514592,358.891011826493,17.239761932238007,15.261304067041271,494.2414302084564
119.49622716791752,428.5280061732411,16.73116698743028,17.64862829761224,495.2747706775353
139.54021696105812,581.249845003186,14.404155269267378,21.517847009370122,425.68935990538284
94.1069864604419,406.69441797602576,13.883689910785462,11.725642265971127,423.141822144357
145.4103127127409,527.642930471075,16.535081319056413,24.49320272859846,523.2562698129641
128.23613576237608,418.8510570275602,18.36969972177077,19.334393923481123,545.2639469834737
137.6291248876021,216.31400537420723,38.174816646619036,24.54120051479116,1103.4512580745352
118.9333484841008,326.0033100759096,21.889351084761795,17.66085042768867,682.7764904037498
134.56616909968443,430.2198031324413,18.767081587584496,21.64962433422527,576.9411615117991
81.1340278137627,580.2375863724498,8.389738588394385,8.0,279.06008255847047
137.28662973456747,543.6521439004933,15.151596248614688,22.406636460245835,496.9025756524729
82.80972013597565,291.34224567153905,17.054111725905173,10.783264221416678,521.039981935197
142.29393634540037,288.0439320076654,29.640048728736353,24.827974697443338,825.4633574128663
149.43739230670502,280.46918684556033,31.968729396785896,27.602558504764925,947.3359316044591
100.58472235237446,568.9995585210013,10.60648158819216,12.468450972528181,298.07901794859816
94.72229894000556,541.0664612406883,10.503955324394342,11.287692667323189,336.07598225736405
133.57543547006284,509.9533729011795,15.716193977908748,20.503180373427092,439.3430670587586
97.71184386441773,357.09404568969103,16.417833628510472,13.163728282159855,484.0128101532768
140.58936682205425,401.75228171950675,20.996425890152405,23.390126694023134,614.8364635306045
87.19898145102337,385.73269791806115,13.56363853855291,10.838802555898129,397.6799517537437
88.81686374655507,301.35924302374906,17.683253287085485,12.011240783113792,521.9598569260539
148.54060885704308,402.0112184595068,22.169621448811146,26.527972674181413,675.7567791806624
127.16872287890033,212.19861914110177,35.95746006085157,22.399196145460113,1028.577311358844
139.2821057100267,252.72414939898368,33.0673833999467,23.467662413559406,972.482517177767
102.70305641460627,554.6358384675785,11.110323130041639,13.241032855126097,324.77556332990997
127.35386246644231,500.6719068125693,15.261954273873604,18.9328071249902,457.05351406099226
121.5969279116018,369.1473636236348,19.763965271426336,18.941799650591754,593.9288571169063
122.22050840860629,406.8601449135509,18.02395883743917,18.832897473394684,518.5878780385251
127.77727216764052,347.999554383991,22.030592377135292,20.80334273333654,624.9612675176759
120.2751421190369,496.311946864269,14.540267613416486,17.26846581722641,450.3853133530553
110.03436585118662,513.6748716928319,12.852608361615768,15.382945294956212,415.54787539913406
99.31458860663828,505.31407608126364,11.79241900920251,12.014504903521171,361.68961253229617
133.80069316392414,489.0446899337798,16.415762720831307,21.526293731030023,484.1454207784522
95.83907010022304,281.8017354771183,20.40563801453344,14.993760838607377,608.6111298592066
128.464801430809,335.1879916961915,22.995716662889382,20.75464867675182,679.4471456154878
96.33329758545287,387.93817399346995,14.899275819204288,12.900034417105967,455.5020701817185
123.77311189681177,332.31719657106225,22.34728383133991,19.029513668704745,609.5369831875227
132.29547869903203,501.9760800633316,15.812962085644523,20.71099152808168,454.95723020491187
95.30997222345775,331.7414096999819,17.23812031358766,13.617371123179758,499.51396737939615
84.19603106029157,255.29283471413487,19.788106741320117,11.610438891022795,591.1483469333922
89.16816200959218,359.61618081932164,14.87722189915454,11.573445935087552,453.7413619409221
122.41978770897178,591.9657731129521,12.408128300919152,18.067876456742052,393.30991145500866
139.46124843580148,290.3525651734303,28.81901491433354,25.80012047499183,847.2558728388628
83.1497774864797,444.86346357729167,11.2146468695602,10.144043733302494,321.0077167347277
131.39058813291524,373.18921993588253,21.124498958810666,21.53589012957658,654.6540030230025
103.89230521650364,228.40982705973065,27.29102505453983,15.610568606983742,824.5714504931989
113.49698589436657,395.1506423992238,17.233476104998914,16.995696649659077,491.12401614556927
145.0201684891896,480.865731459325,18.094884996161106,23.707416220736363,547.1671851606202
103.23800533150919,405.2879903311275,15.283651298992881,14.810115935357254,449.545196144908
112.57358537576403,548.8424254986325,12.306656352976619,14.998839768872143,380.50991943615605
80.95776903324767,315.5748066630331,15.392439571963688,9.87512243329818,485.57930606061507
85.71191040033868,234.49966852158596,21.93058376774178,12.228955013045493,690.9852524591272
98.10141137943488,574.6262446632024,10.243327271304882,11.747821728024277,334.7318724567223
81.9496568574752,351.2785398112876,13.997380580350827,9.361226110630767,431.17901257778783
124.19627282337757,430.56222058145335,17.30708365294891,20.099156603237276,511.56157930454816
109.84788497611358,516.8012504520784,12.753206562099772,14.267732389974089,393.93352090284037
118.37016419096153,329.72546555023223,21.539767453526277,18.821817777521566,664.5878070607783
92.22530301274307,486.46581527104445,11.374937368788125,11.125003452696157,350.6360396994733
100.71524206056313,254.1675399271312,23.77531971771953,15.331035252168192,682.5398130631427
126.46771323969077,316.5174988822021,23.973596471535007,21.186312766297593,673.4443403454071
147.57119065412797,257.88425445460797,34.334284805302765,27.118928721655685,1007.4693061189859
83.52917415215464,524.4922233605431,9.555433285583975,8.647356806854805,305.3066658334278
142.32690245986862,289.0596940907142,29.54273571227185,25.059488949392357,849.5390350123388
120.38168409178459,486.9614221620841,14.832593952592303,17.862543507513703,469.28902980256777
119.47436967289366,577.319358898261,12.416805481897745,16.724794421812085,372.39478988417676
115.01949746454322,411.10888362755077,16.78672031355273,17.823479717500824,501.03111475546797
84.85758601329283,416.0116769042751,12.23873137092044,9.644135454194643,375.4891251826497
86.29137962153125,384.4134272391248,13.468527398943367,11.027600901510954,403.38849993528544
122.06384039613603,330.3560573574571,22.169505479487892,19.897990161074265,659.8195847215229
103.86710000048907,390.26201236996684,15.968825564609165,14.613674656240272,503.75291601249614
144.20876466043765,441.12301290670376,19.614768729955703,24.64797589653025,560.4066288403753
108.46133761516306,594.3966288682637,10.948380157034979,13.804624610817365,349.30469022583753
90.02970210918488,575.1058237272897,9.39267505855161,10.12774034756194,299.22688092799126
130.03031834514252,544.8611833172488,14.318911567913792,20.025026440855818,437.39790408030194
100.53473950087069,555.6522142819433,10.855863101071893,12.26911888293239,354.36935228987926
116.78292151491252,387.13967331681715,18.09934701567144,18.34330070375003,541.6245116763138
128.84829498536192,462.9777308709859,16.698206379338835,20.63766352373943,510.83933373500014
143.01848778414492,558.0266891744857,15.377596508409162,23.573413222583035,478.4129664923401
135.45338363611734,357.1803059965412,22.753782562260696,23.4234305735993,661.446410542576
127.34527475109068,584.7049913381875,13.06764368058238,19.145587726227504,405.1173037789328
127.57432276766005,366.3144248276732,20.89587209037843,20.35658674650918,614.2685607266645
146.21472508224605,440.43306615728625,19.91876672992989,26.062629670306766,589.1518664114105
100.70768682475753,483.9218853089488,12.48643922278444,12.553116404082028,376.34738590530185
80.07784659373311,580.2368052303754,8.280534347896728,8.0,273.92895026309566
99.03681915787391,297.84650962090643,19.95057506980884,14.733093383555538,594.3329316076804
95.25239657387208,498.4523912954569,11.46577666039259,11.19546378908025,361.9757388728373
126.32842095797987,408.32623445763284,18.562866203163953,20.17397295439819,553.3236127105589
124.35981198358704,307.42285624825644,24.271418235050444,20.620050233445717,682.131260354317
121.54229678933066,510.64273591855624,14.281095753260544,18.79159995463361,433.8865141638465
81.13704102466176,420.8889120695386,11.566525802597967,8.651825945009353,358.1889520921518
131.01446381154534,464.3895282598703,16.927315002447287,20.75346067450158,512.5298132677935
102.6471288739844,329.16042743116043,18.710717386363527,13.955737465497668,545.9573460167055
126.55391923046417,392.509580731042,19.34534983753922,21.301212569016666,551.7700940708477
118.96048999515074,446.9417003952268,15.969933871458624,17.541484223479106,493.245914538666
103.9911647799535,361.96432570793763,17.23780340671396,15.322766339778266,510.9375260902608
89.42033869728755,279.3490159390805,19.206154365001527,12.267965745502998,575.1898211238974
86.60932283623367,584.6561969261215,8.888231062110282,8.832526318844533,275.9681942757927
138.20628331785565,404.58701601704695,20.495904887669322,23.596001195290793,607.9149310065467
144.28782794570907,493.5681481150802,17.540170916223747,24.722182953312103,515.9273317212625
125.48516327350097,364.41887742242324,20.660592145127936,20.54935532315552,593.3059410085849
87.24038804023384,342.0527056102865,15.302972894410619,11.546131222557788,471.47169190227436
108.14190518217686,362.86571938685,17.881309708435772,16.336509847425233,522.4443703339579
131.025744007361,363.67865751425995,21.61673355861804,22.301717536538778,642.8358911283378
134.58746188070478,417.6720463767814,19.3339434201867,21.951895364385717,583.5679139397748
88.2753035603762,417.38794799254526,12.689676927895317,11.333292958608276,376.76794628084974
80.00215031917676,398.86152635314863,12.034575164566292,9.48271252371054,346.0032776964443
129.84959321164234,253.91431396697524,30.683483223052384,23.032117046327517,943.0597756873148
104.9617323190344,398.4301914002125,15.806291980559747,14.739988450554733,465.5962973502236
97.81369321327821,267.6415601682606,21.92791578821723,14.404107719261638,660.7764795990217
80.90282288526679,250.45431451830606,19.381456384378673,10.603415195668564,615.4841718697451
117.82095847330498,573.0582869364671,12.336018289151871,15.976802683573496,394.35653060854196
139.58055147981872,441.98000525908174,18.948443343901786,23.990232422550587,558.5085621876124
147.03421523908116,463.7960232498337,19.021406980871593,24.82363359272423,565.2270228425512
119.60214654293024,360.7174681333455,19.894042918717297,19.151954018967224,574.4580580459337
116.0122929417926,563.5923567659456,12.350659999099813,16.014018567046794,396.60406817660106
85.95394698424688,455.1721958318662,11.330298437121188,9.221416445289636,361.6002630853177
118.42109610798198,507.66794780943496,13.995891994241177,17.095899217306478,414.9499384955525
106.59853552757762,347.4249876110855,18.40947646176322,16.040946276728334,528.5167348641977
122.49946966185038,584.0047523276502,12.585459536787118,18.05115417206644,359.14865462038796
107.21084435135828,528.184516063326,12.178794465664083,14.537172329038334,393.8671021628654
96.82093864152567,541.5793852058175,10.726509311804469,11.953811242464173,335.70214964092827
86.64756926598636,268.8777069703017,19.33538564628346,11.562377507965708,579.6989594758776
102.0442911212227,308.3852831484878,19.85392235570884,15.41047223452345,573.5229326002318
86.76513840014266,314.2506398734308,16.56610247828077,12.093160868973197,468.2495721159548
92.38278655767887,308.36368929874845,17.975421185503468,13.138724131431765,556.405709534028
149.1135311005682,542.1632648417152,16.502062102356042,25.041146509019885,496.5594286118156
111.0872489834633,212.75391808343684,31.32837692979105,18.393501264228515,930.818889021334
117.23102365535115,230.4399955923097,30.523613755683495,18.84689516537076,882.3234447274633
141.15329701160508,309.56594825196146,27.358299155703868,24.24811750971495,796.2886548595064
149.68982303434814,279.94918985977745,32.08221244204899,27.36377558508398,948.1400261256096
120.79001145412771,292.74384555313935,24.756799493269284,19.907993228388776,742.5108587771874
136.87316747309202,519.17727570132,15.818084559444522,22.052547777409647,492.43468611832094
102.88587170356726,425.2506375568188,14.516503344193636,15.15651356756028,433.97541059632596
101.40207702131038,202.30826451718718,30.0735347406519,16.321420505949845,889.6756287389429
108.18926046961921,371.7291062816781,17.462597139913818,16.733441079314808,544.9134463366081
127.07550838715544,363.15397074014356,20.99531085310669,20.873464869493734,619.9853560711437
127.75341824785691,245.57810777781742,31.212900711029086,21.646665675016063,899.1569290393076
102.06676042546155,470.45671544058285,13.017149983272233,13.681349910099431,424.5685690808061
89.32469468956401,480.83887535179645,11.14610726400331,10.080669184603732,332.00598681449367
124.2677379525856,488.3572876208391,15.267642085325098,19.788693077113265,473.59299197127734
88.98281035321352,491.3883782234368,10.86506897150334,10.699278321010517,336.0229083312152
120.4944755760531,200.02113077291872,36.144523864185786,20.93493575701738,1011.2857907403927
128.53954896394163,581.5683215386889,13.261336032594464,19.83985949385186,427.1526618622897
129.04280474761163,525.6835068218652,14.728573722364033,18.838234354003042,390.6863481684383
132.74304774617178,561.592678635714,14.182134432590528,20.729443633978168,390.79352801788866
141.10015950959652,206.25731812297366,41.045862748628544,25.031166203224185,1196.502436942758
114.9971294375352,573.5435183142957,12.030173031213787,15.959721197250865,380.498614617241
131.11744326706997,523.9154114752419,15.015871691714805,20.218560128135135,441.1714093673702
123.34209147560857,534.8876571834794,13.835663226003277,18.694283050151938,423.688836014876
93.06479578583777,237.31495388878741,23.529439066730856,13.707138385642752,642.7186449541284
81.79827514085858,495.5112115674391,9.904713342260168,9.172551694675906,324.32310011651236
99.91789699738536,583.9666758568364,10.266123167125475,11.85997600196732,325.34190953314675
111.01235944363336,471.41893656726427,14.12913451275332,16.256324756788715,428.0727330710072
123.19741611000595,428.2245618498426,17.261609036784574,19.36821968001859,517.4959647242385
139.49715313522438,578.2518710995988,14.474365940567502,21.12905313380387,448.5595029174069
93.73720016943159,377.1748486937744,14.91147150888677,12.04128048194875,450.4089642446372
88.7884852928934,439.71742652419147,12.115301319040437,10.646053479228867,334.87011527061804
147.44359632320294,390.53531739774644,22.65253713374714,26.145474871747947,712.6130675424334
87.56311915634849,573.1384885441196,9.16669749876077,9.451555786539364,313.4446317546457
113.49437490750324,230.4338907062029,29.551479921555174,18.095761699455604,837.0042157439333
120.98946101553113,400.44788033013924,18.128121080194166,18.92372113154674,534.5450220617178
117.89620946352068,474.7809765541753,14.899022743393513,18.573492715138876,445.9162183970535
86.02225099230603,516.7626153688948,9.987825949549205,9.403351905758576,334.09793052178946
83.99188398025336,433.20745897765454,11.633024626833924,9.43617010987411,315.6029387214938
87.3838399222725,563.5670976485816,9.30329399500483,9.507551396218968,283.28990816077146
120.99113787108288,576.7965787535486,12.5858379533953,17.78999424489024,350.3712425920188
118.10414213440248,225.7276892774334,31.392907758669818,19.627509095105626,908.7870646599912
96.3618554425721,360.94821581654975,16.018118592094257,13.543335145482251,472.6588467399669
124.64418992919141,209.38360868846178,35.717463475752965,21.446640724581496,1037.7009063680985
137.40472514389546,331.7666629497771,24.84964413040423,24.00850426221647,718.3774482248988
82.91052718926156,414.7472871882409,11.99436810082826,9.58474537068714,353.9297926014549
114.86909604836296,564.3179722039795,12.213231019356105,16.255813652827428,387.49840373130974
128.2517288471883,538.6217289861611,14.286656695628798,19.157748435854646,442.5089892035922
97.6618348948781,250.9998906687943,23.345468709485765,14.189951367599251,699.2014752183827
101.54396337052043,237.21214989635828,25.68434123164937,16.15213912579618,750.4108448896338
122.95465320925686,435.70693550266685,16.931746069280226,19.120410397660272,496.3677363071462
142.85547054106158,412.8471889835131,20.761503193390975,24.402750708882593,613.1284511842654
136.69470942120296,306.55105657200954,26.754703301260957,23.547793734613208,794.0735265521438
120.81911533697084,559.7812338215341,12.949964168554779,17.96838045220602,352.28857855007755
131.11552024300744,570.9465637846214,13.778752187302935,19.64706078830038,427.01414249872204
105.5375729145459,361.04457533606507,17.538705211063228,15.480115663202758,531.0545828852412
124.86758696691304,556.1210228454081,13.471987050015626,18.94063884309272,411.7478675225546
112.63271137892899,353.579557705189,19.112990373641622,17.946560965944634,566.1586516186193
93.29552955202927,494.7267327318801,11.314795426984695,11.072877584573709,298.5164751791941
129.121679171408,390.3768870190896,19.845695295750524,22.064385008804386,580.9534729694409
118.95252461441754,249.0332626028732,28.6594304803631,20.011271844796457,873.4050718237095
105.10351073675139,571.1736804948087,11.04079347413558,13.029897684368764,342.3912225179663
143.79374330550417,381.6386373510146,22.606790177785214,24.956198669402013,661.2540995672092
81.46538824787133,493.79481612896143,9.898693010166657,8.242057572399093,310.35240693071853
102.10412058746472,346.86952577251685,17.661532017273792,15.047988580862373,535.4214941560391
83.98169784443526,207.55235143049387,24.277739259213195,11.605331219055852,727.5678495693032
133.6569121355139,240.21214347673435,33.38471824138878,23.587612579980508,965.9263991087774
129.14752178796547,398.48779179596977,19.445642920085813,20.562156718085035,586.9983896396053
103.19465531154219,475.98574285054497,13.008119280237896,14.432989979109346,430.9926655952536
127.29640315449511,333.8941306317116,22.8748680751572,20.565537468504274,695.063978367854
107.7156058337165,478.19538367106014,13.515262946303762,14.475616217035249,458.5278874353795
132.9377653995704,479.4542357727824,16.63613610821085,21.405657936913734,486.3537596252478
111.79285639156943,481.5743629311323,13.928422897490048,16.8038172002713,456.8648339189366
108.85958094821659,397.00874160820337,16.45196735576876,15.865211691648899,478.49637708445545
145.43109408418107,565.9544600486016,15.417964272781818,23.867213040461813,472.3022461211593
97.56153699234902,395.6786071922462,14.794057887230785,13.81142710812615,462.33454085318937
88.43131379975958,380.10607739865526,13.958942367608525,11.576604977404106,413.9837888943458
120.91801792816207,279.7523276042508,25.933943562939938,19.906180707038565,762.7276160534926
147.85252685989252,323.06203494253464,27.459591818554376,25.75120200907352,822.0828538231204
106.44874496090307,216.93379700732135,29.441814902814016,15.964303898653963,845.4136179674747
84.34257345401471,453.4141174464681,11.160998770265138,9.372934673694282,378.9013595815678
103.75136871166973,299.41429757083716,20.790864608686288,16.251921965708522,588.6392897009184
115.41521580236909,321.662101794186,21.528532299938206,17.7693911985432,675.8702355405555
91.33461046425496,508.32580866572846,10.780638193916609,11.080277627301538,354.84345840580966
126.06715526395445,330.88847326458153,22.859754651498537,20.393227145191496,672.7194210379992
149.84245723071405,296.8783568052569,30.283606830053856,27.074661162681092,875.2391076481147
111.62176331870107,267.6230996534823,25.025140982948475,18.23838418729378,725.2698108861225
104.83099897111488,509.94336087278236,12.33442852849701,13.705266347978437,375.79775455325546
108.04929167841266,251.88250319601076,25.738022365371805,17.232657231359806,754.4885862366083
88.06023248766408,381.5015041001414,13.849523245583153,10.857901173777853,446.22669988781524
141.82915209983565,402.77204643087777,21.127953643750576,24.450999195730077,665.1841476408883
109.03779588649464,474.9559650742858,13.774472233792094,15.501978944975422,422.99913858743474
107.1092087997389,453.3133929331982,14.176842396825835,15.13288776149072,413.41469342183314
126.1783191051332,524.2882691780699,14.439955252435128,19.935475552566565,426.81217818013573
110.94233946517865,217.90057357049525,30.548521551996707,18.49571965153757,887.0807652827764
125.37634281654923,318.57628991175886,23.613121274896518,20.463954364618985,675.0981708253153
84.30124030915512,312.0536475101519,16.208989892947027,10.722584172556846,463.89784702091464
136.96063406055592,258.4067622368433,31.801172587354586,24.16143151669467,967.9130159636727
145.8352767015582,315.6713015425772,27.719075377884142,25.907218281526344,817.223272605402
125.41357703115702,323.9061256571614,23.231467471022963,22.032608622529246,668.3048265669078
146.81961502011677,408.7537847709913,21.5513035705405,25.457440620492143,654.0488670044776
90.60026200589743,465.4817915705024,11.678256419038682,9.916929160900768,336.4934336630842
113.41913326362476,352.4402054447256,19.30865971216431,17.292342078049302,552.7274231864237
122.12647137618131,487.78809252535245,15.022072893651114,17.521841705097145,438.03655285458467
120.72156531948306,334.46613543183196,21.65628490255705,19.356499669533484,673.7594164913586
108.10232453623303,316.11347092590415,20.51838997299267,15.58914110514066,603.6109068238452
103.6659086556383,416.47522234280973,14.934752863205196,14.153275735223259,402.807588803514
88.87768157852932,209.48654412231625,25.455863607154136,12.05315321180156,771.724764700415
107.42197153935948,231.91564945360014,27.79164884968704,17.364779937544064,807.0843345463815
91.38625705738396,367.1878174346108,14.932890371341056,12.012470756154848,414.6011901813372
131.4055973544553,577.1650845567026,13.660451839915023,20.117864032852765,409.47131259140355
94.6181654846213,488.6047119373695,11.61898317878887,11.662837608897176,368.8135123609577
84.09957136991737,235.2506278002231,21.449355223315823,10.709496289980857,642.9307192793618
118.6656296472064,538.5272051123495,13.221129241459577,17.43728393080309,439.41835780770396
121.66608129035811,492.9203082432724,14.809624913686278,19.289752083459682,431.06743935309555
141.0339142896354,444.37861028106124,19.042399120034247,23.733256150320415,568.0941079848759
120.38871286923774,528.1171842436709,13.677499970956173,17.484969784509463,402.29303572954325
104.1836597606412,361.64393909718285,17.28501133253796,14.495502177186697,486.8934122206807
136.21083170684244,288.6004203415411,28.31821898505453,23.28938920105872,845.7310670246426
117.81952252311947,404.80935564350375,17.462964362939896,18.401538979869812,532.007175701724
85.54961992418342,419.53670223738953,12.234870437024542,10.642459636686516,381.3873970756715
119.60953922192726,415.3305488039648,17.27918250651715,18.651078024532346,526.1091518233541
143.56129817951637,426.0295165920421,20.21850025715302,24.71521737622513,586.5253517984415
107.74188378487544,579.4819672956723,11.155675917338945,14.479378752691897,325.25009581199157
100.742806132986,560.8982492384926,10.776586263525711,12.82454139960178,335.45593205503604
90.0428619912614,550.2868146235758,9.8177379066793,9.70585818694844,330.9618374684386
90.60118653547501,520.5667243634509,10.44260214437588,10.52666263831441,357.4720024062705
110.29400390392732,577.3712429061142,11.461672737503708,14.348018434098865,369.87809905665966
121.69758769130706,239.3978566717613,30.50092161639528,20.625160121387715,889.9874322655733
85.64307836187213,306.0493045782958,16.790055147463136,11.314968317703194,509.21345961099706
145.76980123176162,398.022378261834,21.974111385647088,25.949721626152915,649.8391571203957
132.8593532211637,538.613797249362,14.80014294839764,20.015774412032204,427.3372716369429
121.06367427985639,402.06628460909303,18.066226228975147,19.238330413276778,540.2000658069346
137.99070696572937,499.2138957366355,16.58495985118101,23.027640377633617,471.35341749109244
85.61307297684793,255.5839620995665,20.09822657264295,11.975441329310565,594.3708472823294
113.3787214413187,300.9655251906241,22.6029984071114,18.43321324361299,700.0153638401342
124.10651888031643,492.710438015069,15.113118290770302,19.224591685313303,473.1150249205947
138.00570342828024,265.8936035550896,31.141562245145312,25.038246265088056,888.9580845498799
134.84286920344874,340.5423738619707,23.757901433688282,22.396097551645514,698.3236360567012
99.39484747993798,305.94650312542853,19.492593600101884,13.839696556221728,563.132849801348
145.8616118691443,339.9446776889914,25.74447339974362,25.652065590840632,754.3896484099386
88.70420890016092,483.3296196311881,11.011641575103301,9.227457226666262,362.1355237228726
141.25935330348065,347.13887245712044,24.415477120776107,25.073945338847395,731.3251597643474
147.9658174723233,422.1053290431761,21.032544337840605,26.044199435458513,672.8107828955262
92.40074662558379,239.97275082176387,23.102809708810575,13.189146004337386,705.198837598737
130.54462449426495,522.0070772938511,15.004925814917032,20.065308507003035,457.69518687374307
82.8199863144599,347.9554502592499,14.281136206273564,10.042149966806644,446.8032829712231
108.37959775974085,459.41366361333695,14.15451124034804,15.388229052490411,425.65038797057036
116.13983094383718,490.15584066473303,14.216682284515741,17.057927379845513,408.8975822239754
120.6451658136744,283.86436884468014,25.500593745815323,20.23681220814349,774.8969084973064
145.51560737739916,553.86999398134,15.763512263742701,23.559881225391415,495.1284845815147
127.05754811059363,446.48970064278114,17.074196505900687,20.543822757598765,506.9875101720207
113.68945658534659,371.4900567005926,18.36218028472985,17.6818754671008,553.5088510017412
136.67725253861227,272.9340734312878,30.04621243958123,23.69555097421307,901.4350916977203
146.53729746680864,576.9203751604828,15.239950306076068,24.357727929502154,477.15172380460524
81.54463040776037,502.02728165265006,9.745840521573166,8.0,276.4536380146116
148.7764890579227,283.2098250932995,31.519349092266207,26.83629897168838,922.9172432094206
86.02924973445762,335.0843098896898,15.404347000809182,11.466846091423259,461.49533864093763
137.0070745488133,523.8697032352293,15.691734838190563,21.46182235298367,495.1900962279139
99.62343267859887,478.2710652861356,12.497946028032922,13.193854587203038,403.7330706885403
89.25257604277103,506.3137170862897,10.576751886920725,10.507869295751863,355.45526509905494
110.78989477996845,376.4804408851729,17.656677385866033,16.27062163796166,505.83162481570946
125.07696056133295,486.5905050568668,15.422860815590573,19.188221744934662,449.6863963590581
106.66662915164325,354.5974891455655,18.048626809287242,15.805333681522004,561.4938243067238
83.81957857978892,284.50516677527855,17.676918742075845,10.618941768983312,516.9258362489335
121.96227977611017,453.07081393654397,16.15141951648979,19.9107130602615,455.4289827896148
143.16822932774724,590.4055702395176,14.549479531807226,22.35872882130484,451.4587438277327
106.82507561630761,324.2403885581318,19.76775492245415,16.698037006827636,576.6142780874302
95.1432944341579,384.3878368850159,14.851140224182272,12.585142006496701,485.08613335616
110.98041421529707,469.6005484279414,14.179763791182195,15.366946345749751,436.3331116685956
83.38538977341466,416.60251284899516,12.00934519619268,9.65141168755792,372.57664206121655
137.43413091361924,537.3711182836197,15.345163843481748,22.13151346975664,455.79870296025854
137.84385676651306,504.6970825878064,16.387317643255592,22.661846483026586,524.3084340799419
121.16003244007399,223.31888154494283,32.55256293651746,21.409974834195417,954.2726631740621
104.71720222568726,599.3684935695096,10.482753432905602,14.675403392257646,318.269630740979
135.98483551120484,500.9609814877869,16.28687748582911,21.903229786096833,473.78540794351915
118.8280917351857,545.5613265176453,13.068531726067176,16.825672684849366,397.68914768081197
137.81526159850114,460.47908483813853,17.957201462942987,22.81867102750807,517.0881140654761
124.20211548081144,542.5140512187049,13.736283718565833,18.37324006103542,438.5151260254374
134.9083831248958,244.95318997148377,33.045101345428776,24.27861499274503,924.786227657864
121.8994095252432,339.09513422372623,21.569063762174263,19.120872299022754,635.4259790256273
108.98987477509664,550.5683774417971,11.877530120583623,15.876680543200754,377.8671354578695
147.05621019482965,280.6620845067569,31.437707830027023,26.91022257865722,922.5912609674831
117.87796774151913,231.2968394320091,30.57836017932358,18.907878257901665,877.2360633615946
122.35626629783769,515.2475759780875,14.248249424432956,17.943073376636963,445.5405935345985
95.43413475903245,534.1944622573185,10.719033030304498,11.913826650824602,315.36364630232595
123.79555525990935,265.0608872759602,28.02274372477067,21.48980460023393,819.2632734348571
120.01253546380607,541.7383931130862,13.291936143660452,16.846791281598,418.4781687545583
92.93868785629175,474.70711823886785,11.746866767166436,11.783552830084073,371.24811787595957
84.17109681472006,408.03307328663357,12.377099160624931,8.896645835798532,366.2128992036254
122.30515238003397,532.100077112554,13.791219844626674,18.088785454304773,443.4324180257123
133.45845885452243,367.69969972758634,21.777302339936043,22.911129537971263,645.8063756675177
116.63809596454058,277.5975824893589,25.210182650422393,18.75277409869671,755.474149970816
95.8740837723752,313.9410706442454,18.323327414720833,12.841380174862765,577.5195099842695
126.65653836851244,402.0656073173259,18.900876284384626,20.446235153199613,585.5301166581087
85.60740086267215,412.53231706927033,12.451010112979448,9.88074622162766,404.1948408249562
110.92835933613682,522.2323305764935,12.744713742293522,15.738896399392871,393.90558131727545
91.43567308788941,516.5410894609338,10.620917671813373,10.238481262800493,346.2038707139898
92.91213357419184,432.54662288182993,12.88815521737296,11.413361406924427,398.35787137060885
94.16057644107426,512.3141933461906,11.027675320809974,10.37883826049244,317.577789764009
107.06949399307845,276.7093833174684,23.21630572322972,16.76812866525933,690.5959762723174
83.58051439342783,220.02581083731775,22.79201173953871,11.335457034068499,677.7360407328857
107.84554086503687,549.4535290538801,11.776669199020986,13.826902475460983,374.5025734501435
115.81952129802906,230.22179750510782,30.18467996162512,19.35018043048838,877.9504447687559
113.83059994764277,298.6753718975989,22.867087947245217,18.662010105634582,659.4910532800047
106.79488702821284,478.12757984975383,13.401639001260532,14.696376966097565,421.6565961574866
138.74026256495267,363.77917505092364,22.883156389399876,23.823489743938566,648.9066061541632
90.17286846943529,550.5255879662036,9.827648753173406,10.201577830429688,337.19271159518337
115.39877206469617,319.19191786490785,21.692047750445223,17.74748062474745,637.0465363922175
84.3428991869588,204.74853866774373,24.716044295825665,12.76910456193599,731.6283156877598
84.98089752145368,320.26225622429763,15.920870324838427,10.623426273566867,490.5451468130435
120.17060947739674,431.2300196739327,16.720163809782314,18.843704209454337,513.6660109475043
119.62128974214747,350.37535016131733,20.484538599031975,19.49231786729131,579.536831147143
141.462345899112,413.9491023035021,20.50431008719429,23.837891645110833,624.7542757790453
119.05115729620512,550.6392475340075,12.972321660255703,17.469810128603367,402.5160014811936
147.18537142833952,564.9940216921474,15.630470317635062,24.079732487434015,458.5019327062045
83.40863938799508,306.38962586164484,16.333837509040126,9.88810365776233,475.9943842570021
86.86053793465187,384.8561893079603,13.541765524027436,10.574079477252985,405.7861447044481
83.0846103099267,419.6576060965805,11.878914015080024,9.192277458935722,339.7285496310871
92.9693795233478,579.6449827552988,9.623412497914657,10.259956053065782,336.71800804422287
117.88890776591747,599.446927665754,11.799767651656184,15.789607473964479,393.2006028660023
125.19005269991996,294.16289953661067,25.534842000224266,21.546091857878686,758.7785332818838
83.19096105640682,490.79194853832615,10.170210978908559,9.68595833549966,313.18212471987067
146.21796228919195,351.21242489327807,24.97940595358313,26.13054066141431,730.1820252796463
138.95157636552668,203.2432787544853,41.02027202583501,25.82042410756223,1200.3974700438748
100.76287375099652,203.70100897436095,29.679639072483678,15.616349650310335,901.4638243847818
85.40312711585275,384.2264030249023,13.336375602014675,10.069306383672274,395.2831587115416
91.89209512533401,395.33396520173386,13.94650142116314,11.494183939108927,401.49773925804567
88.88610896284808,209.02787862937706,25.514139897228784,13.14174413650125,780.1151463391446
88.62986455092629,474.770966709721,11.200752038207343,10.480257415377125,310.8888866444957
116.29931820660138,317.6013554379813,21.970810177347257,18.546825549553358,629.343824979725
97.20932097453802,423.95724061437977,13.757423390198499,13.581380812268723,413.59492333482086
105.06978015704011,320.3676292661675,19.677976903792512,16.00116355365131,553.8251800127554
149.26537333690257,266.85372594772286,33.561166771824034,26.730391168445752,997.7091872874811
127.90199742477412,362.8694954395501,21.14842923401608,20.691500236412207,643.5249992958406
146.4286466932901,292.9093459162003,29.99466873996895,26.558702285691684,863.6708969900872
89.97895885231809,413.9203907676672,13.042936882443628,11.766657592220053,424.0310958341625
106.74976323827985,279.531412114592,22.91329531033568,16.85497983487608,705.0054873720297
118.83122622976481,403.3623906578508,17.676099058609932,19.385301755769348,526.4722879029873
85.37306433221165,262.951405947547,19.480344063855288,12.288232568015905,570.4625228288694
80.29312105395705,468.38988379431396,10.28542124823727,8.594239680800554,366.0821538990088
126.93040336578423,501.57507377656964,15.183817139484844,19.12625406893745,473.06931724469797
124.92736617610048,244.1576936999735,30.70000316998752,20.712996793926177,900.129141473159
108.75521669997282,387.1209648149357,16.856005215625082,15.911075180593013,532.9433919091011
114.27508532224229,228.34868026194943,30.026471409727964,19.266885152360974,882.0997501970533
109.08101004144628,439.272978216801,14.89930163484036,16.629187602792033,440.53233365370426
81.68035313914223,305.76171917185815,16.02823663348763,10.386228272405912,483.99660614288416
103.47601243522237,411.0497827354832,15.104157712470185,15.17552181738704,477.178930831584
92.39575787781028,406.9844037537165,13.621518224131686,11.779919438072868,374.8663538246738
86.88969323709581,569.7417384775201,9.150429470301919,9.396000815480175,283.210500193748
146.9704303722545,419.6332890274891,21.014123647749045,25.622940648202658,650.2710102776239
121.95518075295159,433.19939188732627,16.891322984775343,17.947046369331737,496.4283348945657
131.00593989656218,360.6612503057521,21.79429142202019,21.608498757533255,675.4724337825885
102.07546202862822,579.6318412731267,10.56623754186025,13.205405616366441,357.0822934742735
107.52029906458107,510.87436377584385,12.627797363317027,14.825299059417068,385.4533997557475
96.58467957277064,314.1621161211366,18.44614763204528,13.169364339676699,539.0207361008931
86.78759696757973,537.6838343104928,9.684605498196518,8.132757963398099,298.2463932482537
92.53221462091086,372.958544074036,14.886193024585964,12.059255802946938,503.56838610172895
135.825983170754,531.4668574134375,15.33408692671414,21.428755738257205,500.3605572647779
127.4282063628643,529.1552273174009,14.448864883244884,18.977973389578995,440.4850810293126
118.28502131898338,275.54807470514174,25.756308719389395,19.523562146810605,743.809693520829
113.25629110067376,480.4564525534308,14.143586645419697,16.625568960568888,431.73284339610547
144.5703998559287,316.25718772261246,27.427752879924547,25.88604093734717,807.8547743663619
85.09144634450679,318.9970679970673,16.004807858351054,9.71945930092968,456.8673564870687
99.64205692665412,318.5392307522323,18.768562357235965,13.823064791752126,561.0595102578008
104.49564974994999,490.2272990239793,12.789452969020228,13.977541410774844,417.75825569183405
134.76980685489514,291.9304167170144,27.69902671406842,23.64514594676308,774.6200465209429
149.476023411338,200.3623340984361,44.76171354778744,28.04413669516827,1306.9871576278924
96.84693603300072,486.09474139305325,11.954081513672357,12.52177992825768,395.3132534649447
141.20151338959565,268.47389753405014,31.556478604409712,24.960162260714018,907.8778768668118
138.1435932302254,241.79295812313387,34.2798055747865,24.475925228307894,1029.559762554313
95.72601783492367,295.00644823762406,19.469272974904783,13.364549133273806,565.3577965585748
107.95328061394558,351.9602089290816,18.403207727785674,16.607848428381732,558.0055907111672
108.67710085047634,390.3625309892803,16.704026471248703,15.596156282375205,495.26297132334435
148.4754467968591,217.82801628505234,40.897066225649056,27.821371815377645,1175.6313528099956
92.66243309652288,588.2293330509442,9.451663957244147,10.442059360180252,285.09665142749645
135.94105797733474,486.42522136782327,16.76817549818692,21.87541103433173,517.1739765005444
103.3934899921177,329.2776261297345,18.84005746896042,14.977927907500758,578.4454274074681
131.16092420433122,327.47890291415894,24.03103034189266,21.47399087428941,706.164887403469
109.4007703006964,379.41701974738373,17.3003473128647,16.008996805692792,490.9691945331884
120.4851834181578,450.4979291052132,16.04693504240531,18.254724862892996,490.98266343513745
138.28282413282918,258.5492266355871,32.09048255891299,23.338775452350784,942.5469275425578
136.29158954887188,275.5719255059809,29.674631615385042,23.78177912477199,861.8321631072929
140.64962284777903,543.7738331334203,15.519278156946832,23.002401400311363,505.42476578381496
84.17321277412613,302.501969555629,16.695404574940525,11.103540278620383,469.87736898050264
128.44353871278213,352.077999190071,21.888934669293196,21.01409531034142,602.8662091077997
89.7991163705234,548.5087403800469,9.822900868449683,10.014605893995784,293.26610769242296
109.10729976128877,465.259131759929,14.07052014414894,15.210540884234605,441.545688318507
118.40118905382819,336.68475173667537,21.1000685554832,19.00513771020885,603.9099697704328
108.19176393227815,473.4798182898483,13.710205979598499,15.959571459499273,397.5847831938171
116.37281730621052,207.87328615256547,33.5895447058456,20.074603246170444,995.284696007131
149.75684161590334,494.2570640045461,18.17962989573287,25.485837598674358,552.1472905095725
89.46521195989983,394.8064162064958,13.596315807558732,11.0448962257467,421.54252411888217
127.28192317354979,525.2728589137845,14.538949159119737,19.793842352810408,456.13925027669194
107.72006764699307,581.8550608025873,11.107927891706401,13.25539311080242,335.51733656114413
89.31068592351302,570.3154197978274,9.395925428967674,9.548714658473747,288.2954351468189
91.11157343620167,563.7060173821362,9.697775502840212,10.46911073260728,320.5595318669661
146.4491174371932,404.86798237355487,21.70324013945919,25.586049722597167,615.0919218549448
141.57210476982334,344.0568456555752,24.688729183702424,24.89820303654476,683.095181455155
143.49293722905153,386.0141298922691,22.303785190832,24.80575476292278,650.212903841822
149.40729430791706,475.9584013253443,18.83449821142526,25.206177260787605,579.9304428732686
94.58207730059625,553.5991107484747,10.250964150508096,11.390697687437811,325.0322817614682
104.88075361548432,282.7945212000478,22.25235902812107,15.613686109942542,674.578176432609
126.84533209474067,567.2772633846812,13.416225921474084,18.511389425718754,368.61081141792283
113.8661777902453,526.0720927879556,12.986757444608427,16.142997629460858,403.16883386871757
109.28726733648335,591.5424060712938,11.084980506703877,14.483754361244399,356.45314400108765
105.04678745349152,552.1007093126748,11.416046277238129,12.796136311776934,325.67035861763105
121.56464423604166,311.97493187676264,23.379694677018957,20.158599141161368,706.3771857381228
120.29154000480574,242.38236453761908,29.77730006907392,20.63015619304213,866.8233963694373
91.3020483844968,244.89642879663546,22.369141640766422,13.052676579538188,722.143319170742
113.02178862629074,316.48932743131047,21.426654012683038,18.976573819181187,590.6665959327818
118.7430243346895,445.6734895938157,15.98610109516425,17.693171552498256,508.5907344790869
119.92008571119733,521.728130438869,13.791100619051063,17.459591342345476,411.59601282247564
94.70750350386463,559.700122792626,10.152669222009939,10.900154859986133,284.8137377307535
131.95899745766008,449.5013537476931,17.614051173478224,21.21254102998752,516.4516458468537
81.76393663747487,202.2525250992215,24.25599480571022,10.964610487721309,719.3295174285824
104.83822988802139,274.5267106074134,22.913230480791757,15.450609443556317,696.7671490154332
134.61488539749433,239.89048154134719,33.66908545913915,23.51570457956474,1012.9404533422305
119.47250447387816,345.329790227604,20.75798402364328,19.067683971006943,643.8443941519519
98.28137027576022,400.5403974534984,14.722315786462525,14.022358936982622,426.3597904838091
128.64671835401333,217.35887143142435,35.51179232026904,23.62488915220717,1052.926296987769
119.71736609092514,339.39119031826215,21.164491508219914,19.897862976731453,634.6643070528415
135.7370526619471,271.67186985012904,29.978161390834032,23.391456002460075,861.610470396054
131.45176303328765,458.82806650354956,17.189675954437813,20.694097630843924,510.8179729296418
122.70755454253643,385.708947729736,19.088105982210745,19.46932871226069,554.2482513576953
114.17243727175699,398.1270587735635,17.206432181243887,18.2304082371854,516.2692614621075
89.32274879672664,371.07671521338443,14.442741104684357,11.387001673302484,423.21188694833535
98.29331125197686,582.4078841946268,10.126234268401104,11.111628750867636,295.8534690984748
109.33696310419597,285.8940500486253,22.946324993947886,16.907641317659497,686.5309042269548
121.95095009044721,406.6657039375497,17.992805723667537,19.552962005896145,550.216948621676
115.95954986507134,494.40694734613436,14.072563157235093,17.256738692780313,423.6427126161218
100.17291681716706,422.73776525382505,14.21773852028859,13.57355144768309,458.83039741370465
80.45250504527974,571.6083542867204,8.444856109110454,8.0,263.919896990895
114.73674553305698,351.18734225651366,19.60265619982132,16.762485161171647,576.8601392215974
99.99381919935702,385.4703223092712,15.564438569534776,14.016691132851758,482.55995103309056
131.42258104973746,235.40892608589138,33.49641406591012,23.474490436059277,970.9966754016344
81.67623856893384,443.59964442077137,11.047290897933289,8.520414258282047,344.0118760875018
120.93794679140535,315.2847873792424,23.0149918357972,19.328955449090266,628.47084714004
145.90319662542458,264.1236158062276,33.14429787281091,25.414133761087385,964.0768875624876
92.20864869780496,417.81251716180327,13.241630383528596,12.554119383128095,367.482686312443
113.01546435254167,412.9241053519643,16.42172925548301,16.560421021416328,469.040462370131
86.39953942719967,230.34865648961903,22.50489516471568,12.136921714867803,637.8278858157768
123.79773385829469,479.2861813977891,15.497763799146215,19.27748937465337,446.62343580117255
118.5372176417358,449.50887626034114,15.82223051449816,18.70556206264782,465.62289179461646
108.51558669489826,275.60691309859885,23.62399088068084,16.97178386665128,686.2764429485889
116.49639150316189,387.77394486161757,18.025407799598586,17.733093031976264,551.8446991395901
142.76022609283072,488.129166591424,17.547842152893665,23.646292835347392,529.5765306142068
93.74060116177469,411.7742962165106,13.65902661090132,12.832294799969572,377.7434125301676
81.57951581937431,358.1956304734281,13.665077216863386,9.596052951231504,417.6009530476396
140.31654192893706,328.9353832323775,25.594669788955475,23.913020066082712,757.7921513079152
120.39819576715345,444.1575466576214,16.264255330997987,17.684977388335486,482.45955637274466
142.34609188232898,575.6434793240962,14.836901345548213,22.060194546763526,447.6721631376759
121.78616563892209,468.69793619099335,15.590360814726672,19.008214040444756,473.885376621622
136.71127629717918,229.8983614545262,35.67957825333713,24.234130630195434,1050.3335833940505
110.07713543486035,384.27398939285354,17.187289039590794,16.151731122459356,483.49145863318864
132.4901951901788,556.329652604251,14.289031106284744,20.062535940731188,428.59596837746597
143.9129026822899,237.78497032043475,36.313372326692175,26.137251936096586,1083.0322944940822
120.04860746055444,595.5502848550173,12.0945562965968,16.888096488151415,400.10104608663124
92.65496053936657,579.6277574581685,9.5911514947819,10.277087184964444,318.3841332595269
98.81583305211387,231.30979229195034,25.632075168022023,15.736161389343428,763.2154791586664
93.90512038281841,573.365328179822,9.826731659647969,11.546454999282789,341.08323272821724
97.2799919317013,345.2530361037849,16.905860066491943,12.854004102859323,545.4314844894083
101.44908145457255,537.883666830345,11.316470944625745,13.115758377093805,347.30438316533133
118.8593650727232,367.3533350853086,19.413358266387498,18.3791948180354,558.2034180884616
121.1594140624683,376.34204508100635,19.31637705317605,19.12834913135026,569.4588500200447
109.85498230693028,453.69723639101704,14.527968014191591,15.931134262129532,502.13576305612554
123.07945458745849,509.7909677103933,14.485873118573405,18.418167528009477,407.6309050999946
85.71024479279562,213.51566037929945,24.085421549089887,12.113488183647227,699.5721745340267
86.1451765940712,437.2623982108537,11.82061530283208,10.429444533306677,335.81004491174497
92.0280622250361,274.6931976389484,20.101275826858163,13.149190557005728,599.4334222296626
116.26542486282413,338.3798071452812,20.61566720136577,18.06681107193894,587.3503828796902
94.97962750888195,339.1874664620866,16.80126246990883,12.833199440353582,501.9579403885386
99.82990824448041,387.62413608846146,15.452583926048057,13.185240201724106,427.20261704400406
108.02189853210959,333.6545647504694,19.425221761236095,15.978299561001846,590.2781133975851
136.8306286807266,242.9444473802671,33.79306590198872,25.287501227154603,1006.4347336955027
80.9703495139002,258.25149541018055,18.81197614409824,10.03416381676704,553.0007240006342
125.45651741656357,213.37519422443907,35.27772322529729,21.178286759789263,1021.0377552636057
126.82135717284797,388.0996341315017,19.606515340832782,20.699231419012374,579.7560148557
135.90590462496456,581.7790779411954,14.016238442871769,20.976539094782524,429.42886481034594
145.29270573422193,246.2700894592466,35.39838054712657,26.259979037198818,1026.3701696190474
81.40964942645029,578.5057972012328,8.443439960702625,8.362522258460633,284.4510218961422
90.76485938592513,493.3446058928374,11.03871715248559,10.999341398184148,366.7355875686194
142.0319905839195,454.99952117366524,18.729512974108175,23.413607437403524,542.0790875379013
112.09629935309107,458.11110212942515,14.681543254294027,16.075804930799418,438.3342286061384
119.52134472534244,530.6910593585128,13.513098736181888,17.210164537552664,429.69340873131034
126.41190426062032,242.76794575192855,31.242651216349742,22.182975945287527,881.8299789744802
127.53466231469461,401.90172942621666,19.03967855477091,20.436499244817895,527.6687703856169
145.2218282321556,478.8364553043034,18.196838602006558,23.352178667538062,547.9066058661798
149.78645921881687,434.72817802942546,20.673119451025546,25.743938640915967,622.946842293305
130.41102226516583,533.1116284093179,14.677341327663278,19.349452908373404,429.95662530974283
100.10548464436056,228.9086836045406,26.238974354673598,16.492394354084038,757.9735894857087
141.58266816060404,476.2804157996664,17.8360474372505,22.893870731896026,518.0300297820427
83.44546401785331,413.61109215388706,12.104916758877465,9.560750605330545,354.7206789876819
96.17565970121473,351.6643455919774,16.409225599368035,13.458849533003445,506.9777540169813
142.81700022246002,336.10999289361234,25.494689817389396,24.79657943550438,725.0053729652609
97.93340601075485,448.33305310967717,13.106337620857557,12.74765334580397,394.9113542179625
95.44557417352239,556.3981498577059,10.292511669702545,11.519824146800875,302.98279157150625
89.66877051981731,398.4703704404461,13.501948024999093,12.071559353779271,382.2416524724004
140.13782303528416,529.889265630768,15.867974551452816,22.92297292080119,495.28997690320057
115.00407814337606,360.862552737587,19.12153155337318,18.617063596335395,558.9886163850967
127.24252421379083,240.95778511727062,31.684186709766717,21.442864308503562,926.4493181834075
96.73464688525208,224.60229458345543,25.841582891569722,14.76864434760743,728.2093842962066
133.06282947078515,220.53374852947104,36.20203175923524,23.658964099925104,1034.8955895061508
133.2003881473469,352.060056783068,22.700738509979082,22.607835489251915,685.1637318265937
101.88186174358101,334.8951003343368,18.253213315190756,15.572098675794766,596.7111233375268
108.7477843107198,487.1748094490278,13.39327677065756,15.09270815726157,368.76698496081514
94.67831942011406,497.12860063394635,11.427021414504667,11.450496580111107,348.97280131927283
148.35927163260328,220.34158753349593,40.39889336189428,27.612165316661436,1176.0069412441217
125.19218039408881,288.449305155606,26.041077892675734,20.145682208400927,751.6592307586899
145.4180716500861,309.7047400635599,28.172265936951884,25.699682705692833,840.9063700219643
101.23698805403933,419.04479365712376,14.49539375070362,13.901478259809641,421.9511241296513
134.7323639097823,257.80608956278013,31.356675275966907,23.196568624924584,916.5469740540727
133.61010507193194,253.57648776000013,31.61415466840644,23.9473008322867,910.269590549609
128.4158956306579,577.5155556831833,13.34155186300523,18.696804230013964,431.2252854383121
147.59472826867602,521.6811629191125,16.97527977925791,24.379100885199865,495.4995020174545
107.54887352744208,272.2619608364681,23.70118980933376,16.98763455986323,691.1398592699996
89.15021265128301,362.6271231621964,14.750724414743974,12.179996326686423,465.38013810457915
127.01962014708425,342.2487997030262,22.267944300865487,20.995111328541196,637.3098726387065
131.05168603340442,516.401629626163,15.226716398429215,20.8938932429013,461.22752360824376
120.25424014211703,404.0851665912488,17.85577646760192,19.130640006722746,497.33802233813844
94.47725251933774,251.1398947973868,22.571623499856816,13.877827480158441,644.6522463164525
115.31191591685487,495.59682526249753,13.960369805328616,16.197027399840508,431.8821016091149
101.85328155983906,358.75519128996757,17.034448676871982,13.94507707509857,490.87682922437085
109.92265697166823,305.16969905285885,21.61210447423125,17.182176152997336,628.5352206648695
125.16530030912648,350.199448808288,21.44468828864089,20.201473478266124,644.5802173294308
132.1650319883584,399.10262544275855,19.86933037712841,22.2142003596395,578.8314969845743
96.25572836309402,337.2462065668038,17.125007158951174,13.85203871958156,529.6943671178626
108.37277524528673,296.76230903670313,21.911025479697965,16.731042001580917,652.1463916168616
98.84130996941404,359.4008115215921,16.501016158135613,13.336920931810539,504.40289536700584
93.90421297033083,207.6691642999593,27.130906975104317,14.32148392671031,819.4494486121241
134.8371053997087,508.99913843852556,15.894381174791752,20.91442656220214,485.02549939446726
143.64768861058946,268.3779574270343,32.11463936630726,25.375130219473228,965.5629400679876
105.91625299792037,217.5618454522549,29.209970924197993,16.441756944026476,871.3242100684364
132.58952470616367,461.4794771620317,17.238841326797683,21.228734878289544,505.9697977074677
142.78967025550878,509.5744515294689,16.812813494899228,23.959228459621723,530.3207680008306
139.2286947371162,525.5316526371373,15.895753647392477,22.352291307910342,483.9449561532368
92.79693719774582,397.40367306423997,14.01048004648089,11.865796871102452,417.75511565557866
146.94043170593528,282.14727387599413,31.247602648221946,25.677558691044283,915.9703213228877
106.36735083006238,494.8910708999307,12.89585006696195,14.824309579167275,416.5488760769748
103.74684628216855,479.88523086173484,12.971457291469788,13.648496381263522,405.5295184410444
84.37019290944463,298.5082936412693,16.958361567836917,10.963053868638026,544.9988634652602
114.03215578734181,561.3631023451171,12.188063872844637,15.658452600118855,396.1281137169526
87.630953094865,241.7485832331316,21.749278177243575,12.635825138913503,653.7475706477064
97.39778746491982,593.0752958365302,9.853499697120984,11.3805759202912,288.22196476942474
102.1859835237097,544.0991243909858,11.268459618061753,13.047838496034935,344.94112598930644
136.6178426444179,475.15945819163005,17.251199397064774,22.408578398258868,518.2196710217468
141.28420552771274,575.4999553119331,14.729892250066332,23.464436936125065,459.81313130219684
101.17264222230287,488.9244673294831,12.415738910540954,13.768511327696348,393.54699316388474
140.10886848712016,276.1827988120184,30.43828994921964,24.769505955673104,891.033382274612
140.00616561588538,376.8624552451247,22.290280764342057,23.884685001120715,660.9058051024625
133.52556652694113,228.60120973265413,35.045894993232295,23.3601650788354,1031.6298646156545
90.2686579810627,355.86296891524614,15.219677100355133,11.364183847729455,442.48283410894953
128.32259928305103,496.64120789488345,15.502853638783572,19.655947425243184,501.5285551334551
146.15168452063983,354.57734037232694,24.73113781616818,25.208901505355417,686.1988846236351
127.777833513701,332.1176701872537,23.08419785824542,21.60466804810826,709.9340642746276
103.21317943754838,438.1422890041248,14.134200057083742,13.747263395864701,428.22433619690764
115.04055222015819,548.881811599558,12.575445182077246,16.86242933673674,405.3432952739303
125.20075303457375,219.03327701844498,34.2963648461591,22.03720898633868,1003.4187469880204
115.73992861099525,354.1881738798942,19.606514922812107,18.129063431319583,589.944835932685
88.3967059211679,263.2962967261051,20.143854741669127,12.21144042570386,609.2206672304959
101.84448312564145,478.1417002927478,12.780037766622652,13.307859026452931,407.22647435449505
136.16772213875427,242.28982417245396,33.720208251544534,24.284357102442165,973.3622604293125
140.2992632266862,465.92310343209783,18.067264172118865,23.698250636051927,560.4322905849698
89.61100229008991,314.47234831916296,17.097401937382863,11.698102387238567,490.77178066648185
146.6670726679107,279.56672549488985,31.477366787827886,25.629646616947458,916.7575768514264
103.01758324940266,574.5410231299941,10.758248316701401,13.359660249960953,350.9066710840034
126.3619617111504,207.40983069838234,36.55428326198502,22.21349952516968,1079.5409826749192
132.6277602169677,375.1109087558276,21.21416740294795,21.52404654572443,637.4514036323174
136.83623642465184,208.65079698471752,39.348875269719,24.249570887137466,1130.3641690192917
146.20247915581513,393.4372192417316,22.296184296583327,24.828429862731692,676.5989854468654
101.90436836201758,400.4189511177673,15.269662149239256,13.937962506805384,447.6729468359154
140.0954518186088,328.6649885578988,25.575365194810654,24.176668699641706,785.912331135267
89.2180832405345,252.86471101000947,21.169759010857675,12.373838884123819,625.2933261948364
129.3528634447515,350.55501509379013,22.13966844721536,21.17414358429356,623.470672532692
131.93844106597902,468.9051759730264,16.882531628130554,20.691988665922167,482.5247971410078
127.44062688409244,512.9583234577836,14.90654749785895,19.454264508479223,451.721391118714
97.6620315294607,412.3002409552569,14.212268899458495,13.23383221583603,434.1200564240302
141.11302029106423,435.9337577759022,19.422173819849757,23.465906306836793,617.2331175474413
91.82009243592765,280.24654844986105,19.658424257600846,13.480142115596948,563.7139900149455
83.75443540645816,314.9321332910598,15.956663652810384,10.859187562192899,481.1698316570648
130.22254934283384,264.7582440209434,29.51127353734815,21.68962784579702,840.3839699969759
113.28330006629136,299.7181400018445,22.67796671878336,18.266354228900997,659.5484735966132
139.43686139710732,289.9547120902127,28.853511720904493,24.8274453888047,876.7538207370912
106.83779987407813,407.77951455649503,15.719936297968664,15.230023814089398,450.99645810746085
91.7795011955399,425.07550231629176,12.954804597595688,10.84070575071271,407.7011468357711
138.55095347289088,577.9789683286018,14.382975270558948,21.720471555000923,443.98241698951074
118.42367421480502,278.2282588406092,25.538097684602334,19.458162274542502,749.352659270117
93.24370546732484,456.6702840645984,12.25090075545205,11.103449251466728,386.55337588848687
130.4268799010512,526.9037075950091,14.852073882307971,19.45208743411471,426.11616726977906
115.77795469426503,424.09658551322104,16.379941548572884,17.455666105345976,525.4107420864248
122.30190875682239,302.00146100043025,24.29827491926898,20.08551146592589,753.4658721533698
112.26288367446074,305.0200920080001,22.08304697610208,17.49720671116431,653.6129334679649
138.00962886726046,215.70122122839996,38.38910918018196,24.7997448426193,1159.7029561063248
138.06939009781348,322.1776906193927,25.713026218365236,23.34716278804185,746.7749864620323
129.65721752770702,497.84147160135205,15.626325839507047,20.03236254642539,479.0992464869334
87.37809641775236,219.00710288284415,23.93842809687167,12.625735595847013,733.486890362845
138.71977033328483,287.71811300193224,28.928266396426675,24.193437234589073,835.9965919451417
126.9709086373037,482.4929994127128,15.789357622827916,18.89113513598581,448.04451435024987
128.79169162030098,513.0606251291506,15.061575803586267,19.66368006549386,422.9739868336383
105.40879882827102,382.1273640247714,16.55083756128565,14.791557230325592,538.3068752484578
141.54956893099046,479.22973539145954,17.72213514447706,23.475607460882358,519.4498654719841
130.77601201644,355.18086746195684,22.09173252223908,21.967374797948136,649.2003649855933
87.88133265704361,263.965298009651,19.975655888032037,11.249122912475553,571.1500954160678
108.54446240843139,359.2597974091626,18.12801708254758,16.68300798386369,560.4116275664167
142.04662533720992,431.98712808125714,19.72928581943638,23.333072328385654,570.8455958481084
83.30376911881653,579.2213127411561,8.6292165657285,8.89700743718077,264.48795631007806
147.29916337494348,227.50038083547093,38.848065968242246,26.995674237253926,1130.1383318287046
127.5413797823694,402.9576375379842,18.990787303841124,19.959532126393757,544.4273249989614
124.19631843503636,331.5679112842897,22.474367550341594,19.83107416562144,660.1041731988566
98.9391479541594,403.3246777106778,14.718536219863946,13.718858171419818,473.60533118663983
97.41542521174239,209.59017895061268,27.887401699684734,14.716759725341692,824.4698755092916
145.9440753642017,325.21014188063253,26.926111440479627,25.759702519807664,791.4815854037276
100.87907179638859,527.947259010802,11.464676072235227,13.707523469087143,358.3512008990615
134.28537077032996,421.576693541855,19.11187779032161,21.724316798759137,561.3309293238103
107.51852587449554,380.23299712644695,16.966206513435253,15.892534777200472,548.694674019603
89.74778495492927,314.21002868613584,17.137795123257177,12.795603247346586,497.354014733292
80.75007083867513,319.2170091165424,15.177775970426605,9.962951565982763,462.6947102430423
118.09801359106756,353.2405734362338,20.059645885336504,17.903996082789558,598.0679112230538
148.30451729842528,534.2282839858242,16.656308369741115,24.761459335925647,520.2317147737945
105.83953356664432,586.8852827233073,10.820465601950701,13.009580120962935,358.00046750854204
105.00346337951314,375.4621525401498,16.779874509713945,15.990293064634814,502.89109822517855
104.08641324946095,357.3411354991047,17.476814658477245,14.812881840016653,528.9446214613153
116.4380686113401,538.6203103279452,12.970703077324966,18.116579929111488,402.97810111954755
110.84654183970055,370.76212825452143,17.938165749810306,17.499931416821983,490.66288263297156
141.59402387089102,420.8072689182605,20.188913214575898,23.480089656698123,567.6229501904515
115.38645542064432,292.3766658394978,23.679000871564735,18.597786469720887,685.452049223613
115.54304867319982,497.4010143116301,13.937613155023865,17.159226531576262,412.3675248142179
89.68601163043897,412.7953273083127,13.03590506441756,11.57569034443398,374.255411518818
148.79176786372702,523.6138200961366,17.049790760267772,24.945231804307905,526.1138911793689
97.49810236081808,512.2930920114679,11.41902210447556,12.836461365086398,352.81236369530956
85.13548472217218,286.0019073080114,17.860472090590296,11.1435077129499,529.6268717163142
126.42023742826461,486.25422022310494,15.599276942451217,19.37450032811482,445.2068139344371
121.67564591098109,520.0217631805485,14.03891004485549,17.913822961054894,425.55733998469145
109.0601957794922,338.44289631295806,19.334463267087326,17.04674793490138,522.8396338642032
109.55345637164746,269.0436451609098,24.43175113230249,17.54561045831515,715.463543425406
134.95447447325017,201.05286223183526,40.27432575945127,24.36742784409225,1165.5218291758129
93.69988480697543,380.3614612372593,14.78065908709841,12.860369419998191,452.14649993051427
137.41773232614227,340.97309261553664,24.180981192158868,22.543715201301325,680.388314289804
125.41229797265127,421.96393353016356,17.83265649129508,20.04318984361615,537.6348484991731
109.32788416456671,275.21643703551433,23.83459767349409,17.361310627572557,681.1004950363092
112.0620031608708,543.86621906659,12.362820035397359,16.342772317007814,363.0627156703486
97.9653045030267,303.10208625124386,19.392536497783606,13.442356172691643,591.3651309592306
132.64800328878823,290.57184203506,27.390404182270995,23.628020999818215,842.210165230545
115.90123196136875,392.28562259374235,17.7270680268695,17.85355929378444,531.1962594807384
102.45981799248905,399.5404094977097,15.386651596212532,14.689235444942414,448.00841796735085
121.72350810326651,286.03409151403713,25.53335669722983,21.041356581475664,753.4761675277306
149.70141164359262,308.7442906903663,29.092310269223784,27.16059944030996,868.5706158751959
110.46835957595877,267.882095662098,24.742607594492252,17.798667685953625,739.8847344264296
144.44839805450337,487.3840713292667,17.78249309550172,24.10280552676897,586.5900426267389
104.15117879471963,508.0356125016328,12.300458026774832,13.643232996053221,363.2515747926339
83.831289484749,384.93139898371305,13.066944869565605,9.980261965205912,404.15861172995636
94.29694744579002,485.63480907400697,11.650352777502805,11.305064337942365,390.25399034606465
109.3086600329379,494.3741567749782,13.266307536705407,15.254017265732667,434.4437772188288
95.37444500161983,255.31021107112343,22.41377920643779,12.831288873984455,622.9703541032138
80.01589267527788,586.4712099338146,8.18617091375803,8.0,261.78643813367273
144.0501076423269,528.4127788385724,16.35654322655965,23.453841062326905,521.3166839765654
139.07155878616504,281.7933844783294,29.611389006229842,24.34012563852926,922.2007721638228
131.9604562040863,274.4660142984281,28.847387143664015,22.935054899881898,856.9780583507487
91.747021695222,250.2644582318331,21.996017095699283,12.435699411038055,642.8660610982361
88.42545033469902,255.35142501676734,20.777354266707384,13.254437995760261,595.7672122679181
84.73233246306683,499.2647196114785,10.18285440184972,9.136473142761977,362.3805269987722
130.68204321410448,387.8617027806494,20.215769014144225,21.418007134895717,614.732830737773
145.01655724815197,513.1736690959469,16.95526087731191,23.406759534404443,491.50246858247186
110.13750746391258,498.50195774008216,13.256217644144703,15.455002566283124,400.37371044062513
88.33984703972337,441.84508540208867,11.996038877653083,11.284996332081839,375.2009774698588
115.86749745124746,474.5466426314718,14.64987679298311,17.58570056337954,454.50638612192085
104.41823352210412,207.34228975165672,30.216189947695835,17.08216080361024,863.4041560381494
106.23774470449985,324.7110587220088,19.630574663387485,16.320086405805583,571.4169634781741
123.4931436908995,455.12887170376405,16.280199042781778,18.93860575005451,456.4205751833069
130.31026792835416,203.7379813944977,38.37583950810855,22.330329667858898,1131.6629006874982
87.74225192112127,213.19077747303737,24.694009645577147,12.400425634269673,719.2657097304598
82.49131615645335,540.7551929881533,9.152901411888303,8.14560610876628,298.36706556181406
149.60312118800005,473.6099446768287,18.95270015372032,25.897720766743543,593.0823013902366
96.29098442408863,306.14789324813756,18.871464389802608,13.92215980735874,566.7499675470272
83.76813674359214,475.1851360474836,10.577115787799578,9.973432122871534,326.833932880565
93.2912730367144,516.9826676557053,10.82720317798084,11.732295629971967,340.00489689252663
82.72704924439249,322.7177132440405,15.380695731783513,10.054194222385696,465.4467044117811
107.42676262320202,214.41495099967497,30.06136338599771,16.433706324169407,901.9656929623352
136.1681249115927,573.1116498750938,14.255664662332695,21.86695184948004,438.76072363403773
103.88711148304044,338.0719353182522,18.437575077371115,16.028288455843125,539.2624186874467
111.09283848148566,242.59270531388256,27.47638392615632,17.296406525467017,825.3028517998199
127.29107414972071,396.74274855725895,19.250419766351403,21.33168077624155,597.6194885383276
115.62258490489161,507.3871182656535,13.672706390352808,16.90321449421287,389.38300048291603
140.3011980214927,288.6589258470237,29.16269384910953,24.829250338465016,882.4250845576681
140.62249725320297,307.79602005334533,27.41214728419772,25.46321195480211,809.8336002912688
80.69374868438075,297.0859947194333,16.297048690010627,10.685220702154172,495.618522489535
134.46324145382394,596.6692211326713,13.521385386553293,20.868654399020244,432.0265551122529
112.25135201691717,278.961493492217,24.143407882933985,18.173970048605803,699.2741599916995
149.2188378912564,430.2080867864496,20.811162199095566,25.97734266555161,635.9853349007443
113.82624531128046,570.1058566627858,11.97948528130361,15.506262183573407,360.99620642364965
149.08271617718083,258.7586275511117,34.56875256792735,27.15004873878831,974.3031945124385
132.81985528440157,588.3416791470801,13.545175532382892,19.762539192304033,392.6079793005343
97.40234192293144,578.9908937582499,10.093665683481424,11.42046260607649,326.83787167955904
117.68764855008703,553.8287948233051,12.749894875469709,16.61906031296427,371.288323214998
149.4494947635008,285.8226085320009,31.372499648872598,26.706754459604223,946.1165669186988
140.02714254263466,453.6220224043933,18.52120959213093,23.266280447049557,576.2881339435025
86.81568256538547,504.35658918449604,10.327893132804245,9.492465224247004,348.75331942651866
129.44603977669973,594.4111712785718,13.066312952860162,19.580451139691238,401.59178254062385
104.19057101095692,272.16952883254817,22.968898419571424,15.20476434800635,682.7405789996357
80.48875833162437,506.4103598077186,9.53638764762066,8.02322309135573,275.95105205906987
108.24366783188998,335.5204679708452,19.35685208473703,16.508797880657472,595.918632500775
96.432809520748,270.2505862272009,21.409642998445115,13.969874170368476,641.3295912845986
137.320848936433,368.550776485542,22.35580946200829,23.21119672666229,671.6877611909962
103.61314261920359,517.5343648594466,12.012320300393169,12.874593837321859,403.22136042882744
137.92665857676718,385.9399214816209,21.442714407040498,23.468238892498658,622.5437187901539
80.04185571843567,415.0092400812194,11.572058834560561,9.115806343291947,354.5509656192505
101.54734050182834,598.0637640800485,10.187610077801333,12.68166675651773,324.67282058080104
96.88156500154334,359.6437198229704,16.162923414744782,13.95096400795069,467.472454624329
96.34971527480278,446.1603018836959,12.957188015340595,12.623470897598883,392.2753499977797
84.77306338358238,346.0976806461488,14.696382228042943,10.814724537187704,454.79710622157376
93.09869892873512,357.11425853148194,15.641833957273011,12.60201210525755,465.01831084882696
118.8884698919934,478.25630137816324,14.915241415458546,18.121152408058634,477.27280274476254
100.39527509864212,575.1547904379534,10.473209310022003,11.568969001861156,295.95272365671656
109.21763476304037,416.94358019692856,15.716894076381548,15.503495630824165,496.0930519837966
106.3806816243032,507.3599715795119,12.580497585544926,15.232836581552776,398.65749555641
141.3133447499926,235.68262352678553,35.975501961585785,24.24406652982269,1031.9871842577227
143.37092993073608,284.4632149727708,30.24030997001698,25.471542460809214,863.5866772342778
114.5069880159102,400.852656367813,17.13951291531539,17.982035148400943,472.03981389700147
103.11091652209231,208.0046894515099,29.74286304620922,16.280824321565046,852.181813047623
87.47604928016546,301.1419915050235,17.428864472135146,11.44197768016671,542.7263374685924
146.73820155674665,406.96051592998646,21.63426609897332,25.33282994330197,638.9282088182265
84.21588614302082,205.9844793025203,24.53074710138816,11.521897708684326,744.7663181441043
100.83551942977962,305.81851449041665,19.783403813428595,14.903563853959492,575.6013140651144
100.86463408190029,405.61232779034776,14.920350369730633,13.656112478110602,465.3788151834706
102.42809002981504,429.25969919249826,14.316940102576265,14.723993751364905,419.9172125801129
91.50007902906864,570.3006772221222,9.626509245062419,10.925129908725593,283.04824889604373
134.8213001646588,458.13824930024316,17.65684926380853,21.810236848135347,526.0518009132267
88.57485033761924,365.8943210119975,14.52466112498886,10.639133937527854,426.80952400302095
124.4434661407214,572.140470853227,13.050305560989962,18.037338758464916,367.7895973793618
88.66922186940722,513.9531933551177,10.351435463284407,9.932025565598783,319.10031526476496
84.93749463150696,280.00356844509906,18.200659749411912,11.463012791331487,545.6164560014362
143.66006525801134,252.3369445395279,34.15910393624681,25.397664587521444,1017.6489673629683
93.3090136423094,470.32465429709316,11.90356654151091,11.172952795451252,385.132791752718
137.4875108191793,423.95326623079353,19.45792450779232,23.095458143516655,603.2442526052072
118.12416097749951,515.8694455171023,13.738843655579528,17.720578175185175,432.41671942164146
85.44995637261387,495.5220200314746,10.346659028454832,9.087216913460631,329.2645383612431
146.88137340066473,450.084613543006,19.580501396539752,24.248886138853806,557.7136797898931
97.28728168943248,594.5528686515569,9.817860125046195,13.060786146453344,310.73849048561914
140.17517417468247,413.43589204416344,20.342961538478455,23.98738157360238,615.6708678467971
91.81670040491949,245.24230260068794,22.463506360340773,13.081283534760209,692.519131922598
139.77600174992972,531.3094259263953,15.78470039445077,22.871973129891366,489.27029266924666
80.92601690337058,300.7413449382836,16.14530591129286,9.974900912148179,510.4933802031888
115.82463195986364,510.9208592575673,13.601867670249927,17.163646370857464,393.51748129714287
133.86098055950896,582.8428384000206,13.780145014080444,20.598909318231087,412.6427213751163
145.43568622449482,478.7182055857365,18.22813728755689,24.348052461938117,552.8475036628319
143.6441495344541,438.4120643799205,19.65878604243534,24.167497214252386,607.7132049373181
137.37374086833515,384.15447027001625,21.456015977912834,22.446379001184656,632.1324812303483
142.1733944762913,345.7639463981613,24.67117742448014,25.664840480364845,723.8070568809445
93.94537800859536,341.20190038873454,16.520197203162557,12.404545457397994,509.9714614335563
99.89290069982101,454.54908228383624,13.185757656522261,12.638683593587395,379.93789829779865
100.22779674447409,500.50924677509835,12.015098309203987,12.8812886891483,401.68134021917234
106.39377517011891,471.40682779376573,13.541650510416211,14.285216151108596,394.88124999368466
107.53244692696322,279.3640404774251,23.09512278169947,16.747286856559313,642.7613241687776
118.11887272582729,397.5948720573965,17.825009479816792,18.65740873283421,533.1247995613128
91.1915834356509,516.6560288732252,10.59020837920315,11.117729236941452,363.43071506460205
128.38726646501925,390.2816312756225,19.73763398170543,21.312138864496273,598.4406282455311
91.72965775131546,414.6493118941975,13.27333558070218,11.516997756958913,419.94005069526014
101.72159374731832,508.4544192683289,12.003623911110468,13.308453617583464,370.0382737665276
115.23415914243078,464.5061225060366,14.884732866908537,17.206214203711227,447.1874827848754
135.7508393066434,363.73796835295707,22.392631693854312,22.07564511305516,630.4790007401934
131.7628463267109,558.1650844776875,14.163857610335146,20.51041605503071,384.7743711679006
125.18740494873656,265.0268274653914,28.341448934655684,20.51560973505511,832.5992545364488
90.90412824061191,598.2065794361299,9.117665839747021,10.836126728841453,314.30069812412177
118.29317419309044,247.54103139049488,28.67237973323707,19.50364895823238,844.8631392542104
86.12125512599198,205.97998844169555,25.086297686739417,12.074679335335826,749.6022564355385
106.41542237576556,556.0075604595058,11.483522521293034,13.625564942724406,386.2582700757867
108.94615712029714,297.9814033463824,21.936836842194793,16.63841978125545,655.1343573061079
82.78680076120277,491.87985097868835,10.098417399673849,9.912822940516087,313.1779639581467
99.17916696289802,524.4061499728277,11.347597693280717,12.985079641550417,334.3908540702247
146.89546270865424,543.5945564128467,16.213789594731416,23.303375959766687,528.0559067482395
146.75428254807827,596.6376942656667,14.758130499485258,24.31831683026557,457.2055918092563
104.66289379767775,317.61588401599965,19.771598159569145,16.3199896099627,568.794694660561
83.01700762638268,484.09733677090367,10.289295311575327,8.761780613025756,297.5757089900076
92.5366457529727,246.15994331233128,22.55524871539986,13.536949077132803,691.0116873804438
107.45524554034782,362.7237165427398,17.774726157618595,15.996987642462026,510.7605242241983
146.3445788578461,539.1886773250362,16.284976114543962,24.968403529278213,526.6902935899168
89.88393444760294,347.0632184236433,15.539059688754334,11.425555870586113,413.5071935744785
133.44610905677484,436.43815221424563,18.34570718161231,21.806874005102152,576.0187725885737
87.60777775622844,401.5093774898536,13.091765622601283,10.560153512624726,409.5499041827336
148.68803041738937,458.38061244481804,19.462607236944052,24.568705185238198,581.3489679247654
106.71315493763944,589.1577557550779,10.867699243053172,14.881327240736608,333.756156097586
134.2664177229339,222.29421060056086,36.240192857976794,23.27074330682344,1088.6221675109257
103.98137579677922,429.5846070006519,14.523058894885601,14.658824192869877,454.20497241020377
123.93682140111662,545.211511700114,13.639127429424455,17.546488455551955,397.1412108297867
93.44112593180257,392.55308469937097,14.282062157788816,12.089930699504551,398.9081245961759
90.22147135078738,231.41087437662912,23.392540629862236,13.157822005837348,693.0432406730293
145.6644897697692,424.2157409667084,20.60241651163067,24.43649145720221,611.0101360222097
144.23530945331032,332.82955632952815,26.001652805829366,25.612640203337374,732.4751343988047
142.12282581490177,261.97671413517435,32.550104985644516,25.302376696074386,945.9245793272098
123.78034151166153,539.6138053133892,13.76321439068159,19.00873737558917,407.2162469147118
136.57877478513947,408.6398051964486,20.053666781602082,23.435221910102918,595.7850529056534
84.83258558379625,573.3105649516267,8.878181296828608,8.25320926850542,295.83324188156496
103.43523293234753,522.4066018412276,11.879853650523055,13.618008499706141,395.5820073693487
101.95921873300094,477.1887175094669,12.819986934956589,13.715016270908839,410.3466465476159
124.49517253668293,202.01020134612477,36.97689672316279,21.95042264196877,1057.0968346713062
104.91704414294483,371.1293826553,16.96180077022741,15.311792607546296,516.0260289420953
90.39547471505766,278.9945126608129,19.440269384428174,12.656794610663717,579.6110218556199
121.75269527894807,564.3191644195472,12.945088838602349,17.586112571298653,369.04448618520576
137.0068744468357,269.8335938705441,30.4647481023211,24.165606165691177,896.35130365248
106.74864461219812,314.4240206637142,20.370322417517002,16.914027634986144,641.637900009867
89.25881005689372,406.73470709379967,13.167129605633951,11.456339272125248,402.579976410713
93.76817381189761,305.3454475992317,18.425329321097802,13.504832896395694,517.9224021312422
96.62383136185687,283.94587091164846,20.417376956734543,14.410536402676655,606.4331259163669
100.99283150961753,439.63973004110096,13.783035236625578,13.64640249356768,394.9781106912816
124.99565493544165,235.57180910200955,31.836319144957155,21.621416696973824,944.2309968683392
122.06618391764033,223.26710348836988,32.80362812356694,20.309585844976375,964.6594970239792
128.72559030969273,348.89811807442857,22.136936310255315,21.994569961006654,650.7681503632691
105.37513891720593,488.26578180314493,12.948907276859744,12.972320683656188,389.17116463683556
137.67983563159848,421.9227033095792,19.578918302091658,22.86210937315978,578.0033710454799
94.28613628090322,369.15058738671155,15.324825071801676,13.278211869730862,462.7770901307022
112.83285232627077,426.30062568983294,15.88074408434467,16.073349380935888,462.8008263313083
136.06571050790012,346.18059386130943,23.582900876716195,23.389772678307818,667.095673048879
92.61110534128335,574.4585341728451,9.672876265086684,10.108973469687527,326.43769232194614
87.6904179618548,221.96195636430974,23.70417509330124,12.224911315611651,690.5532698193974
141.8578777381593,469.3565916119341,18.134341386488668,23.979631476566922,544.9635603711278
104.00507639314371,556.5130659311002,11.213222052833547,13.512084649410104,352.68798751629225
127.87090874363224,521.5538834941013,14.710377522679698,18.580000778558837,451.77210464733224
81.77440229847569,273.6164139285787,17.931907181523332,10.001522198111081,512.4533481565613
128.30328218866146,318.37053959211534,24.179991469004435,22.018518929808838,678.1257126114408
102.12709180828793,486.8191754828419,12.58706685581913,13.802436674017228,373.8446809813233
83.90185975112092,233.70822367230622,21.54015595157589,12.245958109120672,645.317525444701
122.68689330836818,524.7446799330337,14.02818147568739,19.134815855419504,411.587523917962
96.85626712512213,487.5627778419161,11.919236438085042,12.103814536289711,359.73893045446016
107.0765069436316,491.842659694137,13.06228788819003,16.001696537397272,441.528963659677
85.64065686005596,240.09654810703654,21.401554716699255,11.754327667390497,596.596980415503
90.30142757664618,487.10421792649237,11.123052224147235,10.185587382801877,329.3458523071096
100.85840648470906,471.927250087988,12.822960293041517,13.083047425587663,430.1845659576648
86.283165039211,532.3689963287402,9.72443913536213,8.143192410535836,304.2218254939988
143.75783852804207,216.6383825025878,39.81506052640275,27.050283101831898,1137.2226882469693
80.42329302287848,209.24426738711688,23.061074225012714,11.533747040368548,703.5509546823661
113.8702153205018,349.20283995142427,19.565169974506794,17.196045157031303,582.9660261381331
88.6273220692786,259.5153135396612,20.490657185607787,12.188062512476884,600.9224202317888
101.53753626345639,423.3537910280888,14.39045144963205,14.051546626357753,440.18189846122914
144.82416918727859,566.9395606026995,15.326942685035375,22.878419816780966,449.50897699275123
91.31861872917908,356.5918921336063,15.365231920914942,11.213309223153983,443.39812743875973
147.6082623802833,537.9801509090416,16.462495368745305,24.19860214659774,492.33398715691203
94.40560638925952,200.0963498071466,28.308044543615484,14.096998558799768,807.5144479257058
131.90962759267808,267.4058573836737,29.597622628755115,22.681964719696634,864.2146313114072
118.26740854281182,212.16941586163423,33.44518098308937,20.129042574596916,979.2925074076459
141.91351093177315,331.2588722060275,25.704400305422087,25.47708696897476,771.574170517465
118.77952788521917,563.2758382786011,12.652365304524544,16.834412649251135,410.0133978603635
117.41914534094161,238.7808494395951,29.504663950191375,19.654948499473054,853.2717888725454
93.68206002578799,442.56391069752016,12.700817815642047,12.262385202838832,398.8058042528403
91.6360553436161,380.5983756477777,14.446102958950108,12.230101537068327,447.75005783389554
144.154240578086,575.387284946325,15.03205694837696,22.81064331596078,460.9345534609239
102.94867391950238,249.00765701483755,24.806146562802606,15.966979584447119,719.662480279644
106.04575784740271,284.8111402008916,22.340226812603603,16.632278709847277,639.3420667407693
133.18765608998717,211.8167874445973,37.727223898575176,23.12626215426175,1102.6668904255648
103.71764376959652,373.57409985254947,16.658164012526687,15.619396260306381,465.97139901555806
146.64437126473018,311.1331598258617,28.279410271821686,26.822660710465026,821.5723263212585
131.65494382991602,547.9623735561283,14.41576467838595,19.92895353404222,385.97377516716335
121.82004698013941,441.976325279102,16.53754375688042,18.921507397873313,469.9884382390025
141.66266123813267,445.63629519028063,19.073311052141023,23.993116066014373,550.4863528528533
83.4724135844638,412.76427875252097,12.133668228763216,9.383119885703273,394.80223600493304
97.99438845324461,236.74013489168038,24.835937978513424,15.051437119759377,743.8516431169818
112.55254339546369,378.0074734901421,17.865129864698122,17.202295169552706,522.9730580278377
95.88849776300647,599.8020758834066,9.592013927772324,10.293533213530932,315.9770445243381
132.07336311115063,534.091716338406,14.837155387836152,20.747578964550083,466.6494862906547
144.34456217376078,557.3836216668464,15.538084352974073,22.776508934341336,465.39572350325153
109.66390839516464,529.2905436985998,12.431422745116551,15.51925330522269,353.5538407463602
103.94928200783265,241.21667737239306,25.856242563366685,15.899349753170672,754.6249247920256
147.30855124962966,290.97930162591985,30.375057695136288,26.370830195433186,883.9064661998825
111.13967029792786,201.24866054256384,33.1350290724808,19.048998017600624,938.8329886451831
114.23338803144983,321.4040499512446,21.325192644357497,18.291319461914437,638.6988886672023
104.61549106393338,243.44296093859703,25.78398422215714,15.83904797730828,762.3473106496878
143.66839311084968,389.11733812063324,22.15296709286852,24.16612514681496,663.5380338277461
119.82688382972955,470.8509954295608,15.269401784368402,17.775124930666532,466.63141140649446
133.35222110271513,549.8021180152308,14.552750897080497,20.888559260755468,455.4956743012963
136.82647028456205,499.6868660363593,16.42946568156618,22.17557844741092,490.09048218448885
103.92943293420808,575.434238311402,10.836626604546838,12.802733022247178,340.42718141069525
110.3586031924266,221.55931615751552,29.885975035408084,17.404489032067243,864.1551987475868
139.39302420843853,204.87193416661657,40.823461185778854,25.41987639735683,1168.0113254501014
105.42787461730671,464.53524553448506,13.61720674124567,14.499261863846023,441.35380735975986
135.5754593416296,315.7409640888985,25.763294870435175,24.42167427429535,715.2938597378323
145.8694625802106,301.40040644230925,29.038340917061372,26.022113670883122,865.8074702683077
123.62472611476049,332.3548350775177,22.317964970046525,21.161535305215153,646.8665430462202
131.91391012163223,307.91842315694566,25.70432300266669,21.927681608462173,739.5100238837489
136.35681184287944,404.5745625206349,20.222251887513274,21.94970479072576,605.5718643932522
139.152775422765,376.059378889653,22.201723967149864,23.120377627411166,626.21616103146
107.65373364997572,404.9714205506625,15.94982680559426,16.26788682851169,463.86785583915486
83.58844214231988,469.08544460017447,10.691669473594509,10.055989546621719,315.332104885184
108.13133898657176,354.85220358845936,18.283331126551605,15.850445276182144,541.3847223040694
127.16293608488628,300.5230748568627,25.388320576472182,21.180615342104762,729.5412019623161
111.5245270046555,266.4802147234982,25.11057575971428,17.286361547069937,769.8354038233538
132.42742056022792,339.78964781305024,23.384012093226897,21.44671534401487,725.1977815251407
104.98877006280647,496.7225900984688,12.681779184875865,14.551924302385324,347.8422245232672
124.43208987728207,502.6819640445878,14.85218473439142,19.032648387752186,460.20614646043697
93.04938633977822,466.7621546736841,11.961045094347403,11.530962912329551,385.1863973214548
132.455860565147,293.61127012274983,27.06759733911534,22.074807464435395,803.7094047325177
118.19871781691181,435.2344983418791,16.294487445349436,18.814630373536385,476.7188245883184
94.28450719826205,428.2758646307392,13.20894054296818,11.923941014426143,398.2253682450903
100.4337821448465,393.70647924389016,15.305887117386847,14.265725084268418,447.113521320201
132.40260960072828,419.9915945535457,18.915037060416402,20.89785530821234,555.1726638799711
113.78208649630645,396.71625304946724,17.208584567184662,17.15954890738988,491.38864488792535
95.12220082751506,426.18254642964325,13.391754536792378,12.546160665826909,405.9527205364331
147.70898332592083,486.2023818484515,18.228086349271916,24.957754451522767,514.203022642965
130.05875138718216,243.8512777613759,32.001165443419076,22.710116550990634,927.5921135732252
146.9994382777857,499.8503008596095,17.64521554053113,24.744225293460737,502.89554012287834
109.89735317522403,254.35446005103768,25.92382767414556,17.014447255737053,764.8201719451965
113.25702384842043,226.65119936414987,29.981846334672777,18.753842439965098,861.217770052523
142.85686513295133,590.431874488587,14.517190345459175,22.720345353955423,445.7103629252292
116.75345381717693,582.7967075481765,12.019984221430308,16.42792847513693,391.3022686834786
129.5095238333967,224.17461797622562,34.66302965141172,22.710846577128223,1038.2424700645347
97.65210142468709,377.3013765899849,15.52903447751892,12.825700458702192,417.7944220362426
111.27085280918485,274.49797531990987,24.321677275653293,17.077454040347206,698.9432171014694
88.64149060672486,394.13795885376726,13.493979244908896,9.987625025226572,405.0616070814571
94.41860251138732,532.0708971998349,10.647295652698588,11.68388513855348,340.27354389507786
80.06603906873417,580.2447098971561,8.279200589309147,8.0,231.46274324646208
82.74855361540622,453.70106138061493,10.943137760833341,9.531505915628815,319.74500914594637
148.40986762238504,341.5622668847268,26.07018667067313,26.42081429141501,767.4069944122353
96.96475865957336,441.33022625783934,13.182612867706473,11.650853560933818,404.0646398155367
126.43174966528014,324.80052244338015,23.35558121289413,20.49937091550441,696.0102670797672
138.7369789159728,563.9294563328242,14.761099356451272,21.97375262188513,455.63164294642274
118.5462321465595,548.1601852423348,12.975721550533812,17.13228254353562,403.32042756573077
90.72011500587693,423.2927001118644,12.859203333565944,11.232411816845334,397.14484195975666
130.96815061353163,329.9195661521442,23.818196442426505,22.2668582944306,702.5826695036757
122.01759870697082,317.35587023319135,23.068916031201116,19.99986082027,693.691370658316
131.18754125431627,213.3671978820238,36.89063995493438,23.24495827975431,1024.313425773979
133.8822635999961,526.328340410118,15.26221409574954,20.71317829987422,491.7374822129379
148.27872573793218,380.1532852156032,23.40299003132426,26.379102174933337,645.7015204535551
120.1494296018697,330.0531713601058,21.841831564305167,19.2049862861218,624.3039819329997
103.91487788834212,388.4441419991016,16.050937571649484,14.237077357204102,478.4966059755063
125.3925189830166,527.4951961818608,14.262786075471963,18.548694782665418,446.1964866512998
84.79084964698383,249.84568308300848,20.36237294974106,11.27116871730044,544.3755551826192
142.81781228251106,543.062395296731,15.779160573746774,23.57688092813321,474.8262408104633
88.35667079367377,559.0035340433416,9.483661416726195,9.52085433498984,314.1903875805238
102.94899865200728,578.6831660135553,10.674130995847468,12.860856467278758,351.7120313273505
137.10217664382847,358.9951969690511,22.91431937831436,22.70521789956835,662.1018451590481
121.81186648314983,286.85616161506874,25.47866480482481,20.610476615927958,742.1479708381835
